patient_id,original_shape_LeastAxisLength,original_firstorder_10Percentile,original_firstorder_Minimum,original_gldm_DependenceVariance,wavelet-LLH_glszm_GrayLevelNonUniformityNormalized,wavelet-LLH_gldm_DependenceVariance,wavelet-LHL_glszm_GrayLevelNonUniformity,wavelet-LHL_glszm_GrayLevelNonUniformityNormalized,wavelet-LHH_glszm_LargeAreaHighGrayLevelEmphasis,wavelet-LHH_ngtdm_Busyness,wavelet-HLL_firstorder_Skewness,wavelet-HLH_firstorder_Median,wavelet-HLH_firstorder_Skewness,wavelet-LLL_glszm_LargeAreaHighGrayLevelEmphasis,wavelet-LLL_gldm_LargeDependenceLowGrayLevelEmphasis
LUNG1-001,114.50414256821637,-38.043780611958525,-85.25270474603579,52.73990599187049,0.3409235537190083,24.58912643176456,1707.4635650224216,0.2392746027217518,14753930129.958334,401946.5011135644,-0.6544814346368274,-0.001622796294451,0.1410037736940315,901014323.5062488,1.900158889447509
LUNG1-002,104.43983498702008,-17.60224686640279,-74.65631453897302,58.63851735676205,0.327174515235457,25.656229851684813,691.7672015827654,0.152070169615908,8030956927.557377,10088.501624459534,-0.7681747749069123,-0.0050877679486125,0.1749053122478756,137127330.3425773,0.6854541630857096
LUNG1-003,123.29226745708868,-69.96288776769381,-87.96236791097222,57.37397138361678,0.2557081452568815,24.88969335939361,198.8265306122449,0.1449172963646099,6911421138.047619,85428.31163342277,-0.1278367969200853,0.0008337247661142,0.0502968604778511,183762681.2511504,29.63250680873166
LUNG1-004,128.73990094070308,-14.73288215586836,-77.03173153773268,54.284671168220655,0.2576476522690742,25.37208851766448,728.0172814031467,0.1877785095184799,13080634231.603449,191153.9529364569,-0.4681365752534034,0.0005105237145355,0.0813189708929696,1590017766.5031953,3.816316380746566
LUNG1-005,114.77133488804468,-33.439163491039146,-95.88685966199655,58.76435979364152,0.2541917638515101,29.060364322986363,354.8728923476005,0.1534253749881541,6689304488.416667,6446.407263891055,-0.1445461452307218,-0.0012651457366591,-0.0417086536179465,95048076.52660592,0.7319612988350604
LUNG1-006,107.12994874669556,-38.40307645303146,-97.3009795290222,57.36292164164597,0.2888222111646944,27.840134634147223,313.810663764962,0.1707348551495984,2609694750.1860466,75424.3585768219,-0.1009679632045525,-0.0037828152110417,0.0910989868940778,166780743.52464312,0.6632298719612925
LUNG1-007,97.16316319237704,-37.19279218760742,-75.44627589466212,52.44973409124307,0.2573944080904223,26.156112194595423,124.4354609929078,0.1765041999899401,2083702319.558824,55576.19809255163,-0.3561777175066774,0.0004505390920892,0.2284363337728359,426049270.6227264,3.9407996694136
LUNG1-008,102.35108800797316,-3.5943629158755,-92.50166576736974,56.31410052339911,0.2581067325868838,25.49958225225484,243.2446735395189,0.1671784697866109,1456079779.475,56998.31439601197,-0.3786843986007384,-0.002895994430243,0.0230609143438313,188780812.0797352,0.8854878900929257
LUNG1-009,113.38990158120644,14.705053322319964,-95.06485845046168,49.57823857903552,0.2554059895838206,26.153564736566903,495.4205378973105,0.2018828597788551,13859057751.472729,189529.4458731234,-0.7943481237268549,-0.0006358718714149,0.1461728962591055,1620009027.9417574,0.8370448010970236
LUNG1-010,95.43801177409306,-13.863940651495088,-83.23094809788104,54.68977328021381,0.2783977515617435,26.73113055335032,226.05529646902065,0.1506031288934181,1190023063.282051,47165.63882735648,-0.8500717640526927,-0.0005857967003142,0.117757101805533,96765992.03738949,0.8022158480290335
LUNG1-011,108.46777767511044,-30.83449978712969,-102.48431507086464,53.03723744028379,0.2759624328622438,26.939531994984748,511.0381978452498,0.2502635640770077,4321247521.813953,97655.02768520793,-0.6620805554597432,-0.0029770684076537,0.1622553657184372,279317821.5144739,0.666802684705804
LUNG1-012,110.4674367242776,-69.73444031042739,-100.68689511350074,46.7407483929715,0.3450820960894858,27.129565260313303,827.3380920009064,0.1874774738275337,6991222023.540541,30199.487138897995,-0.3927775524318639,-0.004321412888679,0.0681215218359983,88911933.04048634,5.72308071348338
LUNG1-013,97.20246152764746,-43.008711136283786,-86.13401381057551,56.11794021861095,0.2983606557377049,24.36161179155601,2091.8877540803046,0.2094610748052773,16942153324.368422,106511.59769471784,-1.3862035581888077,-0.0021728911196537,0.2450163257962246,924296320.97605,2.031746776612414
LUNG1-014,96.27948826067632,-32.30403539246943,-78.81726479341809,55.71127678135912,0.2544714613043329,28.701705289478763,311.3990692262944,0.181151290998426,700697466.0714285,53161.19825520242,-0.8750270040075787,0.0009402907241152,0.1473055450932029,38923065.71951291,1.5786603234534111
LUNG1-015,92.22752164653092,-49.31014885962446,-77.17490197212572,56.66590968276631,0.3069049454338918,24.15753972614997,1100.48398979881,0.1559200892319084,30453350528.45264,488888.093907237,-0.9968225084212764,0.0010256954499875,0.3062532067548358,1445369963.453811,7.280124862846407
LUNG1-016,106.17685387630536,-34.76542924884223,-87.86856560640068,57.64936230544426,0.3226487482853223,27.72000356031468,679.1526341703594,0.1671966110709895,10451242558.208334,8844.696956816937,-0.5418363372887878,-0.0021063043232855,0.1027234909042281,81797027.0539111,0.9584249796127836
LUNG1-017,113.0147417089676,-42.2322861131544,-107.3257537981612,55.32100219330691,0.251641387847656,27.387138052678587,538.2496772527757,0.1389748714827719,18363156290.97647,16001.99209238753,-0.0254344296353018,0.0001014376069645,-0.0751803540270327,992195233.0237832,1.872666244104736
LUNG1-018,112.44916250396172,10.17540098960452,-64.93550936744778,57.88011086272074,0.3323420266409637,26.169296562719897,848.556754326815,0.1907297717075331,20440306740.67692,14523.091502674872,-0.73364637158381,0.000453457318455,0.1424724487516854,585236766.7616434,0.6146377418940263
LUNG1-019,123.79196540819729,-82.105342012622,-95.31445831567838,55.16889949920092,0.2570189053592873,21.852045555472348,397.9656192236599,0.147122225221316,29538276443.17308,284771.19470469246,-1.1058997732447031,0.0005645605470457,0.3475863803215421,1564930287.916224,9.193673631967012
LUNG1-020,115.80635713457796,-35.99703244688897,-89.98106016485526,49.64865648472649,0.3000992699067225,25.797150043162304,749.9181787059226,0.1283666858449028,3331140315.698413,24780.95892023357,-0.7917692184886189,-0.0038387874290589,0.1849504932700276,38491208.07642973,1.348898792792956
LUNG1-021,96.97273960478744,-50.65064365663297,-113.4227212693114,51.40516656105181,0.2084927721088435,27.12812889993341,181.06896551724137,0.1274236210536533,8477729210.369565,3435.37388048846,0.0052582459456483,0.0008737359977553,0.0668244690304778,310700310.7785086,1.7747378089799473
LUNG1-022,116.55124903676764,-48.21942376192447,-85.5197918452174,49.78048317723773,0.2897049947185755,25.99605384063474,366.90935114503816,0.1750521713478235,5704363777.119047,109364.10223129498,-0.3128411175334705,-0.0002848495066111,0.0346077825202668,326784586.281185,2.582659935506861
LUNG1-023,117.77045521997177,-57.30976554936312,-87.09240589384109,62.53299937411207,0.3152183179366358,27.37916065027392,510.38337801608577,0.1710400060375622,6370222859.933333,121620.17518224748,-0.3393116742442317,-0.0030774971565877,0.1086483016182909,212589094.6113812,4.971670014349836
LUNG1-024,111.88493221194682,55.50404998733107,-103.04317182338272,52.49597027631789,0.2597460750477056,26.287283558178206,365.9037656903766,0.2551630165204857,18030983239.13333,8969.351304755335,-0.2578857853879817,-0.0038693342288967,0.0311057541421631,549700862.3102281,1.0797468036597369
LUNG1-025,93.56307344441618,-24.604574759457726,-77.9895486739059,55.54993010755934,0.2965761772853185,25.822523632741664,420.99770114942527,0.1613018012066763,7412349367.930233,12914.034071173164,-0.8958748005160082,-0.0001891078904979,0.2094014271945066,53825984.02086489,1.97228446674095
LUNG1-026,96.69122044726603,-2.8357947321753985,-80.66901251546494,56.05026485847539,0.2665195261474708,27.675342083240388,159.91741293532337,0.1591218039157446,990356430.414634,54119.13769069709,-0.0974968379970295,-0.0009369435105363,-0.3126112335200064,163664804.86834508,3.535809868707641
LUNG1-027,90.99881792263682,-47.43456375726485,-96.75616999000292,56.18549354296873,0.300275594552035,25.563013491776616,1204.618332801022,0.1923695836475602,18178140564.809525,445232.0543370571,-1.3667753474879674,-0.0025614558615821,0.3998196675907027,984172068.6441612,1.5433646816026831
LUNG1-028,104.64012974125636,-19.080725445394883,-107.10711547053124,59.53124044129628,0.2860724260535522,26.13782613583625,493.2475532527346,0.1419826002454619,7734679254.515152,8325.301957059482,-0.8872287569733938,-0.0036907536424898,0.1530720642600109,144955870.61379692,0.5674895329562057
LUNG1-029,95.8580452236436,-4.80409883384205,-67.6548229805328,52.26869060354017,0.2943876300837101,24.554510178527742,1042.0407576526295,0.1762287768734364,9804995618.608696,62627.28739953576,-0.6969959441111475,0.0003897361923477,0.1708168648796686,433077322.9958199,0.9846047827677432
LUNG1-030,99.03122032783642,-24.45594840059623,-83.12214527136963,53.76443078834598,0.2544968955441928,29.565887388611955,201.57142857142856,0.1523593564409891,1708988879.0416667,3735.944147525056,-0.9636209222819424,-0.004088736518409,0.6249551789424745,30359886.616972134,1.1759652715974789
LUNG1-031,105.93131588589448,-51.32380694109639,-65.87392254595797,50.22681976328119,0.2561409550045914,24.75354644427488,234.74106540795685,0.1582879739770444,4097570925.125,72014.4870223687,-0.1349706855772499,0.0016738712796069,0.0753714710888802,511686204.208083,9.871578192392857
LUNG1-032,119.3098619098549,-31.7058395626682,-64.72004008723732,52.88363608729743,0.2874781768187364,24.39492498049684,778.1067242442937,0.1600054954234615,22351231428.2,64196.96554366494,-1.0715953695279274,-0.0005476062632178,0.373366885083072,1288816657.962942,3.295783679778108
LUNG1-033,100.79684744141704,-31.25302487902628,-78.33127227164053,55.917384979323245,0.2695237428739078,28.8528742552832,253.66626865671645,0.151442548451771,1446301600.0735295,18218.186529812097,-0.6256311114111546,-0.0036827975007721,0.1446996622258942,59672464.94874874,2.155925842128592
LUNG1-034,96.6669790973028,-2.4228185314194466,-73.9124665299271,56.82247815982928,0.2990495875877316,27.59017409557704,299.5572519083969,0.163335469960958,1701588189.825,60933.95357110055,-0.5970965326344172,-0.0024856840975679,0.2055656562441279,58654651.863859065,0.8677862074884716
LUNG1-035,105.57933510057514,29.69526326627264,-91.35601199062684,47.72398605860912,0.2349721648839682,27.93793942536999,168.50631458094145,0.1934630477393128,6128698175.278688,134142.7477213202,-1.3697363245066343,0.0001435967731377,0.2517806719611846,1506063907.9256265,3.270304148234117
LUNG1-036,109.07850934144324,-36.02809661664622,-64.23215788999428,56.13526182296077,0.285528876902224,24.284371887979628,1433.1420549084858,0.1490372353274215,15011472325.55,101566.8919104051,-0.8339303659387451,8.562697918619577e-05,0.3286906820745123,923409522.0423003,4.552937404294364
LUNG1-037,112.91487634482952,-53.33933627973055,-87.96782349175513,51.376828661439816,0.2605133056640625,27.224992441637667,222.4030874785592,0.1907402122457626,7753218099.689655,136260.5746790364,-0.2690923605307651,0.0010480674555309,0.1477541583042103,1620290660.3939278,4.208456051541744
LUNG1-038,105.5629578936838,-51.013794389659786,-195.3525268009709,55.64158544164805,0.165221413574666,31.133710186107848,227.62055335968373,0.0899685981658829,3071231144.865672,1179.8866427946398,0.1949558689916744,-0.0008773986702203,-0.0901268977457069,129473356.03357232,0.6478858033178413
LUNG1-039,102.96196686953158,-57.477110231207554,-93.8007041608684,59.3564677147749,0.2612818280277771,26.092335637553745,349.15987780040734,0.1777799785134456,4591856587.472222,87043.94477960603,-0.5723039086771219,-0.0043194461276328,0.1878687067809147,94445799.90175182,2.8695038207651264
LUNG1-040,92.65074278349844,26.6039898545187,-86.98826449451872,56.00917198101662,0.243504760592965,28.430244295108096,136.32075471698113,0.2143408093034294,1907299815.107143,67268.74208982791,-0.5873976207376735,-0.00149005819701,0.3246892139730256,335883751.2905516,1.2408622851902371
LUNG1-041,108.34934917118638,-48.95416455556951,-78.45538355318864,55.75472276582089,0.2661518399972903,27.3590743383304,215.07704160246533,0.1656987993855665,5410635676.983606,121898.86240824463,-0.1384204597609956,-7.797339921363178e-05,0.1328922209485719,1045065204.6575516,4.057399829319115
LUNG1-042,108.5273947123424,-48.191593912396655,-83.42366220610114,58.57555166112553,0.2750226272588246,27.19206300755891,230.24208860759487,0.1821535511136036,2157673707.56,76479.22161968626,-1.074548522083584,-0.0016496144319786,0.1144739989291128,159276200.62643245,3.403301214259817
LUNG1-043,105.6732358408557,-33.591506435310414,-79.01888132263201,54.34826747563358,0.2517672973157571,26.90196866825162,341.5562372188139,0.1746197531793527,2397531922.311476,93760.3229478478,-1.0277519391672978,-0.0017964328817007,0.2624585252674503,162848123.84388793,2.1739603660103946
LUNG1-044,108.06273310949544,27.680593016653056,-77.19581834328658,50.39499155934432,0.2522499764351023,26.89020354820237,257.78401031592523,0.1662050356646842,5058940017.955556,145503.87188817293,-0.5721895719700606,0.0004401952187904,0.1840919554719386,1684298023.1273415,1.1591962111111032
LUNG1-045,85.98415960967613,1.2967603230453972,-85.98137305436093,59.21000118722929,0.3142451391800124,26.537091719072382,1091.3826397919377,0.1774028998361407,7063297249.865546,244947.35426161368,-1.0476886074935077,-0.0020408776795532,0.2186485587341782,559391376.8895664,0.4913763074183084
LUNG1-046,102.29438732234354,-49.569943818668754,-102.4697700496631,53.52144944848203,0.3210776406035665,28.471899395102177,379.9024495058015,0.1632584656234643,1556408749.8474576,16748.199786977697,-0.8059701499798206,-0.0024588530426244,0.2909186946485271,43850061.746516354,1.5550676211953176
LUNG1-047,113.64081445512213,-56.92885902632449,-77.0966110804223,49.94901828309741,0.253976,25.748728631532607,183.0408958130477,0.1782287203632402,12095466742.101694,177838.5133043948,-0.4805852262900762,-0.0002320484692452,0.1241535238694401,2511196441.203092,7.488913758627038
LUNG1-048,112.70309900606055,-48.15597582667285,-76.77004931219362,53.55425052756071,0.2776649075474234,26.904051583596832,661.9076647243388,0.1483432686518016,5081736513.361702,195064.95697895205,-0.9465128463470822,0.0008755088107422,0.2750925549755746,180240994.32354307,5.790930567448241
LUNG1-049,92.47012625903145,-40.60688561926482,-99.08486680366748,52.33181734677485,0.291483722953997,24.640839335933507,1540.1665024630545,0.1896756776432333,20479621848.33333,110555.96644118616,-1.1140029369606257,-0.0028687921208763,0.3273234528016566,1340323669.9830515,2.234495885789955
LUNG1-050,11.682217950539965,132.6504470409891,84.95697966141118,36.940259556393386,0.3090277777777778,33.478312858931005,13.947368421052632,0.1835180055401662,5688198.875,1297.8681790400658,-0.9489344562912206,-0.0354287257168761,0.3457976088562018,345566.8505050505,0.9379747038620287
LUNG1-051,87.4725990863044,-27.52930422215901,-69.7957366261386,51.34179264378453,0.3381677572873289,26.62410931131617,308.1041355256602,0.1535147660815446,1618805652.1538465,50769.382607384,-0.9393685182292284,-0.0026735277041531,0.2954491923180287,96356444.34602197,1.2959249984983727
LUNG1-052,110.70226087883174,-0.956111840019068,-80.14439200314483,49.7276314845337,0.2486847699011584,26.957920808519624,154.61372299872934,0.1964596226159204,4841075683.630435,110345.41536063731,0.1341392216963474,0.0001505417348678,-0.0668519819332255,1207643924.6726222,2.735116943025975
LUNG1-053,104.28445974998522,2.3366855085044804,-64.61585594861572,50.31642111311783,0.2824457908163265,25.296091674907743,403.7431289640592,0.213394888458805,5422949977.12766,111473.58178571338,-1.083079175318021,-0.0014203391618689,0.2687562517963809,831591366.3402883,0.8694633450047777
LUNG1-054,120.8285876239617,-52.31949095073118,-72.58705425081847,52.0333222934091,0.2720255860692132,25.302953700325865,395.6758845058967,0.1609092657608364,22906159059.94916,245601.1117108572,-0.292982130783289,0.0017055453398786,0.1539196511840747,1777566578.337683,6.438431453321306
LUNG1-055,110.5305115272008,128.9342182865339,-86.49554030119694,51.95852009738444,0.2502643928878313,27.24388029525803,203.79901558654635,0.1671854106534424,9871777752.309525,138406.183077241,-0.7329637864597599,0.0012378393547359,0.1557840147292572,2241271787.6864567,1.3499723836644195
LUNG1-056,95.07069939991725,21.12227285989146,-56.9307078636653,51.99236272293102,0.2427376033057851,26.13850846152872,357.1950549450549,0.1635508493338163,4026117872.2933335,126768.78153001756,-0.5379752230573698,0.0009183420191728,0.2979401739099683,1673504273.13014,5.371288325660947
LUNG1-057,115.37457441796369,136.85259742774386,-72.29634826898325,48.26884721913108,0.2628450342058062,25.617813795067303,288.3777526821005,0.1628332877933938,6317050986.316667,136975.34828989036,-0.9308118770195444,0.0008160631496939,0.1826169706046034,1623360238.7243395,1.6606481167563372
LUNG1-058,138.1392802683359,-57.26184602334009,-81.1430535939009,51.723490787312365,0.2310104085984997,26.730265050528,192.2182680901542,0.1140084626869242,18420270551.03773,218089.45545601603,-0.6840199076576563,-5.90088354096304e-05,0.0683094002004969,135401670.20915866,35.050583515162586
LUNG1-059,118.71744721951784,-27.43110718984641,-67.89380336118808,58.67760424554783,0.2550082145825115,26.85149177589797,536.4223130841121,0.1566653951764346,9326485378.384,52111.97239607471,-1.134252450077492,0.0007676365863782,0.2232606888472575,1376818064.9083009,1.9575865615047912
LUNG1-060,110.48090837987291,-60.28485904831915,-72.8202624881042,52.918397601303376,0.2365999344413553,26.251033915433645,362.27921009325286,0.1987269391625084,8464567007.84058,176602.54355423665,-1.177713896323502,-4.2550195073848274e-05,0.3388870775817948,1620017909.4027596,9.5495865200829
LUNG1-061,115.4819359768626,123.76692855857704,-85.22763007365593,48.23383230529636,0.2294968022428616,26.610990294291057,173.04575163398692,0.1885029974226437,9125667096.296877,160529.15287213447,-1.0725817587877735,0.0001147593875123,0.239643949888865,3161179879.465431,3.114691541255504
LUNG1-062,106.89935725329308,174.04198230080306,-63.40847562065121,51.90314868312935,0.2944964799510254,26.69341174884538,323.74621441550573,0.1960909838979441,13946135649.85,18939.3314360258,-0.6611396037959182,0.0001253254273718,0.0550290706630862,1735907697.429629,0.2957568343786181
LUNG1-063,82.20878534691688,-10.276236386998525,-78.8330460873065,57.74359511879098,0.3005194414613035,26.231637773556947,628.9269085002707,0.1702563368977452,6211395158.325301,201404.7049383104,-1.4026380655784376,-0.0010691049947059,0.1771552913631622,798395570.9360076,1.147699244424916
LUNG1-064,90.64466419114645,-31.21615915530788,-76.26758094240543,54.29659498730725,0.2299816454194708,29.41511003339557,134.83703703703705,0.1664654778235025,1191495854.4358974,43665.04182898294,-0.8662808505873316,-0.0046619254186339,0.2593099168379165,126325862.36404988,2.0693793162223573
LUNG1-065,101.13842730531236,-55.38473737934718,-79.79792173986186,58.95475926404552,0.2615948991178269,28.669173429422635,232.5318021201413,0.2054167863252132,3692905511.3703694,110468.46074599808,-0.1886298593661161,0.0003017325588172,0.0550368467615634,127671401.1829796,18.395705311608133
LUNG1-066,97.56349001472788,-0.8494159435546219,-74.93120206786796,53.86875619045292,0.2366256925207756,27.26091432453284,149.69039913700107,0.1614783162211446,1689661880.5,58745.17238498875,-0.8872635895300749,0.0008550182635806,0.285526070748717,371920136.9843478,1.1430648793098428
LUNG1-067,28.60687201392316,133.03703991048744,4.476641488225727,68.2912501949932,0.5353535353535354,28.059314839186943,31.471698113207548,0.2969028123887504,125619165.5,6864.739901896392,-0.6129737418097442,0.004283287916465,0.1607575677925163,65911619.84306096,0.5945588450277034
LUNG1-068,123.37059184118274,-48.54024730407036,-84.28920905697643,52.01080193920829,0.2797111840059895,26.95675436746361,315.77453896490186,0.1878492200861997,9683198160.170732,183096.09973144904,-0.8586662226741348,7.683354053705273e-05,0.1386712018413521,1677501366.581808,2.8356031723946806
LUNG1-069,109.5461014537468,-46.83515636835319,-75.30896868874935,55.10971097386394,0.266878994829723,26.41584092522632,354.98371461806903,0.1376439374246099,8482166037.015625,165709.7554926961,-0.1899044242061096,6.405137124073508e-08,0.1755023889141082,609479250.1997106,5.78938827737383
LUNG1-070,117.7569531414216,-6.612870490502029,-66.44084495601875,55.77791238574959,0.2679952155154,25.35777443913128,467.9276197335254,0.1685011234186263,12713965284.810345,181334.61928502703,-0.7875630904715778,-0.0009562255795699,0.2072103748001696,2603102549.1297703,3.4597236132264566
LUNG1-071,101.63627393577518,-38.22346803301251,-181.3918367752727,49.20194857638245,0.1712199626011592,29.62338377083799,202.1927927927928,0.1214371127884641,11371801968.405064,1514.2700230217013,0.4290492844925397,0.0002753419067103,-0.9009311157689698,233008218.3854921,0.4361345137914639
LUNG1-072,102.23909169702492,-19.691230370160536,-85.90241934766304,52.72463265025498,0.2422117202268431,26.309904170506,2319.5881649731023,0.3466210647001049,10425748039.4717,168463.65554045304,-0.3766159581824355,0.0002885144215974,0.1452012543670069,1609756591.159686,4.226759453511331
LUNG1-073,121.04285769819532,55.33932206896605,-85.16024714571533,49.2718269289888,0.2438781756963575,27.487583885920444,151.5580182529335,0.1975984592606695,6488006598.203125,140559.15483259468,-1.1318211828364613,7.070914526900729e-05,0.1788521196114685,2856766819.927431,3.9828765003683606
LUNG1-074,117.66002956753324,126.92855015793376,-83.23488892233792,50.64622304953533,0.2487933466993391,27.481668051019053,146.73435504469987,0.1874001980136652,4547000545.574074,112915.336725907,-1.1089596009609564,0.0009771918220689,0.1351190765212933,1642310232.8243928,1.190291277859639
LUNG1-075,116.3001355557636,-56.08617560499309,-86.78130652847294,54.27813177234353,0.1863239681798356,28.065093717672635,153.93466424682396,0.1396866281731615,22249302806.939392,14812.628935192855,-2.8052621660872537,0.0002577785943222,0.4361454215398773,132104066.61796084,15.66115429593131
LUNG1-076,100.91201532919771,145.3089986650336,-76.71471786253629,48.82421865024365,0.2624178379746018,27.24839123182743,196.8474114441417,0.1787896561708825,4713185559.616438,121555.20035295616,-0.954460453797843,0.0012815537117332,0.1640136788349239,1532515039.5929227,0.5677924380305268
LUNG1-077,90.66931717986112,-53.30524888606288,-80.29988748571368,60.00018664086304,0.287433360045494,26.79293226200361,597.0189753320683,0.1888105551334814,6329184385.0,217913.59523919216,-0.7950016601253777,0.0004791697041144,0.176566769695625,299663448.9654902,7.865314554624246
LUNG1-078,106.61873019354232,-44.89444282670364,-68.82902068947037,53.45576119420976,0.2393771626297577,29.654194604102145,199.3161290322581,0.160738813735692,6566814302.209302,2379.019089608612,-0.3970025624493305,-0.0007637526986006,0.0668212928563752,139161301.70326546,7.760086194859451
LUNG1-079,123.10628313203443,-68.4295627669356,-92.38397762529615,52.87836907289661,0.2413020044056304,28.734187349429323,130.12359550561797,0.182757858856205,6675871530.121622,149275.54031303953,-0.3734455049159293,0.0019645788909392,0.031662739402944,560245176.6949219,11.941157600260642
LUNG1-080,103.67130678236214,-30.04323605395489,-78.06400431828592,51.56457440442732,0.2627848696060772,28.0338190661724,127.54802259887006,0.1801525742921893,1571029775.8484848,49867.67701234649,-0.8013697552450851,-0.0052041379638953,0.1878967916604648,127795898.03055193,2.38485534421844
LUNG1-081,102.76789956695744,-8.154594060880873,-76.36198238776771,52.29256874025383,0.2882433831184133,26.194485277096263,255.7328714395689,0.1968690311313078,10936690377.166666,160141.34092947186,-1.5015013825346724,-0.0002961080097123,0.3521026829884663,2377474492.870148,0.8383521622931943
LUNG1-082,109.78135067388192,-67.33701822618764,-94.50139190805494,51.49180189767187,0.2420068027210884,27.878779788238667,96.22661122661124,0.2000553247954495,8344342914.81132,135124.01319464983,-0.1354900350056633,0.0003847036306669,-0.0947473630699167,826501142.567847,6.550317364983695
LUNG1-083,103.97429988729712,-52.7758676177337,-81.63801165470112,53.01393235403427,0.2712168739859383,28.61596223696451,165.29228243021348,0.2714158989001863,3555951568.0,65931.28135330083,-0.8518540100553164,-0.0036797057315757,0.1083728539590817,305456866.9824336,2.818993018852692
LUNG1-084,104.51619185348363,-42.08333955253268,-72.72756640342125,57.88908683409625,0.2303650872113551,27.44011405704105,320.4837067209776,0.1631790767418419,13174327439.113209,165755.63548466278,0.0850467603105475,0.0015017664463611,0.3532691231705796,1255729113.3497322,4.6682466124903
LUNG1-085,82.09347999315074,-26.316005029282778,-70.04093784041834,49.475991568300735,0.2421278760811804,29.93844142802021,112.94961240310076,0.2188945976804278,630181159.24,28756.33932520861,-0.8343710389421536,0.0038799825907008,0.3100001244720733,60433045.39900662,1.23713697000545
LUNG1-086,92.9054189970486,-67.89984022573425,-96.58524275957612,54.41412775453505,0.2881409605501839,26.506096143700447,705.4161226227646,0.2002316555840944,12420666071.247423,304152.366345721,-1.040417522606382,-0.0016099311794079,0.2407534322218049,704482469.129775,4.68341481166083
LUNG1-087,95.9657584530346,-26.51460739697061,-65.40962443078602,51.031075791067295,0.2253634304916356,28.37218357800413,177.7876631079478,0.2108987699975656,866417314.6521739,43118.13421194069,-0.5110356007391088,0.0002004200877148,0.1334927498085878,97421448.96877085,2.0044710414391496
LUNG1-088,129.94477788383836,-46.54349644713376,-105.0714101095436,61.53863367375128,0.2887189861367287,27.1882443322369,601.0936238902341,0.1617147225962426,57640458856.57333,42894.5490592111,-0.1077726008867699,0.000485031569835,-0.0619040664886994,1891337043.779116,2.326888021930833
LUNG1-089,101.7631432085916,-6.583247675519044,-68.94176411327595,50.41371695614082,0.2597506710060822,26.87873112545985,423.6482309882066,0.1722847625002873,6843512891.118644,31406.75148969028,-1.173538993588892,0.0001526244682783,0.3700198577321096,1117316974.6223905,0.624776098897704
LUNG1-090,107.5170113676942,-40.58210941771146,-71.27816274333458,55.14555972013228,0.2867284958447852,24.472078334385337,1382.6844393592678,0.1582018809335546,21562798498.132866,493621.1663090061,-1.154042923160373,-0.0019862747592021,0.2554713376411556,1114595274.8074677,4.0552781903837865
LUNG1-091,82.54553257043057,-45.11796112669413,-79.48948487820925,52.32619292448206,0.2783156336529629,26.279732473932945,165.41676104190262,0.1873349502173302,2261115379.0625,92463.87636404108,-0.154327847214485,-0.0002027251392006,0.0678094944053392,866451817.66592,3.614309310159429
LUNG1-092,127.71041276788648,-53.574538689395695,-84.73402950258082,55.54012665949024,0.255977077898963,26.77117455458776,291.43580683156654,0.171634750784197,11800897475.766666,212024.3269109983,-0.3279764549886214,0.0001343620343797,0.0766940117631326,2580460883.2084007,4.187480232844865
LUNG1-093,123.16770415254034,-49.88026495523205,-87.44965281611886,55.74284558158063,0.2320845923227877,26.97760832245833,201.3577673167451,0.1354120829298891,36086103742.73333,32009.80095039996,0.2528597582578792,0.0007676108946073,-0.0301474134802106,876955139.0570085,8.370772625200773
LUNG1-094,102.3167970301394,156.1988489319607,-56.0605372628681,50.10739171335895,0.2682551019589275,26.408862133860456,248.2086956521739,0.2158336483931947,3311874200.132076,86308.39584790802,-1.3613006965069143,-0.0003123043145002,0.2299799143896062,1158046263.9285133,0.5429822428894915
LUNG1-095,114.79678111207728,-7.876482139346585,-74.99427730732351,55.19878193800592,0.2651436261063092,26.02840544868881,413.9540018399264,0.1904112243973902,9996702861.616438,193686.9005814817,-0.9146386921524694,8.880662517748994e-05,0.2416493973307269,2194203450.9143023,2.2196223109684547
LUNG1-096,138.56867526833193,-58.36992381748644,-85.41822502937494,53.93660424043337,0.2565860082304527,27.25321875868495,219.7520325203252,0.148883490867429,17913953501.19643,217065.59193189035,-0.6614205375641935,0.0009503642671051,0.1975204199359421,411556111.1543353,18.09970021941262
LUNG1-097,93.98760542140862,-49.89483585094641,-74.5389323908355,57.44766851794672,0.2801024,26.57491654039809,787.7015442798613,0.248251353381614,4672094021.133333,140298.97684829857,-0.1214174465383416,0.000149644472068,0.0786358581446169,411722605.9728631,3.5347330867698545
LUNG1-098,115.79271315598857,-58.82263425238852,-77.68815926302192,48.583358435434064,0.2682377510697979,23.665959564216006,1291.1777686963628,0.2638287226596573,12830504508.77551,169563.33685509878,-1.132468681133898,-0.0006693712274835,0.2619981381805361,1517676806.4875157,7.371780710219226
LUNG1-099,120.05052448841136,-46.02746192307696,-88.09594943848764,54.21816724354089,0.3046487713003482,25.845242418613683,481.1919090605149,0.1608799428487178,13384549524.819445,51112.7776189181,-1.257343046775078,-0.0013471058573732,0.2950836668521334,1607994021.3748558,4.931530136585641
LUNG1-100,96.2881490635436,144.27511615234698,-76.56568260351615,50.77035178272176,0.2605127835447904,25.04418631552004,974.5139257294428,0.3231146968598948,7226389436.261905,119366.71950819914,-1.169054468178385,-0.0003285286702263,0.1594786519330287,1404325624.940352,2.3298602096807848
LUNG1-101,113.25880043835922,27.193241529477373,-79.17460712736397,57.44419268735547,0.2616064453125,27.437654948142782,225.89277566539923,0.171781578452775,7119310224.345454,132361.70765115827,-1.0934446407349814,-0.0017744154935964,0.3381874371441444,986291099.6707616,1.0035692682007205
LUNG1-102,92.3812918658499,-39.81131014608673,-79.65009498160359,56.58399737519617,0.291637101839486,24.606742125513183,1294.5669551534224,0.2037084115111601,14743070494.174755,351583.7749895402,-1.3331691892204025,-0.0022312449287342,0.2671413982558009,797274246.2810738,4.616125958625307
LUNG1-103,94.41417854512116,-35.837533973396525,-71.62078267637666,58.084286422019645,0.2727761354474604,27.63978355760846,216.8587528174305,0.1629291906967922,2533250383.185185,53918.584987998285,-0.7186174130137465,-0.0015392406928909,0.1439898909931986,110288330.38731328,3.3510418486146687
LUNG1-104,124.70132719689587,-63.00027939695923,-107.11237191340405,54.00597512169774,0.1756586145947311,25.99570069081836,158.06727629000653,0.1032444652449422,11211745489.51923,10419.710701541217,0.6968992679636098,-0.0007601438807102,-0.0205389342224131,155068924.92689514,9.37490280764376
LUNG1-105,104.3160045808952,-14.631957496277426,-65.46436616126316,44.96725408677744,0.2819267466912896,22.997748068496595,1001.935379644588,0.2023294385388909,8319247180.088235,181433.1300801334,-0.7074461552024724,5.866467384555568e-05,0.1929918007260771,2808713233.16971,4.0911392731430976
LUNG1-106,102.55084884805832,120.16664039210946,-86.59482624058101,48.64069480554812,0.2392920407576193,25.37329982532797,891.2095831710168,0.3471794246868004,10956005844.68421,142105.69057931445,-1.0063081071258857,-0.0003992228627789,0.1601071832929725,2055400679.378949,0.7023672020280863
LUNG1-107,90.84971325058773,-55.92836667823091,-86.65622416761141,59.20844855502469,0.2723360946745562,28.472106152037107,143.94368340943683,0.2190923643979251,5682609073.903846,110631.26407584516,0.1347430596931193,0.000174180211622,0.0391553836971231,749544142.3539373,6.244141445312804
LUNG1-108,113.93471436786898,-25.588244587786868,-84.80363154227572,50.99353674755617,0.2402198571564959,26.277256002227865,203.2658557775847,0.1765993534123238,12050418639.907408,166343.53073344915,-0.021336105220363,0.0002011959102234,0.0585706717109834,2043520634.414792,2.3064186449211777
LUNG1-109,113.03507415020262,-52.69216953653993,-74.99210150016647,56.44365049795558,0.2932837323428188,25.75617311667188,1287.2805662805663,0.276121957589139,8979573316.728813,40280.67023863909,-0.634415592096696,0.0003423407422313,0.1900533720504349,842598436.3778241,7.002251686482984
LUNG1-110,105.44672151590316,123.77087473989668,-110.21804816528208,51.669957280583205,0.2535129822814483,27.648761580461183,244.65737593473827,0.166320445910767,5587804652.375,125940.68653068224,-0.4837271640100989,-0.0002134958539415,0.0969757564774742,1392635428.4461362,1.876814891500203
LUNG1-111,102.6455059971558,-51.201845880479326,-82.61014690421942,58.59337435120808,0.2711641059231729,24.59136750232076,964.4037800687286,0.1380875973752475,47709791679.77273,39314.60979424805,-0.9704537225208286,0.0005437210583681,0.3312346142399394,505967372.2320888,5.7257539473936
LUNG1-112,101.99492768466908,31.093160179131257,-90.29555374720476,54.80961927756867,0.2625759677632448,27.58752903521225,238.18709677419355,0.153669094693028,5897004573.98718,142554.64254498627,-0.1872196570873776,0.0002003766884789,0.053797236103942,1292173821.0486965,1.1955274841253412
LUNG1-113,114.322029060528,-52.64503612948424,-74.29375516989667,54.30650088100236,0.274313891894791,26.098028556590386,559.4995891536565,0.2298683603753724,13302175759.085106,171717.71598611452,-0.4279148212795454,0.0001768528363065,0.1238387604827642,1530729220.3975873,6.654620343843398
LUNG1-114,107.07469965642456,-52.36461352075604,-77.28655463493394,53.140890559198006,0.2763912045852388,26.791626601510263,402.4031862745098,0.2465705798250672,11315811516.468084,153575.08085343882,-0.4777271890998524,0.0015418888912197,0.0947490357817461,1084456251.1414676,6.551245564748125
LUNG1-115,59.58244937469503,120.07752837016253,-73.37442420500022,49.67106152786403,0.3373469258931953,22.7820745673974,340.6847380410023,0.1552094478546707,3189552877.238096,53775.3130372344,0.2276753423864621,-0.0032374503604557,-0.0628048262057127,844588905.7868146,0.274766940773353
LUNG1-116,104.12842765306782,51.12633654044072,5.170844992884156,17.236707941343603,0.7520281233098972,25.94615904989964,3722.956989247312,0.8702564257240093,10540634655.4,114905.95956139344,-4.407816193828457,1.8919025314136919e-16,0.5818950198642315,6999096039.722467,26.00684679235705
LUNG1-117,87.65302044928957,-24.333697434367487,-122.4472959363018,55.57587882274298,0.2909252359964611,26.484295442688428,1009.9286569717708,0.1727850567958547,6608483054.257485,289033.95910197805,-0.7907789322554909,-0.0020148714846922,0.10152501376081,539593151.1558995,1.29886486437805
LUNG1-118,99.67629879831802,-39.15577691819491,-87.3652722101211,53.784658599662095,0.3051018696809957,25.435703431775764,1372.903863092991,0.1727575013329547,28448314961.4,469815.86442020535,-1.0715000683710845,-0.0015816853609196,0.2762578829264541,749607081.0283655,2.336644897192952
LUNG1-119,39.58367683350561,182.2504282375253,-57.37076738305792,54.32233096240276,0.197378448407255,29.149032628010737,71.53398058252426,0.1736261664624375,50429987.708333336,10225.113673946746,-0.717611645508905,0.0061023421790385,0.0326025833589994,42327473.38822115,0.2653128117970221
LUNG1-120,121.52298060498562,133.52151597462648,-83.63227429272312,50.92269659012389,0.2934946179873285,23.972815521671084,1507.6774697383837,0.2943532740605981,19068133786.860462,198398.31918826269,-0.7441513879253183,0.0015661712911687,0.1172393384174624,1926694453.1483395,1.037664715866328
LUNG1-121,70.60411861082727,-11.24825060092186,-77.47614089352142,54.42815944267237,0.1377022754045508,28.931037044427573,85.73005093378607,0.1455518691575315,54826687.02857143,734.6546446135366,-0.6719450767823746,0.0015931892549424,-0.1184004839933172,8760520.067846607,0.559236602510808
LUNG1-122,94.49573571798015,-31.259930228909624,-84.34490096729847,51.12786110283743,0.3238099424475189,24.053806725894724,2986.9937380413985,0.2597837657019828,13262620397.61062,352411.1229421177,-0.8873999182275929,-0.0021437170640488,0.191367321999393,1140301974.3364072,1.755394839951893
LUNG1-123,112.64381703230164,119.3672844125756,-135.8487966433295,47.98555695065645,0.2527743267711736,26.2759860476094,609.21613673957,0.1119676781362929,12276222479.751196,5362.479097249123,0.9691110818755386,0.0011391982300008,-0.4021386098322609,1024533026.0182683,0.5254921352469291
LUNG1-124,89.09860890430834,-31.90719015510742,-80.68712136525905,51.59079680274141,0.220941616233535,27.351101487101587,249.92601431980907,0.1491205336037047,918030120.5142856,40115.82408017336,-0.4067838051165419,-0.0014549678746098,0.1408280678830499,75292881.8918705,1.0874514856750053
LUNG1-125,118.98640008699604,-52.24153426859992,-79.47670500797857,46.89799591333053,0.2813202690190572,25.147826805860035,1254.701648783041,0.3283699682761165,12263027235.255814,159415.20338439627,-0.2288233944649306,-0.0002436963314788,0.087197430792473,1546084530.872023,5.367956432360526
LUNG1-126,95.92614294434053,-26.308731410826866,-87.6161302746751,51.75212379301139,0.2732974910394265,25.267967570026407,927.1033179336412,0.389375606020009,10884628155.0,9152.757344147229,-1.3679806124564349,-0.0007976096248612,-0.0470918877243205,1013460576.920816,2.4655204898408694
LUNG1-127,107.8751117078156,-20.18539457428644,-74.42707523927179,51.261555217818575,0.2878944251155301,25.958010968788685,890.9573690621194,0.2713024875341411,9779727249.142857,133998.12102235475,-0.2810992940683843,0.0003402050057738,-0.023288356384141,1199476229.9103289,2.320260326126869
LUNG1-129,107.11455452448423,105.61731196445324,-95.0899551708605,52.19300460769234,0.2414359504132231,26.424898705913247,657.1767104666968,0.297769238997144,7473511711.822222,127853.20949436702,-1.0830457648476408,0.0008162305697973,0.2425152294014397,1337085165.3375697,2.4904094023572982
LUNG1-130,112.71721644608552,-46.79637341086081,-82.81151889569838,48.936608134853394,0.2639153207758618,25.984512545228743,960.698559670782,0.2470932509441311,5126337576.042857,139427.29475970656,-0.5037200432003527,0.0003398280151035,0.1991187134927245,940501525.5683908,3.276812009259266
LUNG1-131,89.14986911280812,-31.386938662272943,-82.90264610493611,51.62685942501865,0.2917444234404537,24.39515563697471,2955.782412626832,0.3029396753742782,12891897843.179487,290597.3105122949,-0.9774442462520616,-0.0015286086232687,0.2216612226889245,853282272.5474082,2.978902434525922
LUNG1-132,110.31856310475048,-57.85543746933725,-82.04451327100819,50.6986840565238,0.2501419337933444,25.129742638457056,1410.4538989077978,0.3582560068345943,10650263046.954546,154068.5406522379,-0.3568671654283792,8.728224124524009e-05,0.1099405290247072,1642855625.3673306,4.93844600376315
LUNG1-133,106.95123379384398,-52.00310961818247,-77.14617643972737,52.36931997915746,0.3085146394799517,22.93927960259245,1445.5466358895444,0.1235826823877527,35368483749.14141,42739.86323921791,-1.456154731805459,-0.0001941003948444,0.2112250301479017,427866586.8955783,13.233269040387414
LUNG1-134,84.61215628676976,-50.26294555947446,-85.5222825074124,46.10757178768671,0.2857706421138572,24.287388573392512,3100.540319715808,0.2753588205786685,17485746959.716816,405603.468122686,-1.1056471364540554,-0.0025671397328367,0.2709600729579375,1200533824.4515,2.160774373120576
LUNG1-135,96.7245830824374,-20.368751422664744,-72.11414504958563,59.64500680201122,0.2613814756671899,26.73687959938525,128.45310435931307,0.1696870599198323,1241219328.0588236,39242.50252546186,-0.4557648962934467,-0.0004623847786417,0.1252897704730327,90474387.41383363,1.3743610037318246
LUNG1-136,116.30263379722952,70.81237834066442,-77.10508821549547,53.47212835993097,0.2728799568326299,24.797138815870568,639.2185551888522,0.2344035772603051,8001539687.25,153999.3637273446,-1.141821241710743,-0.0016254801249828,0.2737953251084253,1524474236.7053912,4.617292447455757
LUNG1-137,102.430625320763,-59.9886178360813,-83.4261711546434,56.89504726292052,0.2403862371394839,27.87527020516504,135.15195530726257,0.1510077712930308,1873609689.4848485,62602.12441479646,-0.337764213014985,0.0007716845881882,0.0748994831526012,258454456.06254703,5.4684334905944665
LUNG1-138,108.27093779749067,75.76994109462859,-76.85808425556598,54.19086951417441,0.2826539406339956,26.515723950887622,448.9435273675065,0.1950232525488733,15702236940.613636,43042.0730447733,-0.8528326432024418,0.0004487056782821,0.2751365728593141,1775386158.4771492,1.142085636925115
LUNG1-139,120.0571742937122,140.48484189777412,-78.25158439104291,48.590641472555575,0.2946237723928884,24.724876353191146,1777.5731448763252,0.3140588595187853,12708366026.5,205049.35500364105,-0.646171836853151,0.0010030265192,0.0523340593674267,2022619689.071068,2.26248822358502
LUNG1-140,166.74926322645237,-24.196942537243217,-81.79064987988953,56.10432288130927,0.289810781494809,24.2349111912522,1381.773454285032,0.16492879616675,8663234634.444445,297057.3693227974,-0.9636092887646046,-0.0007784525580416,0.2570917233500549,410331665.3495179,2.2971834502150488
LUNG1-141,160.20585628061585,-25.74614205295404,-76.03350241675037,49.97089019415656,0.2803886980325308,24.41422479441995,1759.7125191619823,0.1798377638387309,20629558792.736843,50553.491765685925,-0.658247791418568,-0.0011696165080125,0.1633879646398368,857200173.3349622,1.7317758808243628
LUNG1-142,148.10458517748336,-26.718560380688263,-91.94156239305848,55.987072957132426,0.3125051001646289,24.78346299392422,3225.2889215093687,0.2784983094300465,9209712774.779411,341753.42225108325,-0.9056885936421872,-0.0012932935923767,0.1708687661930662,627862343.9554284,1.3329872026192908
LUNG1-143,124.88451805574203,-45.76481587784798,-77.15596439890246,45.4002864779425,0.3027073631875634,26.50396111891655,325.3133757961783,0.2072059718446995,9734517784.307692,135347.67169504933,-0.0197639345529333,0.001526231450478,0.0114149260798337,1099587406.2077954,3.508042240240529
LUNG1-144,111.9036256238422,122.03030433384922,-84.50848422841845,49.51989252957871,0.2457594214855978,25.67116015563625,214.4775,0.268096875,6583366624.379311,150634.13747008497,-0.8450655321892715,-8.555109384986159e-05,-0.0102804853148027,1849033436.0496728,3.547781443670278
LUNG1-145,111.66573815657082,-45.49504892273618,-90.58337695236352,51.6166508067825,0.3037801703899318,24.99477060620153,3066.386927394532,0.2776015686578428,11514826662.390804,293206.92515451787,-0.6337896941220237,-0.0033789068666521,0.1824889487414342,478265260.10215634,2.252387961860628
LUNG1-146,88.91680398164327,-57.11086197873137,-89.876119846255,60.30649198011671,0.285589519650655,26.34908033589121,603.1758241758242,0.1744290989519445,13192535443.264368,299356.0461767807,-1.1697826498170285,0.0003739587120357,0.1793285829404176,433386483.3408607,7.178177457324251
LUNG1-147,89.36887590173558,-19.197387248211324,-79.87518343772727,57.556428801235775,0.2987685270186506,24.91357656921936,1749.6517139229793,0.2468122039671292,10846603147.52381,275226.2643389796,-1.054933612359187,-0.0021748289326783,0.2025659011808979,976195430.0528218,1.586104764470851
LUNG1-148,112.29032858530064,-50.02830102149701,-74.55772538387254,50.19922572729094,0.2717493351832581,25.03014576901832,898.2343096234309,0.2684501821946894,8044921369.046512,134260.75638076063,-0.5011808577946079,-4.108218367741877e-05,0.0780997596035648,992934094.0323204,4.311031447579243
LUNG1-149,70.16128175286052,99.01004303012424,-119.86363414619508,41.45309763932737,0.3959470394793478,21.651537743012245,83.94811320754717,0.1979908330366678,3529005307.55,98818.43602949436,-1.1915449260495623,-0.0009873603661471,0.2341296043970712,9291745595.591372,0.6252484073474576
LUNG1-150,113.44442634940305,125.19074405236763,-82.14499486970823,53.32139048721216,0.2576624212462417,25.52745648366379,934.2292562999386,0.2871017997233984,12932260921.11628,162074.2463474603,-1.0771688008722442,-0.0003492381906089,0.2111397065525221,1349706152.315456,0.8867131997805072
LUNG1-151,120.82096146927172,-44.67979690042125,-72.37614832690949,60.975915262977765,0.2723262528023741,24.206191410416537,1001.0211880438897,0.1893721505947577,15992646866.62963,59145.45693097407,-0.3028368839582416,0.00119711193298,0.313928842181188,1698687717.9674463,4.3786572428126185
LUNG1-152,89.61857930934464,-26.125483590765047,-66.70440723757113,56.9574665259462,0.3291748177748693,25.13207425509924,386.3925063659513,0.14055747776135,2049672472.357143,49965.56546961427,-0.660065647569018,-0.0035076607339991,0.1689772077052996,31938770.69952939,2.2511606620085884
LUNG1-153,88.81906461295502,-34.80759822347574,-66.36102644875201,57.58466876954581,0.2860401429456669,26.333820157337144,441.9365521510368,0.1367801151813794,10612887676.555555,10295.352550171976,-0.3018957228806785,0.00099709699799,0.2992059560990138,735686681.2312872,3.1261746241864032
LUNG1-154,95.89679299611558,-35.511644191436915,-67.63129299374604,53.96263900677928,0.2515426841370893,26.17122063445307,474.10717372515126,0.2048864190687775,27303419713.59677,14891.214288104527,-0.6293761502034152,0.0010730417670274,0.3032885349684431,1404291248.0167432,4.260386715134087
LUNG1-155,117.38074007345368,-29.34571280577702,-67.067145402148,54.22290872023854,0.2767208147462335,25.97902673822836,542.2664041994751,0.1779089252622949,6324651973.081081,148168.42436076677,-0.1393258926641843,0.0008579093068678,0.0991788537270286,1438594650.2663765,4.300372087305189
LUNG1-156,107.54919568184688,134.0206781340187,-77.20990387481751,47.35893272148663,0.2575419908486185,25.237239193008875,1552.352146647371,0.3744216465623181,6597843671.265306,125167.5174081517,-1.1741754106882811,-9.036036372606776e-05,0.2044656298283619,1399248876.3907795,0.7237198900820695
LUNG1-157,80.70668209247758,-41.48499829336007,-86.61840442268372,55.669528965634974,0.2919375624759708,24.6028766655852,3124.8617457527826,0.3051026894896292,16598904620.918034,295992.7124614135,-0.7784977627400066,-0.0026198221612402,0.1895870962353694,701965591.7081276,1.6563006122634365
LUNG1-158,42.62950404482509,-34.411730567482905,-63.97145179086109,50.07246497203098,0.1753327587857895,35.999370499421865,55.043010752688176,0.1972867768913554,7658392.959183673,8532.84275829862,-0.5847029579263836,0.0022329299588728,-0.0259965859069699,7180382.025,7.304546395032117
LUNG1-159,122.37038099705126,-51.76114751265992,-69.6817210893879,51.37238755739425,0.2802537431114522,25.670302839986068,552.3313069908814,0.1678818562282314,13380039773.74648,207992.799963384,-0.7167859065988996,0.0004701911128478,0.1147003214330585,1696253968.7242644,5.703125666940929
LUNG1-160,116.04427635934854,-41.545247135263175,-64.90389217629938,53.12058145903762,0.2542592930029154,24.198505422144883,1035.397024442083,0.2200631295307296,43399783104.84931,20806.965781833936,-0.4200631736845974,0.0012022143102839,0.3081974389778496,2032470389.859012,6.194335542221356
LUNG1-161,86.91960024058358,-52.88079730606624,-94.5130145647772,51.87174577744874,0.2868608511125395,24.20655181623876,5826.3246670490025,0.3712690159337923,18106256641.6044,376400.2361578784,-1.2741894923061012,-0.0013133891677149,0.2967796062117783,1153573455.7403054,2.708378953866447
LUNG1-162,125.55686529302824,113.90575864563824,-73.05010858926107,53.86400360015294,0.3059456143545898,23.91165561104826,1224.5742038854396,0.2452582022602522,14270388994.666666,182458.1986053568,-0.7453858425254739,0.0003479316748447,0.2008782641598506,1850639838.2251043,3.604081826162594
LUNG1-163,132.64913593913025,-14.517905528889017,-83.93995086254282,51.67788339515104,0.3127723537987855,25.32626094928953,1806.6942468488703,0.2254703914699701,7305445106.813953,235263.0851194104,-0.8222647617322733,-0.0024708003157182,0.1589632111767646,353611505.20075446,0.7360484095476983
LUNG1-164,111.5972989461364,126.55433371410312,-89.20998070555997,52.14444411425357,0.222641010381538,28.14109418085704,121.5207100591716,0.1797643639928574,4994128157.345454,110113.60715426791,-0.6591459871180104,-0.0006235168640964,0.1501608633203339,1367551955.5620809,2.2994341975154624
LUNG1-165,112.08250291020155,-2.83598809905841,-65.09914236600557,55.73908661350136,0.2249903295326862,24.46065528148319,968.965744400527,0.2127724515591846,25964355621.5283,25493.8742947935,-0.8074269739315367,7.279269337552227e-05,0.3620219722314981,1783326695.554891,2.557688052349995
LUNG1-166,116.63629958342833,-53.31286051756035,-85.11294505754626,49.52387173578683,0.2464176408106939,25.92086510060565,246.6870026525199,0.1635855455255437,14515254363.345455,189457.59104991067,-0.5264193688093711,0.0011393251771636,0.1210359781104373,4223113703.165398,4.292202803864404
LUNG1-167,123.2270147921608,-47.01713719096017,-78.5370140771948,54.79630042824456,0.2627392821046664,25.988005165521592,327.90277078085643,0.1651903127359478,16255131910.450705,220838.8511241552,0.0240826985732311,0.0007886999394888,0.1646682673451663,2499406020.5024133,6.5708337344811705
LUNG1-168,120.17783063768805,64.84231576557764,-73.67328372678598,48.7840301449216,0.2575852898281335,26.107128902819824,176.0806451612903,0.1775006503642039,7336752887.38,132172.9504583235,-0.6680352814639146,0.0002553292402734,0.0794652745635209,1838479346.27444,5.5960127390742125
LUNG1-169,109.958424204794,-34.77718792686342,-71.1072354216192,57.6148887299559,0.3066984164033324,25.01048210669268,1375.0951359084406,0.245903994261166,12832455621.578123,190453.6019213228,-0.7672777926199599,-0.0014779739216994,0.2171431828629523,1294382854.8732548,10.065369994290364
LUNG1-170,120.6246031258786,89.04312328868617,-100.61216526844782,47.74422554750739,0.2467296689324661,23.64571498333209,4538.423813029076,0.4175951244966025,15512584726.257145,230905.0868242448,-0.6269820034699974,-0.0010781729979789,0.1266103146824827,3299088892.5016966,0.5635484557396139
LUNG1-171,125.17772608462889,-50.71677009032917,-73.65797769329957,45.7633524386621,0.2729928191813055,25.387525557923105,1188.4567112144102,0.34528085741267,11538450156.23913,158688.95040532883,-0.4947989267466815,-0.0011159794792138,0.1476958131607524,1600852217.556976,4.174427636048216
LUNG1-172,113.20156305712368,-26.092658450487267,-67.98521020597099,62.12030546105418,0.2754009326792895,22.41672267912366,1174.136936204795,0.1590324984701063,14843644746.819277,246855.93004517548,-0.966520241669736,0.0003826622429513,0.3272225018322173,2321106263.199018,3.0951179511001534
LUNG1-173,107.04850727368816,161.3350079490971,-72.45005094298891,53.22753320996242,0.2668033316115702,26.55437228878624,554.5706907682376,0.1790092610614065,15824989118.907692,24755.91275198505,-0.7652429563334113,-0.0009501330669536,0.1640437951308694,1415659658.0074434,0.5948626975547044
LUNG1-174,109.36693872883164,-36.42394497955194,-72.41466712991632,51.04860170276116,0.29841344677865,24.133389247180386,473.3998223011995,0.2103064514887603,22628208945.23077,212675.9152951678,-0.2899123921445939,-0.0006594240717927,0.1420394111334444,2215068545.5327177,5.346782252887531
LUNG1-175,114.20953621967828,134.65748858821786,-73.59118774021358,52.27120615006802,0.2880497777777778,24.466711615291924,778.2104109589042,0.2132083317695627,11185421265.212122,184817.6457502463,-0.9571713478872512,0.0003458835065558,0.2098518436468372,1805573785.82194,0.6499051572377567
LUNG1-176,92.48582953197048,145.6225490822896,-73.98356759435433,48.15571890805825,0.2683689011046725,25.80380714292488,845.5165257494235,0.3249487032088484,5031605668.555555,103387.81519392424,-1.0094857823276342,-0.0011537585526641,0.2534918508561924,1321415226.909976,0.5935406457258184
LUNG1-177,112.95704035307944,-9.216101120911246,-60.29360117830764,54.52704959071794,0.2704985822306238,26.27413241604088,324.4469525959368,0.1830964743769395,5740425868.384615,35135.765034026284,-1.1895287212261143,0.0008574102519493,0.2371954893384678,1463922669.5246832,4.220703401254377
LUNG1-178,112.56424667252097,-50.66864328828849,-79.09412656384977,48.63333918847994,0.2545481481481481,24.93944553451191,697.0966037735849,0.2630553221787113,8034417815.571428,159919.40216431135,-0.0647205002533931,-0.0012854674020077,0.0480426891232103,1389077077.644303,4.599219446149668
LUNG1-179,82.95732468064926,28.61341190762532,-75.96740728897869,57.93908241179324,0.3131547733295038,24.910009238497047,779.9673858504767,0.1956767149649966,5337850473.525641,40629.90299525037,-0.4506312074695801,-0.000786790701901,0.0911923748288647,1532302771.1100335,0.4318152784528121
LUNG1-180,113.39545920939102,81.59972009104335,-92.60706428458715,41.912988515138615,0.264959420153875,23.27586767196616,4519.894690108329,0.4013403205565911,18931546106.55556,181775.4776370621,-0.3899850062591856,-0.0002706115326974,0.0263738959326941,1914343051.965325,1.304885990972495
LUNG1-181,116.36975784980612,-60.04316335638906,-89.73418904636173,59.60913365586818,0.2827578157349417,26.987531491484315,1162.314807765512,0.2212247445309311,11844487841.491804,192982.178001792,-0.3469950215918366,0.0001824707115694,-0.051708015390083,827412406.2693291,3.517766057431141
LUNG1-182,113.313124489351,-59.93708604966277,-75.8067841199962,51.7207867372673,0.2599991055589511,26.77768634799329,137.08805031446542,0.1724377991376923,9881414464.38889,148412.91144797718,-2.164110756957044,0.0018669376809645,0.0908534544213762,562101359.9417413,26.076842039229465
LUNG1-183,111.263914090576,-53.72104925409536,-72.05219940919895,50.96633609353341,0.2513874510794092,24.58614012381388,509.4603621730382,0.2050142302507196,9520777139.040815,149900.44136955545,-0.8897542817994489,0.0009135834709148,0.012490661307399,2547420264.9571505,7.199260605029701
LUNG1-184,124.63000297126736,-48.56315373773116,-69.89910749647548,53.69981446950155,0.265193270107275,25.1085874113591,472.4808454425364,0.1560372673191996,12012454130.103449,244617.2630583655,-0.7978046548581529,0.0009303536417626,0.253556192035007,2214833055.9587326,8.40728440395763
LUNG1-185,129.15589069978083,-54.08015828850687,-74.23406852471551,55.74052513774704,0.2885319514286708,26.601139321201725,377.1701477330616,0.1921396575308515,10898009455.0,180705.7436905802,-0.7328392664613175,-0.0001331735232507,0.2283913874824703,1596747858.6290948,7.617048994313408
LUNG1-186,91.07164632681162,124.97763522428284,-80.44143046217364,47.42476089677542,0.2632624229643128,24.835588630233048,2410.35074875208,0.4010566969637404,4296425120.152174,111176.03154284752,-0.445099745726825,-0.0009883850188276,0.1282268790605487,866339326.8552549,1.5967828659056884
LUNG1-187,88.49260720732948,-5.5257419051062895,-74.92539278570885,55.68576088952018,0.2999160959518089,25.68252214824554,920.2184466019418,0.2233539918936752,5863913845.256098,199997.5652805592,-0.8463207794104886,-0.0007276375675089,0.2052262097764568,378597931.3473381,1.1595911945236832
LUNG1-188,86.77313169400648,-22.20376928684541,-86.91401284500408,49.04906479558856,0.3228227648967589,24.04368379003327,3367.6656797004266,0.2932740294087282,13737530624.40404,341273.60986124206,-0.9407478479582708,-0.0023255676966792,0.2581827921181691,799978286.0458717,2.5131968986029616
LUNG1-189,103.30496648193582,122.09486014782604,-91.89154272380368,48.58145365981972,0.2654151426216947,23.37576391971801,3217.1330254041573,0.3714934209473622,10122478689.6,135642.5716213566,-0.6184854035644558,0.0006102352245205,0.1207394507651608,1334892269.8814611,0.3215374544762846
LUNG1-190,103.61391248222203,74.83437214713888,-79.41250495903675,54.85262997741808,0.2381207081699575,25.471341314706105,1266.4670380687094,0.2939802781032287,3354187690.8405795,120209.6406632241,-0.8499272602346882,-0.0004038000100964,0.1734297497106721,726371360.4539524,6.445134761968909
LUNG1-191,115.5913633278721,-43.286392098813145,-70.03747294248174,53.59788153488634,0.2876951948982327,24.33347159144886,1288.5911139729556,0.2074357878256528,16280625535.178082,235446.4660056715,-0.489187312524226,0.0004948985414166,0.1375046298610673,1619276680.7833033,6.640853106915949
LUNG1-192,116.6519793305985,-61.18604256422763,-80.0588401785848,54.06329329356299,0.2596819526627218,23.762027064222536,2268.603606453654,0.358842709024621,3726849809.103896,118877.12698079228,-0.4342402155459087,-0.0014906795614897,0.0547270820285303,664196456.2397599,5.671528194390681
LUNG1-193,112.69523938959948,123.8449397216728,-80.53777381488187,54.53929467615824,0.2321669051426647,27.03711947993333,759.5288184438041,0.2736054821483444,5963941092.791667,129021.1542303619,-0.8913828301075988,0.0013293362886906,0.1164394112204783,1233585968.451003,0.4688737371393377
LUNG1-194,109.44124452661424,-55.7417744036645,-81.48760842451885,50.56777042970782,0.2481727453571598,26.67215496930916,1947.050705118048,0.3085169870255186,7527062388.703704,167640.91162999926,-0.3710688915483772,0.0005288593071898,0.1031497626165682,615319908.9109014,10.472148005669666
LUNG1-195,68.17237344956129,-33.14780792676727,-81.20927425491772,48.91472600794757,0.3347100628718226,24.955333327952577,2030.2620540019288,0.2447278271458448,7003026072.195652,230417.0937818567,-0.8495295119790642,-0.0024901134268052,0.204182216767199,528691432.6375138,1.164551047330862
LUNG1-196,102.41857495053378,33.31803002606803,-75.9869415816089,48.06874303352452,0.3219677334236593,26.03079513615852,2121.442415944013,0.3227510141402728,5329668058.714286,114965.66670618996,-0.4359266647206091,-0.0015699324226792,0.1534382548855631,407672805.7343863,0.282777194658086
LUNG1-197,111.85251015987016,-49.862562665011296,-70.22671596008394,56.2608654771752,0.2450432352170495,24.867429214303368,189.05003474635163,0.1313759796708489,23159383715.339287,13979.020758837296,-3.443940864312092,-8.104177771498314e-05,-0.2364729627721772,128575573.28316136,50.55998476105126
LUNG1-198,125.94711241546274,-63.55243775216023,-93.93253532166015,52.20690581815992,0.2550085331491574,23.9691109052542,3117.166175024582,0.3831325190541522,12732177170.69697,147591.70901798093,-0.3597822298571747,0.0006246465353967,0.0046759941450553,1080457493.4833183,6.983451861432694
LUNG1-199,104.27054749780588,-26.6044896068601,-74.1498007413516,45.75952534864794,0.2569929691725257,26.870331566207565,526.9912663755458,0.2301271905570069,2565398261.647059,97573.40853093662,-0.1126879342992909,0.0015254849853743,-0.0030690582654278,634274219.5324887,2.780208981308618
LUNG1-200,152.82953170498126,-36.060782502431856,-76.69163005647883,55.472575320624,0.2693585549841108,24.943853817652183,1249.921096543504,0.148977484689333,17050258963.439024,371555.10229145066,-1.30508615919528,-0.0019268411547633,0.3234711113275517,281954384.6231954,4.3561932190634645
LUNG1-201,116.9348902763921,13.441994203965756,-79.7720284898873,41.02352649465573,0.2606807034278313,23.72624510003829,4133.556382079459,0.3494130500489821,9368265308.80597,186698.8725640665,-0.5720130946101522,-0.0003971781984712,0.1328238656356813,1190399455.2702074,1.1682081605359855
LUNG1-202,108.91421716117654,-52.946336069480594,-76.39276962032872,55.17682786567381,0.2466963516230968,26.64935529025223,145.57708333333332,0.1516427951388889,1657826555.1052632,49286.606559446576,-0.9453312879182432,0.001163913238797,0.1498052977707759,168014788.3586345,6.962300333789254
LUNG1-203,105.29568675657548,-52.416706422913805,-80.430813932171,55.9574642095572,0.275670378954906,25.35787056431124,941.0200400801604,0.3771623407134911,4395286416.734694,102965.58470605522,-0.0930010536213541,0.0005460844218044,-0.0010719826013,641071126.8182594,6.079535912276341
LUNG1-204,100.9543116667286,-24.817826933780303,-79.64446519840264,48.1564843817164,0.2896871789421475,25.681672154323444,355.1921568627451,0.2321517365115981,4302491351.653846,72279.77857350223,-0.949976377315989,-0.0011424730823134,0.2270191070095317,440033995.00924414,0.8278037068958709
LUNG1-205,95.86270468766035,136.87448549054815,-75.76784157908531,44.12827322878677,0.31354704680278,25.679212305297447,1735.4628457783404,0.3137701764198771,3209763610.214286,97507.404322887,-0.5632763144617681,0.0011918052686261,0.0839597780857611,616085517.4434019,0.4575239389406471
LUNG1-206,110.526725337757,122.90726741394064,-92.69600158315122,44.5828755937412,0.2677021455149478,22.688479774619644,4709.603234298608,0.3542386787738705,19624204284.2,185245.64696208807,-0.4642200840814796,-0.0008419780204101,0.0889264013576839,2314116310.811194,0.5191120855907458
LUNG1-207,140.99271263492108,-57.746502290783376,-79.33065342931044,52.93682814502549,0.2626828598246377,24.57138953143969,2017.876708122217,0.3098229246310789,24867095652.895523,274985.4248240508,-1.0055359660259595,-0.001075794462657,0.3133690139663948,2212623278.732784,7.861198896422987
LUNG1-208,132.68567129984666,-19.4107342701292,-67.96472664049752,53.57270645599269,0.2797138737968024,25.92109285475025,862.4300228600457,0.2190576639217794,19136000348.853657,189123.6154940752,-0.7788089849968273,-0.0005255653305308,0.1483964318447658,1410783284.6956985,4.580475897871775
LUNG1-209,130.2266459569754,116.26542545678574,-80.65693605568721,54.00754362144944,0.2733039669978325,24.375444685466764,2234.033748960931,0.3714104320799553,17036591491.836737,200395.1489067393,-0.6207712136335424,-0.0015848450058309,0.0867810709868655,1990215078.7377336,3.351292199950477
LUNG1-210,34.683941101932255,192.54755375899248,-36.21988014362885,53.84186936294208,0.2877777777777778,25.18992636187927,62.63730569948186,0.1622728126929582,1014706029.8,15114.372487359444,-0.3005501115808733,-0.0033865931006701,-0.0585610217730948,411200967.4672944,0.3762018401442157
LUNG1-211,114.47102888379366,106.1977740279982,-78.49760111281898,51.730692330061466,0.2860470495245692,23.62081414169097,3102.453399180414,0.3259906902574775,5862679436.888889,154710.11887833284,-0.5750169688922052,0.0004792520950159,0.1320417660676797,945246410.933394,0.6263679285951111
LUNG1-212,121.49800002898562,28.521998722823984,-71.44231010731048,54.647799304492274,0.2861766912280871,23.886326611825343,997.7638684339717,0.2449101297088786,11450733555.43662,190245.28901074443,-1.0420124594971445,0.0004511105661882,0.224791491720191,1834712334.61712,2.034127954305896
LUNG1-213,115.8394751353559,86.4007704057682,-81.05893619998939,50.5449568993839,0.2732032946410273,23.699503739748064,2743.9677260408967,0.3380103136290831,11123400839.309525,150374.46353874696,-0.624456249659757,-0.0011533225151932,0.1871569315492038,1289603014.488993,0.4520663307746846
LUNG1-214,115.01200947039769,-7.345212503925985,-86.68587509798442,56.5914762281059,0.2800612787605503,25.714659969570825,1397.6665285832644,0.2894918244787208,7139495302.3970585,154082.7796827685,-1.3253870000476096,-0.0017769147318096,0.3368984559991281,1084458375.2112536,0.9190977855213546
LUNG1-215,100.81193644137964,-13.61716406620224,-68.5743778973495,48.441605192313766,0.287577334897761,23.90683857963021,2142.22038637519,0.2722700033522103,8351386798.377049,38055.3875184083,-0.8036465093223025,-0.00104024209426,0.1365786211697479,945991417.5021782,2.374574530176434
LUNG1-216,117.53107648732666,-59.61407179825942,-79.29034150085894,47.17457242975952,0.2405024806180124,22.617834822793206,179.43309499489274,0.183282017359441,20980785482.692307,192736.11920375665,-2.0541119204480207,0.0003480611044701,-0.0532412069648224,226680554.5512924,50.598514538982165
LUNG1-217,109.42011760948664,12.052866244399288,-68.48338699187265,56.32638073196845,0.3021081201665675,25.17944676454888,1032.5233664622542,0.2183386268687363,4138481966.71875,121179.0103471704,-0.4251971811177805,0.0008236186881472,0.0604200439872729,476358044.9357366,1.3546228904868725
LUNG1-218,90.41879971590711,48.521811680147856,-77.05905764842662,54.596472231630095,0.2928055555555555,25.583566567450227,1482.7891262135922,0.2879202186822509,3306502459.571429,101791.49256351504,-0.4317198270602826,0.0008858784318626,0.1221665193037365,484764443.6320774,0.5943307858410416
LUNG1-219,48.61713014483224,42.36483292526905,-59.32093394088262,46.55795690281291,0.2326114119117034,29.9362040287202,58.706586826347305,0.1757682240309799,30210644.09090909,8629.32544878434,-0.4559367454810044,-0.0043434447500789,0.1249851798415147,8233566.348697395,0.2831631890813004
LUNG1-220,113.0460454491558,14.553975556596946,-70.0108129006584,51.38947129301105,0.2906146112991119,24.54925850045648,1937.3380974695408,0.2269608830212676,8280848463.0375,178995.42199776103,-0.5178314664973056,-0.0019560881574402,0.2380737296591226,1295855610.024382,0.7573967037659436
LUNG1-221,110.21660903319165,-9.79970480177986,-80.32213572222459,40.93097102092994,0.3430688774050838,24.064835460170844,2905.355084110147,0.3112991625533212,10198566002.513514,201185.5168392105,-0.5215119114284121,0.000110862161214,0.1056661381595585,1339779234.328649,0.8874205838659847
LUNG1-222,93.77279959957951,-38.534838917931445,-78.53404314053786,56.12594034073315,0.3417075578537579,24.34845527039771,2401.119590540064,0.1695107370660122,55359731855.15045,39008.29248333299,-0.8584202653771559,-0.0034189712686785,0.2471911181933254,640243789.6819204,1.5872525998446838
LUNG1-223,121.187342904877,-47.50550025631473,-72.75784216004163,43.69294065679049,0.3338280141879243,24.52281807022888,1844.5271232010125,0.2917170841690672,23226554323.68182,14773.1371154574,-0.6690055422868094,0.0007900104023487,0.1547701929717574,1148367490.6315,5.00074499535567
LUNG1-224,110.00144589206234,-5.2687087774211045,-69.13099504395062,52.127198217086885,0.2899188750676041,25.937619727421684,1847.968805826577,0.2539465172222862,7615828352.782609,161413.06755355006,-0.6500664506413983,-0.0001026943152859,0.2022206062400799,815953259.1840855,1.4311392769093838
LUNG1-225,121.87578910087254,-55.69099894877127,-89.4652198085126,53.637775902072455,0.2593431821231049,24.60643207643431,2768.653033817605,0.3380116022241002,6139543799.012987,153045.77284151653,-0.5707849177480326,-0.0007957216598367,0.0750347088880087,943870734.8882136,4.343899947718187
LUNG1-226,104.60214564096492,131.52965047765858,-79.40588534836111,45.71818643129662,0.3001187670845509,24.23763516268585,571.9143633892161,0.2591365488850096,7545375608.803922,126209.27216557738,-0.5118687275363559,-0.0009789530676562,0.1282025692568563,863404457.2216233,1.927445545092556
LUNG1-227,112.49917654957616,-58.6882559062586,-77.77624750497701,57.66252188643625,0.2684082892416226,24.35575910195731,1231.0638403990024,0.3069984639399009,12968608313.90909,167390.6753724885,-0.1355818648677986,0.0002779581339807,0.1530466937292602,1172175102.4806192,15.360966615218778
LUNG1-228,131.8922497582798,-3.514480822794196,-85.13421110336797,46.52363560203257,0.321761799874925,25.21224673323305,3392.522247426278,0.2959799552806035,4782565623.175258,51980.23292474443,-0.744755137907162,-9.432561388848792e-05,0.1480445732152714,345898991.7010616,0.4970627852764079
LUNG1-229,75.9475870984423,52.44745033741105,-79.98946819420368,50.29818305445816,0.2666462605856545,25.923628219125003,1626.4773887673232,0.2965859571056388,1191714741.589041,82903.59036024961,-0.2202797483717544,-0.0031808501742554,0.0339389253529363,312018835.8711285,0.3165229568461248
LUNG1-230,105.75703923033896,14.867072484061229,-83.38035933862794,55.61599621450232,0.3027731898343012,24.77117722336435,1798.1347802298012,0.3279472515465623,4862625535.561403,116939.91338814044,-0.3854750601502768,0.0013605606591308,0.0620904282235203,938368729.762322,1.991382787522588
LUNG1-231,112.0067882498947,147.24529808255886,-69.9297725570138,50.69165998619739,0.2741746283000735,23.8482955382481,651.562980030722,0.25021619816848,6425178429.844156,144156.97580874214,-0.6460257080477733,0.0013815922341383,0.1816279973776358,1824264783.9460664,0.6975562254582389
LUNG1-232,117.05093598584874,-34.04346653975593,-73.93488436617513,48.863792749870704,0.256682654001781,26.730325183987794,503.084799278304,0.2269214250240433,8692227291.16949,160956.18704800648,-0.6737783273691913,0.0003778879553491,0.1264452806669618,1756166713.6452737,6.226529813394907
LUNG1-233,128.2139318144236,-55.37172854155313,-80.90492141806386,44.81389145276203,0.2751338127162629,24.34113083915033,3589.3174284279257,0.3605542369088825,13686678052.051285,174876.17244671812,-0.2624852558310215,-0.0005052378282791,0.0973387802284871,1317566858.4318385,3.716725415173334
LUNG1-234,107.56119298087984,135.54458690297014,-66.90542604287613,39.49056345389543,0.2710020552378736,24.68444666583749,2261.166521106259,0.3291363203939241,5468793899.85,125414.52317589275,-0.638361141861868,0.0006103314978406,0.1399486034556643,1366643791.6371129,0.3926254555925258
LUNG1-235,117.64825399475008,118.62478313343148,-77.36123705953666,46.53074020079541,0.2543479095481245,25.98406878770025,953.2776559072393,0.2987394722366779,6082880423.31746,130675.08377305402,-0.408778867913943,-0.0008895603074866,0.0883409027807298,1152422784.4110315,1.0930306123769813
LUNG1-236,110.51260089214688,146.04044200685613,-70.18438792107611,49.20202692243037,0.2519820845462168,25.74671479195557,448.9593544530783,0.2683558604023182,3230680140.5882354,100026.43479004643,-0.6800957407089817,0.002936359155801,0.046196283857015,874880876.1516266,0.3874526388445299
LUNG1-237,130.07297487266018,-0.5713198680324978,-77.75874391634741,44.77778546927563,0.2584589908732945,24.381180775875265,1101.5720127214902,0.2502435285600841,8303913037.423913,182385.6142615184,-0.7195264438920389,0.0003048193381959,0.209705396291563,1725986451.9811866,0.53167444126449
LUNG1-238,105.50664694164944,3.937912173939713,-70.82700077440795,50.34746371712436,0.2712753651926763,24.826974149441664,626.1083808688021,0.2747294343434849,7238192622.09804,126364.65260313464,-0.6643337095573881,0.000271833246493,0.0909702624435613,964551792.489502,2.129880960572505
LUNG1-239,112.87599566321512,-61.09520272911804,-81.69225978858842,51.53351260927011,0.2587298454842684,24.39968083789384,1008.0380176510524,0.3421717643078928,7257695738.310345,141006.302063314,0.1045593970039623,-0.0001042522956616,0.0774796509814265,991014687.348103,6.847985243773829
LUNG1-240,117.1383773749051,64.3867701092224,-85.51258018336539,47.0664571577764,0.2426912725874663,26.27782555762897,388.0735586481113,0.257172669746926,16224597243.67213,220225.2740821235,-1.4472772358567765,-0.0003974389446887,0.3828821800546285,3227307026.102741,6.181859404566965
LUNG1-241,120.76462813615194,55.26145572235665,-66.90697296979405,49.92695378608385,0.2635999104013326,26.134379540840293,399.8078725398313,0.1873513929427513,7356317312.296875,147641.40943395585,-0.5992117445584032,-0.0003348157792229,0.2526107498398613,1509937905.657378,5.082374259153598
LUNG1-242,102.74348304882952,-48.406130213752895,-67.99575300623496,51.52177995344176,0.2510623112456301,26.95022045820772,268.5106100795756,0.1780574337397716,4347736691.862069,111599.69550854516,0.1248394565625663,0.0014239610172164,0.2404629227214016,888404710.9383625,9.043854284986892
LUNG1-243,84.47608599642271,-23.684740590535924,-79.55976358410328,49.96017027346181,0.3030773698221988,24.973347729275748,1227.8468917881812,0.2355807543722527,6301516730.110236,243654.05376527252,-1.0973554243271093,-0.0046244945741282,0.2282480192504533,481889700.0007187,1.0328365151834311
LUNG1-244,94.8327233429923,-19.840005866224,-91.23576189832318,43.4666111486064,0.2813319458896982,24.75316980573333,1946.75324888962,0.3202423505329199,7609520125.582278,215982.36852033093,-1.0650378927455648,-0.000806571853936,0.1238928169112478,452478836.27377135,0.6146331021226051
LUNG1-245,113.10972647801222,-19.58425089541599,-75.33024554094422,51.946745054177015,0.3373073559392431,23.73672202653566,1301.2377376577729,0.2078986639491568,9871079000.681818,334011.1864380643,-0.9727642497396304,-0.00055457461601,0.1995252232530789,1337291789.3736029,1.3019381929238023
LUNG1-246,36.19369878674464,-55.57309189552698,-84.58051450668428,12.500601692570164,0.0340875596886404,6.496535123272042,29.10738255033557,0.1953515607405072,6464928.052631579,122.57010693182995,-0.2705105723484027,0.0305684055877181,0.2175136988265359,462432.4013888889,0.314380877714374
LUNG1-247,107.27936932698006,161.60215456887124,-72.8196432785839,43.28814847226191,0.2469522223047459,25.03197554856836,361.0893617021276,0.2560917458880338,3436992886.147541,95122.6375846065,-0.4116352068843483,-0.0001279826971896,-0.0850302822388299,1234219372.2553172,0.8210063085177015
LUNG1-248,114.0415868411438,-48.55822056512004,-98.40660513719637,58.353985451309626,0.2497549519123455,27.76476428602732,271.86752136752136,0.1452283767988896,16383175907.063492,12392.599453792203,0.162263846548759,0.001823899420717,0.1130590987834533,571007319.2551906,5.797906244779136
LUNG1-249,98.24769663984864,96.3703356383811,-93.46410810270312,42.50000480006185,0.234782454648526,23.330079301448432,2576.3110229429017,0.444421428832655,7039723732.983334,136177.70688907968,-0.4151831918560721,-0.0016619449519247,0.1500137434827027,1811360309.9114327,0.3752379232725262
LUNG1-250,113.49437242125012,119.20941934775924,-77.68095202986161,47.32429595545504,0.2940231957214109,23.84590083996253,672.3160695282015,0.2384945262604475,7747087367.160494,161212.1656121271,-0.853534731610904,-0.0012374222490035,0.247549757469729,1705185544.3047235,0.8430648360059076
LUNG1-251,91.47591817190154,-44.53799343055936,-70.98652467504887,54.63939348395196,0.3235597329804858,23.30549096985473,1202.0554054054055,0.2030498995617239,14478051412.145632,328792.4071236234,-0.603151346946209,0.0011735155195639,0.1609942990090448,668926017.0586956,4.574124684121038
LUNG1-252,110.94530128600866,-23.445590476931176,-76.71868752174666,54.91097847013451,0.297542649872449,25.483191338992008,458.0050343249428,0.2096132880205687,4294744901.606061,78766.67404577036,-0.5877871054346641,-0.003388153986903,0.15174746907832,272875055.6893345,1.2458658178343394
LUNG1-253,72.49289753939814,-33.74763048281432,-88.64995437989987,42.310587978091725,0.2609888016521569,24.83581829130232,3153.308131241084,0.3213071256614107,10756048576.928572,337765.0028589313,-0.7698372611429166,-0.0017148883441829,0.2171365700971587,695075801.111525,2.575870350946555
LUNG1-254,107.39172927150624,-56.4891736011875,-76.14996462755552,53.48260116464216,0.2876654064272211,25.010405846369533,436.66980539861896,0.2741178941610916,12142746414.977272,151610.3191912967,-0.3964568272745679,0.0008279664528039,0.2473608425119492,1118070643.1822762,10.314892304379775
LUNG1-255,111.02598804666476,-25.28416414978688,-69.42722902992557,59.41149528881287,0.2992974829707543,25.87356402734437,262.0189250567752,0.1983489213147427,3859181938.612903,66533.19429243106,-0.6484978182459822,-0.0015468951063261,0.2342235122229185,131036954.3998596,3.571601507230925
LUNG1-256,84.63410324727795,-29.03641684605205,-77.87393687742316,59.32545278937155,0.2799717516391272,27.302544805290832,198.6764459346186,0.1665351600457825,769194844.0208334,43680.8021306602,-0.8964523972862177,0.0016472344259003,0.2224785011091812,102145702.95414066,1.4309430210969345
LUNG1-257,122.53531064301184,131.39392593531747,-73.34415524263243,47.82907820840649,0.2694714601377397,24.74176671422721,832.0870692849203,0.3082945792089367,5623138853.540983,131801.99405265632,-0.7929404571141898,-0.0004303733423662,0.1610339806240315,1065527097.191121,1.735158625114677
LUNG1-258,115.97014179719888,38.31367019194224,-71.56353977783024,50.8594161692626,0.2764287928575857,26.059985661570835,603.4467701190906,0.2177722014143235,10691841269.87324,191944.62710974173,-0.9541331705502036,-0.0016972594012889,0.2753368510132447,2094453310.4949832,1.8573216022012125
LUNG1-259,119.32020250923485,-45.52272405650186,-69.05176889176424,47.82595375625552,0.2807378472222222,24.89604917239184,409.25688073394497,0.1706659219073999,7528903390.761905,138488.1449384155,-0.1221736848826575,0.000467799783663,0.0713341591295002,1155767717.125668,3.6025260821371337
LUNG1-260,111.76348392590116,123.28294659709496,-82.94564343544825,49.66094126045729,0.2738947162042937,24.1947917449638,538.7671410090556,0.3484910355815366,3233851804.148148,64016.205328777054,-0.8056330589156264,-0.00135684485885,0.1353538129480643,630510836.3675268,0.8954071955904084
LUNG1-261,102.96359189445336,171.2221260832226,-19.35671405912684,48.973365902786014,0.2673130755811594,27.72672135661173,234.8654485049834,0.1950709705190892,2415037108.071429,79233.62792593833,-1.1629683534843842,-0.0011726744644257,0.2363312102381076,774624130.2783052,0.5288347227393896
LUNG1-262,112.50682662520998,-4.550788549414469,-71.5466924591912,56.00296662428143,0.2766394444716123,24.49941279447548,513.9976002742544,0.1762076106528126,7627445263.833333,163545.82716759414,-0.791195324111499,-0.0002458896507822,0.2022563819651497,985615526.0970008,0.6230359775332924
LUNG1-263,135.6607085074613,-30.60090817732205,-94.50427349724866,44.61908235511573,0.2619132991502026,25.06491009475358,1099.042842215256,0.2871062806204953,30124184890.589745,18300.65709159483,-0.3867943772825102,-0.0009311288816838,0.1731858601506993,1688140601.071749,1.0989047123536382
LUNG1-264,121.6997331824662,-57.65624688393568,-77.19413160742772,55.98258210128475,0.28354315486294,25.659601867182417,356.1447455386649,0.2353897855510012,9074661623.071428,126714.0256393414,-0.3868105416328095,-2.9371825943723395e-05,0.1618686509434879,829374256.4681783,9.643268596586635
LUNG1-265,122.61297315047742,-36.243487736051904,-66.31358865656017,57.91651384755362,0.3224291271676561,23.719633991242688,821.4405037265484,0.211112953926124,20090163616.04348,231993.5317577751,-0.5418676128096473,0.0016058056473419,0.2381936534421464,1724189451.9473157,4.564562661818346
LUNG1-266,111.979933205468,137.5531450135275,-77.87914985906694,45.71524903770207,0.2796247402708994,23.41949002798109,431.9182544560541,0.2654691176742803,9660734450.555555,146387.2487544716,-1.2517529803137548,-0.0006047987829138,0.2546161598581976,1850397037.1720984,1.0983346802933336
LUNG1-267,130.82498512966484,27.22828828372376,-79.82386774541091,47.38670331375779,0.2434897481898382,24.55504320511457,1912.342383107089,0.3204864057494702,11689717186.341772,197745.19910768163,-0.63173039598202,0.0002259647371224,0.2259427457786876,2251923839.0782647,0.7207876396031258
LUNG1-268,130.45946094671575,-47.24944100092462,-70.85438898621649,51.57245372595092,0.2947720022518296,23.25808749339113,768.1825192802056,0.2194180289289362,14736817989.232555,224477.10032730308,-0.3178827200470701,0.001215402962243,0.0901552947193421,2042787223.3960989,4.121304273707135
LUNG1-269,97.38067861113086,-63.93658704576491,-78.89571918596695,55.960999608337936,0.2652004588817775,25.508486564713024,149.9298245614035,0.2191956499435723,4054001875.933333,88392.33505517972,0.19988962223226,-0.0005817810711173,-0.1343055587225441,105809822.42092209,15.794861601194262
LUNG1-270,95.61585958225632,-29.98483884115881,-79.18475328189237,57.09736680808025,0.3208986714026455,23.26647383170852,1368.6565809379729,0.2070584842568794,19882129249.46087,407112.1858238826,-0.9546680424653856,-0.0013290321898116,0.2105979621416744,1237752048.8421278,3.143707313416801
LUNG1-271,106.71997098828808,-28.202591718401592,-74.610933029999,46.56190709737506,0.2782931602083552,24.60786268054128,1018.0271107668474,0.1971392546024104,41460268594.10101,6204.588670274202,-0.031204785324191,-0.0008105377769487,-0.1602999157893808,1073064357.3483104,4.069642103335382
LUNG1-272,123.52244080702135,25.99376300056237,-89.49542073885664,40.36926120116107,0.2378287303233104,24.371295936526863,1627.1127401415572,0.4113025126748122,12735569795.22,161717.88278437548,-0.6553097496533467,-0.0009645623655922,0.0794645018929285,2387735193.428886,2.156527347501673
LUNG1-273,91.97642592823684,-32.09057025866124,-69.69995148592233,64.54808109144008,0.2605817111815301,30.263111230546667,145.08868778280544,0.1313019798939415,351848220.3333333,29481.952941576663,-0.0220651918957929,-0.0031826084867643,0.0800338559167288,30649800.32304564,1.791719434163858
LUNG1-274,119.79373373112782,-60.87523404577085,-78.9037726740617,52.41199796159729,0.2768787053356834,25.788439235496536,743.0340501792115,0.3329005601161341,6974709188.014706,139661.89225881905,-0.2648484072038493,0.0006987867720494,0.0633163465711169,679487474.002449,7.342864553008608
LUNG1-275,121.79570239130308,74.01894979340489,-82.74492625485357,49.7168075824078,0.2477021754942802,23.956011833409413,681.7967406066093,0.3086449708495289,8897114283.84,141912.73942962315,-0.6440212888919206,4.206195502122825e-05,0.0923610106353233,1778564709.574438,2.7505978124527872
LUNG1-276,101.22071630918497,-17.832566452503105,-74.11702544284304,46.88600603160654,0.2888207076241264,26.241125654645504,375.4835630965005,0.19908990620175,1794072094.7,70190.12792139917,-0.5952675356071937,-0.0007184282685532,0.1134498748537673,109597598.85673438,0.8528470919633874
LUNG1-277,108.1199761213575,-17.355875215251753,-73.4207736371253,52.31596390953939,0.3053312321330339,24.97260032048423,1229.5713335550383,0.2044515020876352,10458140026.90244,310413.48916745995,-0.8656881606440736,-0.0002628625391978,0.1940008109351287,644086730.466779,2.1716958938591806
LUNG1-278,113.90182945791356,-53.30369458402384,-75.77201647813443,53.04233401634962,0.2816322170592319,26.03167964502371,144.03622392974754,0.1581078199009303,1839036722.4375,49558.55890832912,-0.6014728751318306,-0.0031078497566096,0.1226043718585249,90475720.19468044,7.551958083467296
LUNG1-279,119.74209521886812,-38.13928142219028,-73.21927825733565,46.77951714107836,0.2801203789200095,24.14397135057177,621.5068543905151,0.2302730101483938,11764429971.760416,211725.875553434,-0.2303791439983883,6.0670292896204334e-05,0.194920475703932,2366031163.084126,3.265404064963711
LUNG1-280,128.38239285625448,124.73578075013882,-122.68769437340244,47.00582560141697,0.2559800837793116,24.100967376087787,4447.58592178771,0.33129131633428,34669042662.564285,12988.301317907231,0.2973163259494414,6.226010574585973e-05,-0.1398989753437393,1718767934.396136,0.2632064661380768
LUNG1-281,97.61891343512144,-18.4937795928922,-69.94209541196194,54.23636178860299,0.3362512547438121,24.35044501227672,3076.1003828866324,0.1706953211745537,44753468281.00649,41804.72726596159,-0.6730745122153877,-0.0024984526851568,0.1578763362017208,717269407.7653744,2.0418093326097315
LUNG1-282,79.21000507696549,-21.60001813732114,-81.59000753025077,47.10919491076067,0.2867743776834686,24.49488246185276,3226.285929553588,0.3038506243693339,8360728824.985816,296237.9900897969,-1.051323705430808,-0.0031558142732929,0.2808565386118355,598442206.4571216,1.4510689764725129
LUNG1-283,159.59476184177845,-10.29001066426464,-65.4351190097789,50.93672471118718,0.2872008954415496,24.45927887346813,863.9577228966094,0.180819950376017,6939213061.118644,255504.1746898018,-0.7744487811994147,0.0002411859686258,0.2146795330143809,510546898.7674029,2.005656134160513
LUNG1-284,82.83877900500998,-44.89067872979697,-85.4767828818336,56.36931757010218,0.315474422968662,25.263215423170124,968.6475853945818,0.2281855324840004,12973871998.253624,355383.19242269354,-0.9415876221030242,-0.0006958877276882,0.215880148346107,738118154.9776924,5.0781240038546605
LUNG1-285,111.52687720685022,105.48279990281362,-75.37917369696272,50.67155920971012,0.268877006853486,25.333185744172017,701.7052810902896,0.2390818674924325,2866650913.88,107538.40097326523,-0.6641147389093168,-0.0001992361140545,0.1173201280964239,941011037.4782658,1.7527665682362836
LUNG1-286,133.78309214160177,-25.96884571596,-82.3365191249444,53.55911140954767,0.2762275789302816,26.59770646095306,1648.565151052792,0.2515357264346646,5291455421.360294,249301.57391077824,-1.277510949220468,-0.0037681500802593,0.2838979934224988,300072369.4976,2.0601305269823915
LUNG1-287,101.747146198935,126.0795079173146,-80.41573254225374,46.81956956438853,0.2730575276000714,25.12133531444058,517.7368421052631,0.2595172140878512,4912679966.222222,103961.92184728662,-0.6859148159656311,0.0002308430231221,0.1749685481627379,955589914.3495672,1.5839773626332054
LUNG1-288,102.28721984565698,-51.264570584756335,-73.49808513142143,44.99824025543323,0.2844252487337934,25.15672298189521,472.4942528735632,0.271548421191703,11051328809.09804,147728.5632031348,-0.1066011822050514,-0.000245158001535,0.0895615952832931,1277059754.0817838,4.906999868744728
LUNG1-289,115.58514988313678,63.23210748184572,-77.82163609890853,45.72606135506794,0.3184506150864285,24.765895767365866,732.0605035700864,0.2751072918339295,9691695894.514706,176049.56212341427,-0.4703157502156246,-0.0007795983998546,0.1377724730718068,1555380261.52117,0.9833624520044156
LUNG1-290,104.86399140350244,-51.81808663820432,-70.85846434256807,48.09301194903635,0.259333729922665,26.345647784447408,234.8943661971831,0.2067732096806189,3489224072.766667,101368.9979340364,-0.4318845894956812,-0.0006898820806066,0.1734413715484883,471751907.5191704,12.321647468219089
LUNG1-291,103.73419794487856,-57.94911420549994,-75.6785634466639,57.43901429080837,0.2592382009179738,27.6340574821502,165.68075117370893,0.1944609755559964,6335882810.680851,120950.98988387002,0.1588234325684574,-0.0001453101192002,0.0266165754029692,475614580.5054462,14.910326215008368
LUNG1-292,136.7014407209703,-24.265784371784203,-78.0579604991325,52.581568961331854,0.3070186440482654,26.255084552359065,2132.5171944822227,0.2071611807346243,32922977392.91892,114935.52125128046,-1.1034905949383826,0.0003959629656952,0.1586391181818996,2115522743.887879,1.181354078958439
LUNG1-293,117.07097800342484,-0.992646461903446,-69.21772277333724,45.97968086822031,0.2683115867056144,24.8690776449432,367.7807417046194,0.2392848026705396,9585039421.62857,164190.855103226,-0.7160129381847062,0.0001548392641183,0.152795760415648,2397236678.794474,4.128933332224996
LUNG1-294,112.00628729418844,-20.850717219730367,-72.41989653880715,48.75566719562481,0.2793704086317722,25.15807320113522,617.8521066208083,0.2656285927002615,5880147802.689655,144140.31451717127,-0.4582796765803406,0.000853031441573,0.0934251313141333,1496442265.9853678,2.138474683573632
LUNG1-295,118.0951051877598,-64.80517733038228,-84.98239427346329,51.66218891647792,0.2649910368699565,23.86812410855094,992.8271692745376,0.3530679833835483,15346737010.77778,168906.5083063598,-0.1055608925392153,-0.0007213352369051,0.1054685263701022,1074551797.9099543,12.621375899430516
LUNG1-296,108.84583103933488,-54.03097477608887,-75.88393543387711,47.45639851800134,0.281352841751485,24.7452639809531,1509.8866813833702,0.277756931821812,15719795411.769842,386629.38946240325,-0.631344526258362,0.0004413799700761,0.1687993878409532,1525671634.721259,7.368805734241896
LUNG1-297,95.1880340615386,-40.89131856286054,-76.88783826544388,48.79885899947613,0.2797187600273332,24.72694721077656,709.5900718076803,0.2215392044357416,11718805473.184616,344185.94300810323,-1.1228725274982634,0.0006369190732715,0.2383940964672087,1958946164.0316715,6.268484651863141
LUNG1-298,86.88673204037313,-27.41590239491468,-74.27564850059976,52.33624225111817,0.2549,28.166344389291044,137.53763440860214,0.2112713278165931,1038048501.2333332,39419.283928223456,-0.6350188202644369,-0.0034593409130345,0.1624013078890596,147528174.0629868,0.7834824178514753
LUNG1-299,79.23527372818961,-15.937030294317236,-85.5642602699949,52.1772158164427,0.3192284923460673,24.33708108283024,2426.338145963553,0.2136049076471127,65475778104.54023,27154.24192082845,-0.8271195111731398,-0.0072242080564338,0.1552256308986098,104480374.81694248,1.2774988548672352
LUNG1-300,125.0680897141879,-51.07085764382422,-73.47853870200035,49.77320997464392,0.3378537045139668,23.431049609936256,1996.7552602436324,0.2211246135375008,56769999893.664,517810.63717535365,-1.102243563138662,-0.00076758871653,0.2519231699860991,3021015219.0752435,5.208169998946718
LUNG1-301,114.46733627318098,-31.598257804144986,-78.46328651503188,55.30350616645245,0.3280806475833661,26.556307119402184,1520.65982324949,0.206751845445206,5537935803.014085,261187.8159307229,-1.0647486607287735,-0.0058583170460586,0.2091464006307132,83849276.18885423,2.23675817505403
LUNG1-302,109.51880690872504,-33.53339415691303,-81.81191415782902,56.443536991173005,0.3201000090507738,24.71989350059284,1907.3790676492504,0.157934840411464,24546073101.22656,497460.9454303868,-1.203637598128378,-0.0021991323194853,0.2596315353680185,641702704.194075,2.5816167875390823
LUNG1-303,152.94413719852284,-46.73156096400574,-96.33682338907148,54.10684015367416,0.2886249345038764,24.993038114357027,1240.2523206751057,0.2093252861898912,24796952564.99371,29710.836636457785,-0.1902445743563682,0.0009631080175784,0.067624571499408,1483915615.167417,1.7770566826195286
LUNG1-304,88.2684977444406,-17.173489229034438,-78.74612768327295,52.08588720996624,0.3224456721759024,23.201339700391483,1537.0895679662804,0.2699489933203864,9772323605.94253,253497.78778758543,-0.7052359654977963,0.0012206059869545,0.1617822710535337,1086893046.955035,1.3988472567913737
LUNG1-305,81.98026337996933,-26.605891988903764,-71.31634994281339,55.51889317474803,0.3013789045748098,24.88517436229007,896.3562428407789,0.1711256668271819,18235533937.085106,60508.33470818905,-0.5258099565624932,-0.0053434573042403,0.227568046684215,52945049.47782928,2.256182863646369
LUNG1-306,109.86423801386482,-31.39276933708416,-83.1975056379741,54.29168606232744,0.339401235916482,24.73349705902561,2152.597838486941,0.1292463427491408,74131588504.9645,36663.181768244096,-0.519474485377822,-0.0065012271696463,0.2191686694738239,84575390.08307761,1.5738219286998387
LUNG1-307,134.98470534758647,174.51911293261475,-70.22427631193696,49.85729336412472,0.2847950406962242,25.372561834075487,537.4367149758455,0.2596312632733553,4866746905.953488,166221.99838526847,-0.2320566222659877,0.0004232011064504,0.0930810526167574,1666794451.6643202,0.773226605371898
LUNG1-308,101.9196876547873,3.570345873027586,-71.87194637627468,58.66820531522745,0.2605457193047337,26.505444440379776,384.85796948974223,0.2024502732718265,4051095043.40566,149154.21751118617,-0.6644000764916443,2.2677364522247483e-06,0.185955221615037,756418085.093901,0.943053464484148
LUNG1-309,111.3490318859952,-48.60615782671419,-81.71374918254978,47.19709840706874,0.3419669841970353,25.35842944002217,2361.4676510588693,0.2294023364152777,32644066359.92386,118729.91654508797,-0.6573869990223677,-0.0100834190682521,0.1661908514222807,77079231.05269647,2.4356942089266305
LUNG1-310,119.08555602582274,-55.41650412000768,-72.49299769573267,53.76731838241193,0.2461260330578512,22.220993960831755,141.0856820744081,0.1590593935449922,8135135218.068182,139971.9131024363,-2.171895033776385,0.0001351032255287,0.0376818188438622,261942343.07847577,28.5864935516286
LUNG1-311,90.95704811871812,-44.954211941909016,-69.06870870641498,62.9265172615262,0.3016574821649793,25.69889833237809,194.1825229034532,0.1368446250200515,3091722456.24,13349.218390490118,-0.4027763251248542,0.0002268375025273,0.0647230469249758,106949603.53597106,6.327827351319578
LUNG1-312,142.55969811244427,-53.92006992372028,-76.94290110401658,52.99512235916614,0.291039599014422,24.4207980688608,892.1843711843712,0.2723395516435809,20426551282.894737,253607.0999917244,-0.5714621684194194,-0.0009775389305406,0.1567943120246119,1982534671.2768345,7.060899993596552
LUNG1-313,158.82334442162986,-42.6948092769134,-74.3531299134992,50.36423719608575,0.3043708618474823,23.5598387997648,1234.6185547249377,0.2366529719618435,29696712925.560345,369057.6683200228,-0.9513499170409344,-0.000342516124907,0.2365783273095356,1693701900.2501602,5.918694291669006
LUNG1-314,126.61384934642484,29.65129180607329,-78.64823840386124,53.03809054186645,0.2509378301140384,25.042217186229937,615.9911378943636,0.2183591414017595,3737379422.2,197644.5128231841,-0.8567612758642091,-0.0009406829734574,0.169170060476662,1139076720.497372,0.6263848568292414
LUNG1-315,88.13384062889283,-20.28800481316918,-64.0148798655748,53.05414876599765,0.2432905586386793,25.74097162612122,178.87824675324674,0.1451933821049081,994238477.6774192,35728.15853548674,-0.6586521864009235,-0.0010805009131564,0.0900803418204627,35327919.67349154,1.3582185921777552
LUNG1-316,139.6691636689226,-38.851247895310365,-65.82298109405812,58.05578944341763,0.2916113616217674,24.689167734098167,1059.4604024367732,0.1955806539480843,27311287102.81652,333004.57331763284,-0.3933017992468585,0.0009482321350888,0.2828318739127253,1322868166.63817,3.918177599773736
LUNG1-317,86.84405785102196,-41.105049415818016,-83.90268534311359,56.80932063850295,0.3195455716802621,25.630231080732788,1187.0100537354826,0.2057566395797335,52287829675.0921,54472.12383156759,-0.7450570777698616,-0.002977577244514,0.2152185228709382,62265363.16658095,3.0220681495432573
LUNG1-318,129.07941195949326,-55.852800766686485,-77.27441374096779,51.22351955798196,0.2981679286100595,23.8310944165612,2172.1724047650214,0.2843529787622754,40035851677.79825,420432.7648364232,-0.6250443226037641,-0.0011130977607964,0.1420518521007613,1705980282.8046167,8.403629049310554
LUNG1-319,142.3911877895521,-15.455488352347317,-67.46489330263148,56.29510001951921,0.2781549543320357,26.6151190472,1405.9756372341924,0.1979968507582301,21103678842.11009,318356.0663500598,-1.042380759799219,-0.0002289665693363,0.202888840550347,1145097007.6576705,3.499575151687763
LUNG1-320,122.35246204045652,-39.70791040720217,-74.60031401777707,59.54363962775604,0.3110380228523753,23.591834019492573,1228.1129270230394,0.1393840570903461,36397454622.98649,442503.410643034,-0.664462991700295,-0.0010189414680035,0.2671233947415906,113063973.9955684,4.953380507272324
LUNG1-321,95.3066958637282,-45.89233174262587,-69.70089787344975,61.75301826752367,0.2724690082644628,26.94766970974252,121.72,0.1738857142857142,953284244.1666666,8313.860399183868,-0.826426797513755,-0.0028779322536806,0.1180416003718571,31302020.59316853,9.11949801349624
LUNG1-322,88.10922883675637,-45.61527948337059,-69.11099088673636,55.006393493759305,0.2702497027348395,27.562419751348035,183.30066445182723,0.1522430767872319,895677206.5666667,36574.37868111195,-1.5274982699753012,-0.0042706286176475,0.2092363811630777,20283250.01043829,7.285360634090209
LUNG1-323,127.4246236611957,-29.96451298805548,-78.30197141293452,45.75910468561725,0.299660009190791,24.13429657560353,2195.843674570496,0.3117767534531443,12455309310.772278,321621.6412488504,-0.6786820474375516,0.0005490004242916,0.117881392046752,1843994551.1963515,2.643416611154016
LUNG1-324,127.29740235799832,146.70535476575932,-74.04910156482869,52.92528494927339,0.2821093151724623,24.39750300984561,1356.6992043469822,0.2632833697548966,18550024362.27211,328953.0586406693,-0.6746973279041568,-0.000151802418826,0.1413946795533071,2439832523.454115,1.3178178233265438
LUNG1-325,128.9197709331286,-48.35882180337864,-73.15047650505373,49.024164432049005,0.3239039334974372,23.44876786656306,1410.4468699260328,0.2544555060303144,39978694668.59574,381356.6545839802,-0.7374344838474456,-0.0003431099650588,0.1281772089461963,1896937797.7029505,4.385710085473916
LUNG1-326,122.048584156479,-30.2247063401777,-148.48126762006606,51.506118500421685,0.2746183066695887,25.48749082516862,841.3440758293839,0.1993706340827924,20412043171.256943,26567.507959141432,-0.5813362181935638,0.0007621362473273,0.2012868201693326,1282633595.8405316,2.310859836760446
LUNG1-327,144.04341261906922,-36.75196066049357,-75.95100943433967,60.875352784154174,0.2954229212346095,23.42041369398824,1206.6305874840357,0.1926294041321896,21648933799.036232,346510.9960854715,-0.0179232740511676,0.0006470456176224,0.1131907591996845,4724770753.332773,2.016640798777278
LUNG1-328,102.3744655022429,-49.92866185722733,-73.65581692280503,46.71271480917439,0.3080518474642134,23.672233070973107,2267.491915108641,0.2864441529950279,69282319629.94775,591036.992581528,-0.6638400316870041,-0.0001910861607073,0.2372683293347308,2813386105.081292,4.540029702600809
LUNG1-329,82.98729997071919,-43.57943832595724,-64.29268331259746,55.916789784417865,0.2834422831632653,26.638350778235388,97.50244698205546,0.15905782541934,1071078393.275862,34097.27429478914,-0.570625741756689,0.0008036662667385,0.1752559512637125,116137759.00342768,5.036975467607884
LUNG1-330,130.93499779733148,-19.50515855634305,-80.19775238943159,45.5163169565581,0.3016233562522162,23.69981223064739,1796.51026067665,0.2491001470710829,14426179244.30597,389268.2812057836,-1.1432903808436647,-9.781977535236464e-05,0.2121512364580497,2401414359.9880404,1.8250419852689
LUNG1-331,163.3335548044463,-58.54771946003485,-87.84844033663387,51.51652090622152,0.2536517666429334,24.897127789798507,1227.5247148288972,0.3111596235307725,13975542500.714285,308310.9619506457,-0.5216508686405636,-0.0002750343035919,0.025336820612092,1724327482.6655705,5.628789551764815
LUNG1-332,90.88194307033294,-34.81705636649566,-72.52969555758762,57.76990471734257,0.3080888033332911,26.740901658314755,185.31376146788992,0.170012625199899,1601940473.8292682,51734.150756427895,-0.6126956917002979,-0.0026301233222649,0.2231152360224708,151047678.2646385,2.003152426845461
LUNG1-333,97.98954606963046,94.15549133085332,-94.2460876035686,33.872746747318565,0.260820451843044,23.54404089855012,4807.3232019791485,0.4247502387329164,8035185548.068182,241982.47928476048,-0.488308710298965,-0.0012957582229714,0.0891640837904555,1997182612.127633,0.3066018131022338
LUNG1-334,94.91989262274562,-14.980757316535469,-78.76697947153397,50.08127008817268,0.2634456832842069,25.98247124807065,190.69774919614147,0.3065880212156615,2639460989.333333,55443.57283726246,-1.0494649955939928,-0.0022795677851589,0.293772887742097,504432285.9306553,0.8400728138741259
LUNG1-335,154.04572308204504,-13.078726289978931,-74.41962582307983,42.9429983742625,0.3222197567389875,26.128834387800413,1637.6239492466298,0.2597341711731371,7388747288.9646015,254340.5214246284,-0.752146176500106,-0.0070691673447461,0.1312555552827495,124060286.81635793,0.7387544134879808
LUNG1-336,135.18625366024136,-14.70913150993078,-68.11306368119347,50.11225817446183,0.3101697038436214,23.81610789197014,999.7447189402076,0.178973275857538,32652098966.05405,371388.2571979496,-0.6734725146237723,-0.0004354720894459,0.2004632300544214,1148532195.4889183,4.851667776686055
LUNG1-337,128.66247230450765,147.95346155196088,-82.46287126782386,50.41645176918939,0.2808177657254361,24.1324293405641,1133.3459244532803,0.2816466015042943,18225908757.25893,288140.9047166429,-0.245072467848504,0.0002707026064274,0.015898866036762,1938252131.3816247,0.910912309462291
LUNG1-338,133.3838338780877,-19.74198779258836,-78.43315387322063,44.7905917627283,0.3131660798445933,23.05119737039235,1674.3096742829364,0.2713190203018856,47044822455.13636,493819.1441544528,-0.9121195729056156,-0.0006066032574926,0.1580555574157906,2616782163.297312,3.876803123274022
LUNG1-339,137.6622686417695,-69.4798415429628,-86.94143257991468,48.27469864622726,0.2735701376404479,23.30299171303252,2733.5451309433,0.3475140008826977,14946626758.792685,446820.5145009013,-0.8506044107590421,4.55566034599994e-06,0.216320182888529,1705343169.5344973,10.737902225522769
LUNG1-340,112.1772181624108,-16.710556009852684,-75.05533619012255,54.45010468108767,0.2805820241411521,25.22576618955912,2045.1000981354268,0.2229964124016385,14151703562.237288,363708.25886674825,-0.8568163717834151,-0.0014898028558027,0.2398605439520998,991393012.4588048,1.629301423827832
LUNG1-341,117.55923802341395,48.17041561106969,-80.59271971969325,56.41045107857562,0.272623975326678,25.68653709666673,219.79183673469387,0.224277384423157,1833726985.1034484,50334.59462722179,-0.5473849118315587,0.0011719981043606,0.1218889989599531,301264191.47662634,2.7034561310392875
LUNG1-342,155.781601344052,111.18102171560848,-67.05556247107776,44.9990076844918,0.2450971506539604,23.99747081946231,2156.920206871075,0.3983967873792159,5689721237.617977,208978.8606036041,-0.9952491203753204,0.0011928556969339,0.2122589379146086,878095471.0041003,0.4749613552759962
LUNG1-343,114.37173814469573,119.3613913355959,-78.33211169107459,50.33379402379863,0.2835455086258179,24.789474730236154,1191.3412816691505,0.2959118931120592,6391230912.257143,227696.44500976853,-0.8377049322123213,-0.0001145670214256,0.1345820740984167,1231811200.7966113,3.979245840234965
LUNG1-344,157.64082838514298,-25.37120575593115,-82.15740883216824,42.74365462008157,0.3014208036155639,23.61242938617225,2460.190215905985,0.336183412941512,13523825671.015266,385654.84722251806,-0.5318697363579172,-0.0008547178870358,0.1452825461344833,2558638448.7354283,1.7728964927978892
LUNG1-345,85.14235679206018,-31.295961471920982,-86.38218727386891,52.69575435525272,0.2930166695797204,25.17869987647019,1224.069547602971,0.2066288905474292,22792472379.76429,50186.66900884301,-0.7503540387847218,-0.0028952722882322,0.2231267677550878,77411344.50445041,2.0917045300885544
LUNG1-346,91.12215256784908,-18.433439860706937,-65.30942017126246,52.7172324566115,0.2236570109264678,25.155881021991327,180.2614379084968,0.1963632221225454,2038944046.96,45660.52705724202,-0.7955241821824374,-0.0044024041810602,0.1926405162876912,125517274.16483223,1.4236808085796
LUNG1-347,89.85877318130726,9.689625069480838,-66.74866201210901,47.12203953163258,0.3149983450711529,24.583727162332472,1141.744419867283,0.2295886627523191,6976818329.559633,60697.60912013528,-0.9660019977026252,0.0001820116031948,0.2035476955124296,1355446552.7450554,1.9522153348569085
LUNG1-348,138.55488737056976,-22.543809440291444,-69.40644075744274,55.71962240572453,0.3079419212229077,24.50554969857243,1063.678301728478,0.1784994632872089,19646851920.34682,371799.72687798186,-0.3183155014459278,0.0001943677577532,0.1307275012489464,1294968670.356436,3.723167103805268
LUNG1-349,162.1294556751863,-37.2882022666535,-85.80627268274804,48.69838965047195,0.2567321608701373,24.67971251645692,1986.8855335968376,0.3141321001734131,7923531794.957317,335490.6747049962,-0.788881577060912,-0.0011530018623964,0.2013132538937916,1327863625.2451663,4.629798627262917
LUNG1-350,119.69977260557216,16.814190138306895,-75.75548043367186,54.19250330201346,0.2756216950880248,26.827206221136127,562.3920799143774,0.2006393435299241,4554825290.652778,167236.38635911993,-0.7614711095653579,0.0004178938216439,0.0994201750765653,599730186.1478876,3.438939088219615
LUNG1-351,139.7139297269166,-40.52746718083888,-70.24807162494425,53.510312141481045,0.274473421789965,25.117436279244654,1207.8892638683822,0.2547752085780178,17806991801.02609,291357.5332890877,-0.2473557855928478,0.0002081813698925,0.2368581845218343,1713708623.1525888,3.134471396587573
LUNG1-352,122.2077332943174,-47.906203254403366,-70.32534971569822,52.918093204054514,0.3298001698044212,24.87152747268808,1283.50863422292,0.2238808013645421,22312408149.25926,431367.5663673405,-0.3697508660059658,0.0008055976362027,0.093601059608263,1975670680.7463048,3.7555211449067736
LUNG1-353,140.35358515306172,-54.060607269785805,-73.35433085924814,47.4298838209914,0.3134125732556573,23.890776345089243,1215.7243434120503,0.268312589585533,27225682884.696297,382221.47624227166,-0.4085460710285342,-0.0004810162622671,0.1664639270398641,1178305628.5925932,8.255591334623327
LUNG1-354,112.6735266884336,-43.632912634706784,-62.28690671989066,60.37191329314041,0.2472760849492151,25.90205350613744,360.4298642533937,0.1630904363137527,9886837432.30864,167423.70656721946,-0.1411900740222519,0.0006433354966756,0.1009112074685499,1526580827.6054013,16.70646369129593
LUNG1-355,97.62227525106736,-6.862435477843452,-52.08153933377384,53.748907037253744,0.258989898989899,27.330498245747936,104.04729729729728,0.1757555697589481,870474631.25,28127.777837854097,-0.9912948466558866,-0.0007674841216998,0.4123290283135132,88825882.1429136,1.289838665486172
LUNG1-356,85.11278225887112,-12.252905184758996,-68.23908901052049,54.76399620799773,0.304247460757156,26.99560961396736,127.11032531824613,0.1797882960654117,926842478.9310344,32878.36234157792,-0.6437675505455035,-0.0037019577572983,0.2873911902560327,82628406.40114863,1.1318192495354615
LUNG1-357,149.13827229306236,-31.429511454068365,-77.01007853001398,48.7952071516645,0.2944639170858256,23.96439000178167,1951.4017647058824,0.286970847750865,24436191953.186207,384830.7025350404,-0.5111727419078615,-0.0008854375492144,0.1210632914139584,2034373499.6374333,4.105958477991893
LUNG1-358,81.49506246746841,-32.86004677692798,-65.42723020293158,58.72329655959702,0.2716836040039647,27.88531957415164,131.20066889632108,0.1462660745778384,851922711.3,33951.882171688696,-0.8730056595343199,0.0001775474517851,0.2245675885568265,63888927.56888131,3.821566670923082
LUNG1-359,88.06422369446095,-5.425696625575595,-57.14056972697362,53.10566454192785,0.2558992346938775,26.496707990707,93.08440366972476,0.1707970709536234,1114552610.766667,38101.95484694229,-0.9776551509501444,-0.0018341693474962,0.1736658156592909,192051476.96425283,1.0071064794700697
LUNG1-360,117.99342520013174,-40.76166625966773,-78.37581925725796,48.96752734346657,0.2561718208968144,25.28625542070333,602.9038461538462,0.1999018057539277,17832447980.468353,347165.9885105239,-0.7712379041093128,-0.0001365869769882,0.2280581324075319,1873933408.8904617,2.696603586682419
LUNG1-361,91.23939597711272,-42.61885662375816,-74.67486318212154,58.36166952632813,0.2704264322916667,27.54931131156712,190.72727272727272,0.1667196439923712,1086626351.8,48395.46464725931,-0.5082709007535806,-0.0026444342376172,0.1421880803350743,56573005.38322403,2.58021163620998
LUNG1-362,108.156989273328,73.1714835608683,-85.19472246547826,57.99450957628488,0.2586124018586765,27.15798520027813,154.03953488372093,0.1791157382368848,1894180072.581396,58497.56447225122,-0.2768491816132219,0.0010478982797318,0.0537448643794389,279163440.0821431,0.777659210243778
LUNG1-363,112.21843692952706,-36.41684694317391,-76.90934875504732,54.945637175960655,0.28059732786637,25.69196627534698,193.4338498212157,0.2305528603351796,3409317548.42,81930.45552635119,-0.6308469584960841,0.0001725271719093,0.2293554787405969,362829302.7326969,1.6840468260867052
LUNG1-364,89.27944198207301,-44.90533145727922,-76.26130696292229,56.58984386904932,0.2590724856254124,26.4924198986071,186.4045662100457,0.1702324805571193,1886323954.060606,57374.77234506425,-0.3044508936612802,0.0006677909161155,0.2175959032373092,242613636.63979283,5.010314324911909
LUNG1-365,110.0249746196036,-47.2872924607655,-69.699382825962,52.87756711966965,0.304603108886296,26.127998992470964,183.8969258589512,0.1662720848634278,5900686941.823529,4935.557292970245,-0.042458719816693,0.000268086550054,0.0924938226765618,234474491.3895073,3.464477486684594
LUNG1-366,107.99198111523596,-41.12232430480471,-70.62054476650216,52.34054158645375,0.2593581358097672,27.44428375509666,129.71927162367223,0.1968425973045102,936561415.4545456,41926.72813892988,-0.1168138084239261,0.0019530982883546,0.2154225571616243,195967222.3899312,6.188441386116231
LUNG1-367,123.5876445901141,-89.05326473953913,-112.32050105049008,49.568144122791765,0.2289817365574941,24.46302024621165,389.639218422889,0.2719045487947585,7267042233.292683,142917.58917543353,-1.065876556657152,2.188869618974243e-05,0.3591191300173351,917583518.1850184,6.527246278880309
LUNG1-368,107.16651995922172,-43.65495928593394,-75.04515874432421,56.34138867488422,0.2667198566669466,27.09726754955304,190.40625,0.165283203125,2396859766.121212,65588.14114790541,-0.681653536903211,-0.0011398979518792,0.2290690039660051,185269535.2379008,4.6906352563955
LUNG1-369,89.28218934073551,18.241074201731035,-75.63325777775643,52.406070422329975,0.2480489073881373,25.057489027625103,81.08207343412526,0.1751232687562101,1117374522.4736843,42558.40240856822,-0.5831460298781288,0.0017177828907472,0.0100373404941807,300804503.93431336,4.607650232397414
LUNG1-370,119.04339917914524,-61.47302527575771,-79.09290271531788,55.65409550216512,0.2359778223949603,26.135779646291464,104.06354515050168,0.1740193062717419,2511561870.9,56915.71907703216,-0.8208195810372305,-0.0007300150631709,0.2339308217065394,414200244.3742767,13.79163895039772
LUNG1-371,113.07083810801372,0.9631984953155336,-73.00090579415455,58.95163505574271,0.23264,28.56623524668872,266.26857983811624,0.1959297864886801,2845445926.740741,60311.28004738357,-0.4502020704558984,-0.0006673938085214,0.1863884925499719,159248059.68979844,2.263381877646008
LUNG1-372,91.48163455324762,-13.922268709393292,-63.67877855501892,54.92203324905476,0.2478202504919913,26.965174483105493,204.8994501178319,0.1609579341067022,788316247.7636364,40848.84465310071,-0.4788362479835546,-0.003502516701542,0.0316526799431898,61942871.7920325,1.280229063369402
LUNG1-373,89.52040932198149,-18.002967397875093,-85.3487018084221,49.2430090953644,0.228125,26.588727636368738,93.33933161953728,0.2399468679165482,1096609361.2564104,46161.41239869333,-1.0748139995309642,-0.0022106483125706,0.3190811406956319,251187355.7950411,1.0576477910829525
LUNG1-374,113.2701638725366,-65.56120991757545,-86.85906638709454,53.33090865252257,0.2514792899408284,26.358571380551425,124.89672544080604,0.1573006617642393,2957881832.130435,55363.656373622536,-0.8402320776185234,0.0013500763592876,0.0200014063770563,266022050.4532192,9.129928846902535
LUNG1-375,101.52691449628136,-52.359642755171855,-73.25332066157372,62.731105314964864,0.3183194077238521,26.02067287807208,304.8750709823964,0.1731261050439502,6088507428.483871,104911.10571597677,-0.55189180696706,-0.0008714915887183,0.2025102156797907,257214174.84534407,5.940014981871722
LUNG1-376,113.3912023024412,-48.45514133932666,-68.96380822847034,59.3381084707718,0.3078313385792061,27.5668857440101,170.33802816901408,0.1999272631091714,2265081512.16129,57952.961293308086,-0.7247266930526345,-1.1738793510487204e-05,0.2116854914775957,122128077.69718012,10.402565210803113
LUNG1-377,95.99975424402824,-13.791886659016376,-69.51752848596317,56.69537864659621,0.2424007386888273,25.793206214353408,204.81716417910448,0.1910607874805079,2019869508.0576923,88138.29404970082,-0.5328006632813824,-0.0012377038669715,0.2000152775827504,493033167.1425467,1.137722065762003
LUNG1-378,96.17356349243327,-24.47946840728684,-71.1524131376125,58.00262816491889,0.2737489231733103,27.36712106490992,154.29336734693877,0.1968027644731362,2122827470.9117649,53285.58246272244,-0.91431214347378,-0.0021894724430614,0.3209169748549945,231703446.6583012,1.3065748877469463
LUNG1-379,87.0382826799031,149.99557598920043,-78.64123245560128,51.21876824195703,0.2829002043979245,26.08447021943012,81.5873786407767,0.1980276180601376,1737985039.75,45369.76941732832,-0.3052257094360324,-0.0003015800730259,0.1315117205649673,432436128.1813456,0.5468802724230017
LUNG1-380,102.3411131163375,-25.891219490078083,-64.89327885012057,54.94559102843122,0.2546780485047204,25.98629309044757,171.7263045793397,0.1828821135030242,1565100852.1794872,50389.658824735794,-0.562805462534419,-0.0026828855931942,0.2041744515495624,139065118.9773357,2.105724909565705
LUNG1-381,89.21248088577453,-51.11045527881434,-66.70658916851949,51.82130444143996,0.2699653979238754,25.58550715796157,149.9232558139535,0.1743293672255273,2254714931.296296,57681.13863758182,0.0129916756776719,0.0003611566927983,0.2944067915387053,310503691.6388338,11.747548423899191
LUNG1-382,96.90857831362884,-36.39386023506131,-67.06306852949689,55.27734948317055,0.2711242603550295,26.05335121187243,103.8202614379085,0.169640950061942,901645331.9333332,34893.478388521275,-0.8513757246077622,0.0010729676178508,0.3055547568691991,68144934.0106,3.4444357810720816
LUNG1-383,122.7773904136906,32.30551727702285,-83.37093329995376,50.15622669382262,0.257078538298822,26.70053906844482,230.9243697478992,0.2425676152814067,3384665240.4,64641.13433739155,-1.0779050588673484,-0.0012593163384249,0.3932099754363249,444234621.1376379,2.269558277177196
LUNG1-384,108.40351936757386,-58.04888035023352,-83.41181111462885,46.83524345574447,0.2462316069871936,25.027054954093373,441.6622222222222,0.1962943209876543,22768493090.425674,355691.48171612195,-0.7179310928506134,-3.1217681962777966e-05,0.2055991061221269,2456587576.4208326,5.1564927881104365
LUNG1-385,101.9695403058882,-53.842879273802886,-70.00543585762715,55.75487300805955,0.2722050754458162,25.5673686511076,151.0757180156658,0.1972267859212347,2991754281.2,49509.437211828495,-0.1389741714501198,-0.0004157928222662,-0.0186008559175114,325998318.9154141,15.383172138779637
LUNG1-386,111.1303525032166,-64.00804142774328,-77.13430941648026,54.53055940655804,0.2490809689885945,27.140630677880964,184.2159672466735,0.1885526788604641,2758498088.709677,58853.10074387672,-0.4416037972816795,0.0012368995719908,0.1436907242508832,246124147.124178,25.893009608429548
LUNG1-387,102.2804717708066,-51.767465007649285,-72.6216168083815,53.34189988529734,0.2320093680641603,25.47895523725461,168.09763617677288,0.1727622160090163,1550563185.1020408,68671.7731450407,-0.3112467286013729,-0.001281875425906,0.2088186439275072,308732982.9299385,6.063328057519144
LUNG1-388,108.25363446513845,-52.608019253324,-74.90373007686726,52.86605919676556,0.2709553719008264,26.445537094338487,168.08333333333334,0.2000992063492063,2757708836.9444447,61879.398533838044,-0.760854276920392,-0.005827759436045,0.2575213614379555,69264921.84886551,6.203251592767251
LUNG1-389,97.39125056980164,19.731365067393952,-68.42234200437274,47.97035378047271,0.2832850672013069,26.70209867474232,207.30434782608697,0.2503675698382692,2502007737.0,60729.27134483485,-0.7714610100498936,-0.0018271013932245,0.2970223045897485,397714168.2999432,0.7107383774497932
LUNG1-390,93.81768999094862,-32.8294984106043,-67.17135364419171,53.84286095629618,0.2789616008653326,27.660895661414617,141.06933333333333,0.1880924444444444,899416370.1315789,39445.22139537383,-0.7248610096860478,-0.0031254893446978,0.2246567313203221,57070974.6186067,2.373234762399472
LUNG1-391,110.148929476647,-57.51783109356923,-81.72207897584079,53.90916321034188,0.2731439565414215,22.902211079283195,378.9805942995755,0.2298244962398881,2781143928.7916665,57615.20607664807,-0.4430355514918939,-0.0014001136328513,0.146896509357249,364386937.23043686,14.169033540492771
LUNG1-392,119.0477343258426,-23.4338940953765,-94.23013081398248,42.50133857038924,0.2793996970079535,26.863485737505897,1509.768187134503,0.3531621490373106,5965170818.458333,87503.98821417431,-0.7531748130282488,-0.0045789948438614,0.1619727967527433,315476935.5683038,0.6889583917760784
LUNG1-393,113.48788671827744,-33.52850165805923,-85.08810063677704,56.5981798986912,0.27185546875,26.76774625041641,190.254528122021,0.1813675196587426,1862229819.5666664,57845.92388661183,-0.4240735937658703,-0.0025277053498931,0.1104993489356033,128759155.79853502,1.4087335636010574
LUNG1-394,106.4632921601125,-30.519642598086307,-75.44336117650532,52.5365408140794,0.2881151025613774,27.7873662502073,553.9995157384988,0.2682806371615006,1843720502.6764705,57022.67619287876,-0.5799768945407876,-0.001262318020626,0.197927045432723,144823696.4143662,1.7083194268820892
LUNG1-395,119.62848493226856,-35.27741819741403,-79.07133844656363,49.42514413133355,0.2361550408688456,27.14971045062249,317.0978417266187,0.2281279436882149,3233513710.4313726,81256.26854925716,-0.9482882815313908,-0.001386727747271,0.3094059220932947,298217129.01906186,2.725063572886076
LUNG1-396,98.4542858475525,-46.63212868185276,-67.53517626399986,54.23418372850984,0.2584163442516762,22.96850356772676,134.13463751438434,0.1543551639981407,1603145798.868421,71485.41256382603,-0.3290402157092125,-0.0002068131602907,-0.0602821692787941,1144537027.084439,11.808084144763043
LUNG1-397,100.52743035240609,-53.02765506945727,-72.42162472730105,53.57299251689419,0.2669526627218935,26.90726465410028,199.7117750439368,0.1754936511809637,1726262057.94,61509.26446547017,-0.1954450376454492,0.0008900614256886,-0.058312678888808,157307766.79322726,7.104248815524833
LUNG1-398,113.41480380019654,-33.837064332366275,-74.76650148351041,55.95217274336858,0.2917730456658156,25.710991797624487,462.998298596342,0.1969367497219659,9143455780.034485,6356.8029465624495,-0.9082537062367362,-0.0018533357457451,0.1702245279566679,198312733.83139765,3.752541211394816
LUNG1-399,93.61200428097575,-50.002598438580826,-69.82724476694645,51.346569390820974,0.2882917873031566,26.036523720869983,110.6923076923077,0.1669567235178095,1805716564.5,47731.82010875004,-1.7589665358247428,-0.0003242297273034,0.5988994650688065,234510092.6957694,6.373023606831348
LUNG1-400,84.52679834632072,-50.43222936446891,-67.64831250757238,57.69877773066298,0.252352,25.903692025965967,138.0446735395189,0.1581267738138819,1117474984.419355,53240.343904449626,-0.4422943170831709,-0.0008517714722711,-0.108612542697411,190827237.3170975,18.49247206168292
LUNG1-401,100.2423295931756,-29.56715434164608,-75.87062408241209,56.082588499961226,0.2903158971569903,25.869363860811305,177.7487781036168,0.1737524712645325,2823951860.3170733,74976.42124433295,-0.6495789479710129,-0.0025539364550467,0.1495014050556928,260782650.95195195,2.148870473228184
LUNG1-402,118.58927935416654,-41.04829417844452,-69.60320512265523,62.05353560232511,0.284926631146825,25.92141378237498,261.80511925538104,0.1523008256284939,3183693508.925,70916.2323391504,-0.8428945113626185,0.0001554685913426,0.2358086146939148,117859072.11052015,6.05411012330082
LUNG1-403,91.02968373140648,-25.555100224299387,-71.68093079659994,54.08641004902684,0.2848725234072576,26.60950898065652,91.0,0.1805555555555555,1327018121.0,39243.3077776229,-0.4590025913390419,-0.0003565211162005,0.0675052253626218,229877466.4615072,3.389900316196211
LUNG1-404,112.23674020388476,-63.14624901287718,-78.13080308816049,54.37587890301978,0.2716489775546454,25.113436122907963,100.91291291291292,0.151520890259629,5544571222.954545,69652.24153163667,-0.9453484533101008,0.001799253206901,0.3484712711287233,382777443.4950479,21.410365985726514
LUNG1-405,108.18908776839996,-40.52825372997359,-88.82567490081352,56.545798504007,0.2394214876033057,27.60696693456278,109.74403815580284,0.1744738285465864,1144047604.891892,43436.88770538896,-1.000682956351349,-0.001648359673952,0.2679990475178681,164974841.58424613,1.3141894956486575
LUNG1-407,99.31930918626423,-19.40260693540733,-67.82783919283722,57.78722980655839,0.2701924221384646,26.483144824408527,414.39943342776206,0.1677051531476171,2229907982.193548,59783.136046199485,-1.2832789913401763,-0.0067160264461829,0.1902857974002885,112470405.45279685,2.662073289916008
LUNG1-408,84.92733008139913,-0.2143925361866173,-70.25630367158566,53.95072568981425,0.2836854680662568,25.745931871080547,260.3998632946001,0.1779903371801778,1421410749.9473684,37641.3259971908,-0.834958104351172,-0.0004793538752307,0.1943681026891408,110153188.48051414,1.018633908970118
LUNG1-409,115.18154247615256,-47.33093825889644,-73.20182342942718,56.75858321755995,0.3183440338774674,25.30033714339529,487.2409261576971,0.1524533561194296,7520824549.916667,91650.73925340932,-0.6354028385811645,-0.0023458957351121,0.2089248960647872,257660996.0113,3.783537680140636
LUNG1-410,113.03641401715554,-22.581926725336263,-85.3681541215312,49.96285891985117,0.2369852199464935,25.692535907842267,199.0472906403941,0.1961057050644276,2914128609.0,85053.12756439351,-0.4564621476746975,0.0018774029732833,0.1689618549794306,438296553.0045633,2.9722524482557566
LUNG1-411,109.71863900805798,-37.64774824477342,-76.73494521560445,54.51267083703607,0.2558709529087434,26.6783173249764,374.02581261950286,0.1787886293592269,13828877626.721312,228950.4914723889,-0.3595033588843065,-0.0006313390458592,0.1348485941650697,1480885852.4286084,5.243140558215877
LUNG1-412,92.30743301918795,-54.48903100108441,-77.27455256658119,60.44615194951729,0.2641486874269316,26.188476450340648,148.86925434116446,0.1520625682749381,1489973816.6666667,57912.842133508806,-0.9190700219815402,0.0008595849506165,0.2517881627875279,31951304.62870679,13.520499934571731
LUNG1-413,86.10285716717065,-14.453114751105424,-64.6943114679776,59.21366512511084,0.2778738946559015,27.37333758996424,184.89912706110573,0.1793395994773091,1309266332.48,38397.26340517674,-0.4877024698659769,-0.0012931767662339,0.1471606950825075,74364919.35006502,3.0769548109529747
LUNG1-414,98.18369457346944,-17.447902599061187,-74.8543543818077,50.18174159024541,0.2288399134667387,27.28389706768772,58.725,0.183515625,1435031286.4375,44285.90732815215,-0.7742961181708837,-0.0033385389386023,0.3634136563762606,235551941.93143624,2.286855199611803
LUNG1-415,97.3188828240556,-53.4682136134835,-75.02846743017466,55.1405806875054,0.2667501964365351,26.11162238773168,139.9648484848485,0.1696543617998163,3372804002.6666665,51444.18125926641,-0.4126977482368327,-0.0008067296217564,0.2576114177127222,327107283.55928016,6.910656526886132
LUNG1-416,87.61349751705964,-17.104905881327532,-64.01150344396441,57.78035658470704,0.3097149824721841,25.898901140224847,228.5656108597285,0.1477476476145627,1522885798.7826087,55717.50419164539,-0.5632888982543578,-0.0018515088266559,0.0992233006892086,147961639.0555796,1.6370228700943434
LUNG1-417,98.39051589288822,-63.610582867428526,-78.09123778767106,59.00565497670006,0.2703672049082751,27.45268326856829,102.73579545454544,0.1459315276342975,1749805711.8372092,63332.08452844874,-0.5246047962729145,6.463657775553772e-05,0.0836726219667605,114099147.43731616,23.523545449074344
LUNG1-418,112.53595187123634,-63.53336763819565,-83.72240991432933,57.97507436948885,0.2628124343625289,28.14469172620717,107.3671497584541,0.1728939609636942,1537878560.3421052,52731.784509529934,-0.7102390113422744,0.0001009281163185,0.1644850912579688,154591437.5367769,5.983368718652969
LUNG1-419,124.37386805095332,-49.6925349312595,-73.82713004284501,51.821317305116665,0.2739467382086415,25.636006329204235,496.187769502156,0.1945071617021387,20369043539.08,302589.8479626153,-0.9631629064757364,0.0002280089570629,0.2031692189229921,2532006571.8485794,6.763445571284787
LUNG1-420,100.26655019181403,-52.83015956092689,-75.09080341652206,54.385240920624426,0.2430651503879264,27.18538271500459,93.1011235955056,0.1743466733998232,946891937.2,42127.23629156805,-1.1134475809824895,-0.0002731304579983,0.3856758745083737,198971587.0202869,6.557047524164426
LUNG1-421,95.4735392632941,-28.758395644869843,-70.3269853804059,53.097053156393486,0.2429888058225545,26.168554765349366,64.75520833333333,0.1686333550347222,941520271.4444444,40292.75946396215,-0.3084855590557821,0.0006916699861926,0.0746929856950576,256467545.64045748,6.608175055426276
LUNG1-422,105.82966619890112,102.14411932540293,-98.81274329109002,53.90091508582949,0.2436128257887517,24.304565159943163,1345.867256637168,0.3970109901584567,3868352991.652174,69110.43511226325,-0.3072066802860918,-0.0012794240488778,0.2939265275320324,707189560.4278846,0.6451459915957201
