patient_id,radio_dim_0,radio_dim_1,radio_dim_2,radio_dim_3,radio_dim_4,radio_dim_5,radio_dim_6,radio_dim_7,radio_dim_8,radio_dim_9,radio_dim_10,radio_dim_11,radio_dim_12,radio_dim_13,radio_dim_14,radio_dim_15,radio_dim_16,radio_dim_17,radio_dim_18,radio_dim_19,radio_dim_20,radio_dim_21,radio_dim_22,radio_dim_23,radio_dim_24,radio_dim_25,radio_dim_26,radio_dim_27,radio_dim_28,radio_dim_29,radio_dim_30,radio_dim_31,radio_dim_32,radio_dim_33,radio_dim_34,radio_dim_35,radio_dim_36,radio_dim_37,radio_dim_38,radio_dim_39,radio_dim_40,radio_dim_41,radio_dim_42,radio_dim_43,radio_dim_44,radio_dim_45,radio_dim_46,radio_dim_47,radio_dim_48,radio_dim_49,radio_dim_50,radio_dim_51,radio_dim_52,radio_dim_53,radio_dim_54,radio_dim_55,radio_dim_56,radio_dim_57,radio_dim_58,radio_dim_59,radio_dim_60,radio_dim_61,radio_dim_62,radio_dim_63,radio_dim_64,radio_dim_65,radio_dim_66,radio_dim_67,radio_dim_68,radio_dim_69,radio_dim_70,radio_dim_71,radio_dim_72,radio_dim_73,radio_dim_74,radio_dim_75,radio_dim_76,radio_dim_77,radio_dim_78,radio_dim_79,radio_dim_80,radio_dim_81,radio_dim_82,radio_dim_83,radio_dim_84,radio_dim_85,radio_dim_86,radio_dim_87,radio_dim_88,radio_dim_89,radio_dim_90,radio_dim_91,radio_dim_92,radio_dim_93,radio_dim_94,radio_dim_95,radio_dim_96,radio_dim_97,radio_dim_98,radio_dim_99,radio_dim_100,radio_dim_101,radio_dim_102,radio_dim_103,radio_dim_104,radio_dim_105,radio_dim_106,radio_dim_107,radio_dim_108,radio_dim_109,radio_dim_110,radio_dim_111,radio_dim_112,radio_dim_113,radio_dim_114,radio_dim_115,radio_dim_116,radio_dim_117,radio_dim_118,radio_dim_119,radio_dim_120,radio_dim_121,radio_dim_122,radio_dim_123,radio_dim_124,radio_dim_125,radio_dim_126,radio_dim_127
LUNG1-001,-0.066791,-0.009830251,-0.00055960193,0.085948035,0.08371847,-0.07397481,-0.0029735416,-0.161826,0.011921434,0.15648973,0.13155164,0.034282044,-0.24923258,-0.07653814,-0.16753688,0.0745358,-0.08924156,-0.050154313,0.061273593,-0.076220915,-0.07383661,0.06983352,0.06843346,0.07927424,0.06500844,0.0742933,0.009249572,-0.1312041,-0.03251258,0.07408483,0.12822795,-0.16914243,0.066758506,0.06350682,-0.017788889,0.021282855,-0.047017943,-0.08840797,-0.017149646,0.01291584,-0.09290057,-0.059474513,-0.011736959,0.020367932,0.0017416179,-0.15090744,-0.023460966,0.15712625,-0.13471106,0.06998856,0.069558494,0.02438754,0.13015732,-0.10081748,-0.012185095,-0.034744196,0.1383232,0.025898188,0.0123414695,0.039462887,-0.07471631,0.010270176,-0.031050574,-0.10840435,0.049765572,-0.027383782,0.03474997,0.14648438,-0.11885306,0.14994442,-0.14879109,0.25888208,0.060606677,0.102698825,0.030963792,-0.053443063,0.049289916,-0.008686534,0.1533398,-0.010464661,0.0048554316,0.15864705,-0.013907775,0.02146006,0.1326657,-0.2131254,-0.011074584,-0.062418595,0.09994186,-0.29527137,0.21178344,0.043968458,0.10627881,-0.060769342,0.08614583,-0.17230874,0.020084042,-0.018673591,0.09369002,0.087227635,0.08285456,-0.02420291,-0.12106594,0.095338516,0.14331043,-0.08493808,0.08215934,-0.021240063,-0.19460393,0.138646,-0.1212004,-0.076538615,0.070022576,0.053849656,0.11337642,-0.07735762,-0.03517616,0.06389705,-0.023244034,0.14577533,0.022049956,0.03597699,-0.037593037,-0.1461873,-0.058639243,0.061100557,0.12575124,-0.06645177
LUNG1-002,0.0963685,0.03769062,-0.103976995,-0.015298724,0.10418112,-0.12052358,-0.082787,-0.1586278,0.03688415,0.07048381,0.045409992,-0.06258531,-0.13214119,-0.057992868,-0.17680313,0.0838431,0.052567698,-0.10661676,0.034659095,-0.18530872,-0.14806056,0.006496392,0.08565982,-0.022449825,0.04787551,0.09780976,-0.13373324,-0.0936571,-0.089027405,0.090199284,-0.008486862,-0.07044241,0.12142548,0.02663112,0.008358449,-0.04041601,-0.064213924,-0.012029935,0.01520443,0.012549861,-0.09295204,0.0640512,-0.0005551316,0.113867335,0.02561745,-0.02148382,-0.0143678505,0.16497397,-0.12771174,0.04328016,0.01593595,0.044431135,0.11603677,-0.111431316,-0.03408799,-0.0482329,0.15016088,0.007704705,0.013800491,0.13285416,-0.12291076,-0.008752257,-0.104204275,-0.14896816,0.053917743,-0.068373844,0.05342508,0.239036,-0.07255885,0.14790854,-0.113284215,0.22515517,0.107844636,0.13610813,0.15472502,0.0009050891,-0.027000673,-0.0055553457,0.06757405,0.099963725,0.0076689385,0.17219707,0.0438371,-0.002002418,0.07219745,-0.14283642,-0.12900864,-0.059527308,0.054997556,-0.2095634,0.09085729,0.08647195,0.090343356,-0.06833232,-0.026698407,-0.15026277,0.0179035,-0.0035003638,0.009876195,0.009194553,-0.026681086,-0.13425225,0.009835275,0.050297916,0.020085983,-0.124392636,0.034290895,0.011219401,-0.18968262,0.047954746,-0.03745039,-0.05068773,-0.051506765,0.14668389,0.05095482,-0.096954964,0.0068045817,0.088594474,0.050889336,0.03414853,0.014563799,-0.007617198,-0.1463807,-0.07765704,-0.038359746,-0.0074937716,0.089548215,-0.0674839
LUNG1-003,0.030824155,-0.03604763,-0.021035407,-0.12165212,0.12410684,-0.12820095,-0.06467698,-0.15472814,0.14512819,0.19830528,0.16466022,0.10454123,-0.18090506,0.034480903,-0.09016423,-0.03259668,-0.1657801,-0.125795,0.12068125,-0.08263777,-0.041142,0.16741237,0.19659808,0.03076254,-0.003481783,0.18910688,-0.2136731,-0.09610098,0.030049749,0.17580955,0.053956598,-0.05753208,0.056109708,0.18354964,0.07180627,-0.08326333,0.008421786,0.08699134,0.14783797,0.05586775,-0.21563472,0.079907246,0.013574582,0.07487011,0.059487335,-0.19043587,-0.047784742,0.16127765,-0.016138747,0.12493595,-0.0031193271,0.032647386,0.12279288,-0.12436354,-0.053483732,-0.015616544,0.21821344,-0.061254084,0.16140053,0.076682284,-0.15091553,-0.00040962175,-0.13397609,-0.06631682,0.0037734583,0.008865017,0.0032485425,0.08902347,-0.2784654,0.27369252,-0.062197436,0.20156933,0.1711476,0.17960733,0.10450935,-0.19579807,0.048122,0.017098865,-0.010345688,0.0014707856,-0.019126855,0.25138974,0.013694093,0.13137425,0.18201643,-0.17532566,0.03968413,-0.0742185,0.042676866,-0.24416953,0.02309025,0.12061984,-0.022720575,-0.025555156,0.0029136762,-0.08349906,0.038088523,-0.096546255,0.16817698,0.12536725,-0.114814125,-0.09551686,-0.04910914,-0.010962129,0.1078539,-0.0160866,-0.0075316504,-0.10610075,-0.12424822,0.16563638,0.092069976,-0.10093827,0.008449037,0.11302908,0.0019397102,-0.11168718,-0.1450014,0.1489436,0.12019809,0.061284263,0.1277341,0.059002817,-0.108072735,-0.08162329,-0.051048763,0.04263506,0.06619976,-0.018471792
LUNG1-004,-0.038438365,-0.048018612,0.0005508661,0.079004556,0.06600909,-0.067813784,0.012511313,-0.13695233,0.052303955,0.13226701,0.0703615,0.025725193,-0.15613633,0.009558681,-0.06132172,0.054424986,-0.09414851,-0.019291941,0.025805937,-0.077038154,-0.021630198,0.09484819,0.11457593,0.06360473,0.08432505,0.059829894,-0.026192863,-0.04678624,-0.06659461,0.07282468,0.065292716,-0.14304203,0.09578763,0.06041681,0.005833164,0.010277249,0.03286196,0.051992696,-0.03408345,0.037110813,-0.10299362,-0.028474059,-0.022351528,-0.0048166085,-0.08201115,-0.1157363,-0.048635125,0.12799263,-0.061233655,0.04950461,0.13157462,0.032192647,0.09829236,-0.09172167,-0.05288846,-0.02852469,0.074562445,-0.02647019,-0.033991277,0.078401044,-0.110578135,0.007937532,-0.021729967,-0.10604652,0.035847843,-0.013333581,-0.0016090162,0.07226913,-0.037643835,0.100836344,-0.13883783,0.15473413,-0.00028032437,0.012683002,0.07845233,-0.10661101,0.056972034,0.005934257,0.034298934,-0.030259406,0.031734552,0.06316891,-0.056603648,0.12162416,0.10443023,-0.08757321,-0.046637297,-0.02995548,0.09092015,-0.20365804,0.11425544,0.0029440783,0.099947765,-0.057766393,0.019045994,-0.07142327,0.03341892,0.009201692,0.05715297,0.08443024,0.048677,-0.09416706,-0.024682973,0.0769008,0.14818342,-0.053289115,0.12365402,-0.034987807,-0.081616856,0.17467564,-0.09406636,-0.12851833,0.025782747,0.09792945,0.071678475,-0.081900984,-0.098340325,0.014566489,0.033312667,0.08568002,0.06844783,0.027875543,-0.12763177,-0.09085138,-0.09331965,0.046152674,0.16061005,-0.038574874
LUNG1-005,0.05346358,0.06840165,-0.1496424,-0.043217108,0.15254572,-0.12580639,-0.1654062,-0.28297716,-0.023276158,0.24542534,-0.0010238253,0.049056426,-0.21907167,-0.05616595,-0.0607843,0.05102273,0.014939951,-0.08264699,-0.027809698,-0.19664918,-0.08969087,0.14639631,0.2539291,-0.016487092,-0.055654593,0.047727384,-0.20465674,-0.21254599,-0.07139769,0.13617474,-0.13805448,-0.08882995,0.16685063,0.14019048,-0.06871147,-0.11796535,-0.07490058,-0.0061793253,0.040220786,0.0022760518,-0.20421289,0.053101666,-0.084890895,0.018579498,0.026543647,-0.1902668,-0.0024696179,0.119502865,-0.028728008,0.08746412,0.03820933,0.038303934,0.12814707,-0.024836339,-0.007819708,0.027345754,0.15411538,-0.011981916,0.03667677,0.122637555,-0.21978176,0.030180737,-0.1426803,-0.09591339,0.015929602,0.012831373,0.008646626,0.24183941,-0.13098608,0.22521773,-0.08813783,0.25388432,0.12934856,0.09365201,0.13598256,-0.12256062,-0.1552306,-0.027434744,0.033019017,0.02674184,-0.035279416,0.14107214,0.044315994,0.052768476,0.138227,-0.12609738,-0.09633516,-0.0036012614,-0.033053502,-0.16485257,0.0302138,0.037991744,-0.039829828,-0.11834354,-0.12560667,-0.022315998,0.15082651,0.009284958,0.031553484,0.08680632,0.030845497,-0.16351071,-0.007976245,0.0055743083,0.13451687,-0.15610176,0.05620087,-0.05085709,-0.06319272,0.09612536,-0.15839143,-0.005817659,-0.0762852,0.19841844,0.009854799,-0.1270768,-0.037981525,0.031591274,0.057371695,-0.01792878,0.0678335,0.064459115,-0.011199996,-0.051823273,0.014378987,0.02874476,0.09548112,-0.15581688
LUNG1-006,0.048168957,0.04976035,-0.114434645,-0.03158404,0.11676271,-0.069591135,-0.15077057,-0.24634004,0.0019172803,0.23956245,0.02290692,0.026402965,-0.20563811,-0.091938965,-0.108955085,0.049920768,0.012914833,-0.09552124,0.022876766,-0.20954405,-0.052259162,0.09791661,0.19658655,-0.037131622,-0.017911583,0.049119126,-0.14549328,-0.16283107,-0.05480561,0.14061584,-0.10194985,-0.08744162,0.19287957,0.077999555,-0.07732211,-0.090397544,-0.052358363,-0.005784245,0.007331578,-0.018974729,-0.1778467,0.07341885,-0.045481667,0.054548822,0.027297955,-0.10345109,0.015933104,0.16675082,-0.0552254,0.09096546,0.008815903,0.023679273,0.14642957,-0.075576976,-0.022085276,0.018386215,0.13739966,0.016453229,0.001649972,0.14510097,-0.1874494,0.046319354,-0.13314193,-0.13348922,0.030673161,0.0147169,-0.025632337,0.21856838,-0.11207844,0.2025348,-0.031753134,0.2959892,0.09192133,0.119553395,0.13135059,-0.11876584,-0.079625085,-0.010603943,0.053269543,0.08877957,-0.001621671,0.1523251,0.030548848,0.080407515,0.10808583,-0.16246963,-0.048813652,0.04090075,0.0016126409,-0.20771311,0.035536744,0.054627553,0.009033598,-0.1371436,-0.124563515,-0.08870568,0.106700875,-0.01114433,0.061067533,0.068722166,0.043578744,-0.12716602,-0.028872281,0.039578527,0.103582434,-0.15815192,0.042291418,-0.02089084,-0.09142315,0.101796046,-0.12173099,-0.0048816986,-0.07193143,0.16762993,-0.037889246,-0.05598152,-0.066910505,0.038580667,0.014683974,-0.003670346,-0.004500821,0.045130946,-0.059728898,-0.10118021,-0.025962442,0.022489093,0.020295743,-0.1296697
LUNG1-007,-0.018289663,0.023300346,-0.044374365,-0.0012408122,0.033569865,0.005564537,0.0059353784,-0.15182817,0.039174087,0.06136523,0.073258266,-0.03900423,-0.12604223,0.003547635,-0.08638908,-0.0022849888,0.023829937,-0.06665118,0.06127922,-0.13225092,-0.083389565,0.06872568,0.12362207,-0.022373844,0.04131021,0.101545095,-0.11726236,0.015229862,-0.037897915,0.021111898,0.015779693,-0.033366174,0.04753439,0.09205903,-0.06422342,-0.051709145,-0.07065694,0.045158025,0.050668284,-0.010243755,-0.027375977,-0.0054249056,0.011090666,0.07030356,0.017706726,-0.005651327,0.009065634,0.101573035,-0.057743557,0.041559927,-0.013989553,0.0060793273,0.053172592,-0.048703555,-0.034657437,-0.06416914,0.09867066,-0.02918338,0.010168962,0.12043209,-0.048431233,-0.020075679,-0.15472765,-0.11276147,0.003548449,0.05445212,-0.0055338293,0.12611662,-0.087928765,0.12847137,-0.123949036,0.18884274,0.0067732856,0.056395724,0.11381818,-0.08315237,0.026207436,0.016234647,0.047192026,0.050713606,0.030993093,0.04120619,-0.08871192,0.06822869,0.07436842,-0.04208245,-0.08604827,-0.028632425,0.10503463,-0.09960039,0.10578291,-0.019413235,0.043388043,-0.14230162,0.023863131,-0.060825877,0.0048475377,-0.025003556,0.024188511,0.0829184,-0.017021678,-0.040159315,0.07267557,0.05941358,0.076361395,0.008859649,0.011967357,-0.082943335,-0.06300801,0.091692865,-0.10990697,-0.09082094,-0.014154777,0.12771685,-0.0046132095,-0.11132499,-0.049230248,0.06189073,0.059082553,0.097983226,0.030702293,-0.09117936,-0.022655465,-0.10276304,-0.066305876,0.023522332,0.0565137,-0.11835274
LUNG1-008,0.027461074,0.03315457,-0.12172866,-0.0064089894,0.114776686,-0.058555204,-0.13996342,-0.22610128,0.035936188,0.18094906,0.03492972,0.0012360662,-0.21356627,-0.0761651,-0.1338233,0.03715243,0.020268572,-0.094592065,0.0636506,-0.18267551,-0.052112386,0.09833878,0.1564296,-0.0038137976,0.01928559,0.0807865,-0.1549289,-0.13039806,-0.065265186,0.09375766,-0.06319111,-0.08590588,0.1830053,0.06298453,-0.09131163,-0.12503168,0.013693292,0.0130161485,-0.0016974732,-0.014397316,-0.11283639,0.07171595,-0.033598922,0.09605259,0.01740136,-0.09287777,0.056663092,0.19561738,-0.095862165,0.047697738,0.013471991,0.023266654,0.14884257,-0.04837136,-0.05083424,0.036402747,0.14886075,0.046856463,-0.023583218,0.1489276,-0.17179167,0.02433962,-0.12348555,-0.12873942,0.03561844,0.016091589,-0.01572249,0.20473653,-0.09597501,0.2263669,-0.039977066,0.3013319,0.07304394,0.123277836,0.1648694,-0.12401087,-0.047783785,-0.010499694,0.06108275,0.072450235,0.019665156,0.13852182,-0.03197174,0.07027889,0.10459933,-0.17066914,-0.019481156,0.038852133,0.0015313029,-0.17890806,0.06796695,0.049407743,0.017337449,-0.14124769,-0.07198713,-0.10055749,0.044524476,-0.02898678,0.035319585,0.09343068,-0.004406539,-0.085456684,-0.03346999,0.06424142,0.124284655,-0.13527912,0.044578757,-0.03963474,-0.09643832,0.12389566,-0.1331485,-0.014838938,-0.040709928,0.14390174,-0.07517677,-0.06485297,-0.05651537,-0.008832209,0.03586141,0.026728239,0.0505556,0.017690718,-0.022698667,-0.11789526,-0.027797952,0.015573159,0.024076585,-0.117465936
LUNG1-009,-0.019866196,0.034289446,-0.024232443,0.032304715,0.066057906,-0.08659686,0.04314039,-0.16186807,0.037395656,0.1389916,0.03203866,0.0019733906,-0.14846283,0.005627554,-0.054023392,0.008920712,-0.05625368,0.0007004123,0.06253737,-0.05373094,-0.031164892,0.0804873,0.09709866,0.08131351,0.11607462,0.053223517,-0.0060574915,-0.05186078,-0.046637475,0.07222221,0.011080677,-0.10124113,0.11321695,0.06884956,-0.052937288,0.013177227,0.047595765,0.05216346,-0.0013744235,-0.0027956404,-0.10436304,-0.047541674,-0.034718502,-0.03139894,-0.04427757,-0.09026035,-0.03333042,0.15274912,-0.080857374,0.13539493,0.052767497,0.03263457,0.1311712,-0.08667417,-0.06607355,-0.046032764,0.07857599,-0.023967277,-0.018776286,0.08820326,-0.06456046,-0.022779707,-0.008709073,-0.09831183,0.06698814,0.038766615,0.037625343,0.037043683,-0.051343534,0.091295734,-0.12735917,0.13495216,0.017849926,0.02173566,0.042521827,-0.12030136,0.07376167,0.041388787,0.021658638,-0.07456619,0.084222555,0.061976388,-0.055886254,0.108430326,0.06843197,-0.11913191,-0.043706253,-0.043395743,0.0700192,-0.15772006,0.102702886,-0.0065177334,0.12029229,-0.08097684,0.022675768,-0.08350554,0.003983086,-0.012308864,0.047783915,0.11291434,0.002311939,-0.08456053,-0.015658941,0.09308744,0.15084991,-0.047755525,0.091742,-0.02573942,-0.14710934,0.12539588,-0.12325867,-0.089911446,0.05049955,0.17257597,0.0062678177,-0.068991184,-0.08529335,0.030150063,0.027826123,0.047949106,0.051033195,0.023786508,-0.08126259,-0.009981834,-0.066871226,0.038589228,0.10889152,-0.08934663
LUNG1-010,-0.011985678,0.039483882,-0.10202739,0.019429043,0.08518822,-0.0583873,-0.046706103,-0.17772247,-0.02550761,0.15887454,0.08087399,-0.013767026,-0.097957484,0.0042534284,-0.110904574,0.046287395,0.063054256,-0.05628641,0.045087513,-0.14018896,-0.11998442,0.0112184435,0.10530087,-0.013009485,0.041448995,0.07854595,-0.11638896,-0.06872121,-0.082133874,0.04625628,-0.046283957,-0.0716676,0.08848641,0.07046285,-0.10492404,-0.06286888,-0.029947747,-0.021358754,0.059954174,-0.02851339,-0.06669455,-0.0043937676,-0.00883222,0.08297056,-0.03726022,-0.012823316,0.009746177,0.14855629,-0.09708632,0.081008054,0.004278086,0.002342891,0.1270976,-0.08993131,-0.06677496,-0.06792503,0.12985304,-0.025999647,-0.024625458,0.11048176,-0.09208107,-0.032307185,-0.13698061,-0.15957698,0.0021875622,0.0033946652,-0.019852623,0.20364752,-0.09790888,0.16896662,-0.10215765,0.24174723,0.031134512,0.072393835,0.09266639,-0.045988295,-0.03014652,0.028552951,0.021958617,0.107436925,0.04296436,0.1441324,-0.030798208,0.067337416,0.050368603,-0.0887222,-0.103183664,-0.028350418,0.054326527,-0.13440171,0.06795639,0.0025053434,0.07703068,-0.109724194,0.0019991454,-0.13735342,0.04248297,-0.031374443,0.021223282,0.09227915,-0.02093266,-0.049917158,-0.0050684214,0.03147173,0.05509685,-0.04602748,0.043774895,-0.031115605,-0.088416584,0.061228514,-0.14889316,-0.054136656,-0.032041453,0.12791437,-0.024647485,-0.1307921,-0.051480427,0.035857517,0.037594803,0.07562843,0.0365469,-0.07507609,-0.07577115,-0.09087769,-0.050215717,0.01065686,0.03579099,-0.16582578
LUNG1-011,0.0024513826,0.12189793,-0.070286706,-0.053505547,0.044218194,-0.06608491,-0.036908098,-0.18502453,0.043184776,0.19291964,0.022663038,-0.029577456,-0.16708672,-0.05084195,-0.09063618,-0.09127355,-0.026103714,-0.010793518,0.06860514,-0.11167145,-0.0784524,0.05855622,0.10982112,-0.03646838,-0.0033463687,0.021796737,-0.11235744,-0.111654975,-0.031073492,0.15687725,-0.07920872,-0.07480158,0.12995455,0.10403244,-0.05226776,-0.030509405,-0.04615884,-0.00010045245,0.048838288,-0.053208344,-0.13760409,-0.018807909,-0.042255655,-0.04435405,-0.0042027906,-0.060243838,-0.016471356,0.17205492,-0.03847271,0.18095466,0.06320481,-0.001501523,0.1359728,-0.15331995,-0.03062839,0.010047965,0.11345227,-0.0075890236,0.009146471,0.114175044,-0.12855312,0.026641803,-0.05320102,-0.11204862,0.013586724,0.07663281,-0.034708418,0.1286132,-0.13602796,0.14236271,-0.050192058,0.20271213,0.06343667,0.042515796,0.058943834,-0.11405994,-0.010991611,0.03478417,0.025568007,0.026597463,0.053369757,0.16148442,-0.007601626,0.10352687,0.07436156,-0.14225063,-0.088134706,-0.0036526732,0.052669458,-0.15710217,0.0610137,0.023489404,0.052722044,-0.107225865,-0.07466528,-0.039382197,0.08569101,-0.016881403,0.036247566,0.07067756,0.016225128,-0.07744205,-0.0059637576,0.050733194,0.07349313,0.006215103,0.07533645,-0.042872608,-0.131116,0.09747715,-0.14805537,-0.051716283,-0.012914941,0.15164694,-0.038822845,-0.019598061,-0.09870301,0.033105154,0.03030644,0.06479358,-0.010711137,-0.015608273,-0.01167535,-0.026197283,-0.101476304,0.018765453,0.02075985,-0.116320156
LUNG1-012,0.07870197,0.035968862,-0.07672345,-0.06777965,0.009349598,0.00094389543,-0.07846808,-0.13252255,0.009418553,0.2748462,-0.015201252,-0.008855671,-0.23552026,-0.120312475,-0.2203674,0.02769302,-0.03693875,-0.02871089,-0.059863426,-0.11635247,-0.14383714,0.11688755,0.16423409,-0.11153021,-0.067553826,0.0378981,-0.20055322,-0.18383503,-0.029654581,0.17625257,0.0132772885,-0.07977138,0.0709286,0.08732111,-0.049848508,0.002802465,-0.20398726,-0.039455757,0.060768872,-0.00441966,-0.08532557,-0.07742358,0.030042171,-0.045250043,0.12578627,-0.09421616,-0.08066243,0.23112845,-0.08280967,0.05181708,0.054343536,-0.069001265,0.060464114,-0.06754823,-0.021638822,-0.11906585,0.109183125,-0.0028169528,0.06553441,0.07317388,-0.07037032,0.005262254,-0.12689286,-0.09905621,-0.003514016,0.12352573,-0.023844987,0.24614978,-0.14162183,0.214082,-0.07760224,0.24076915,0.056016404,0.02150809,0.14803654,-0.03749875,0.0333537,0.03172002,0.06028445,0.03991677,-0.025580816,0.1980827,-0.0042351857,0.060385533,0.06712572,-0.120797575,-0.05013103,-0.04889345,0.06897896,-0.19762245,0.10114079,0.0066074654,0.054231882,-0.030597735,-0.113352925,-0.14229909,0.13468081,0.06757156,0.022340886,0.13568212,0.056205157,-0.09549117,0.048091322,-0.020098895,0.09705469,0.02122571,0.009844728,-0.08712734,-0.102360815,0.1634059,-0.16161725,-0.047408924,0.0028585643,0.059389167,0.11938112,0.0029876158,-0.018538004,0.019145738,0.028009309,0.1444338,0.058868982,-0.024491545,0.041621983,-0.04277661,-0.10557986,0.04167836,0.074563794,-0.18826887
LUNG1-013,0.00057793595,0.04850035,-0.002781175,-0.028295934,0.14386165,-0.06611993,0.016274646,-0.12766162,0.1313929,0.048329167,0.09094949,-0.09165755,-0.15288422,-0.0121848695,-0.1636703,0.030056277,-0.009455327,-0.08395771,0.15142778,-0.118955,-0.04074199,0.06142296,0.067982316,0.06851989,0.11062217,0.122283675,-0.08496599,-0.09964452,-0.05306866,0.071269125,0.009643745,-0.05858516,0.111981496,0.0639886,0.023298867,-0.09351688,0.0457281,0.047704935,0.07466911,-0.010898393,-0.08284774,-0.009120826,-0.057187274,0.1341061,0.005342014,-0.045507617,-0.058518842,0.17407584,-0.10881279,0.096869156,-0.03632918,0.020465653,0.16599856,-0.11502668,-0.07178981,-0.051527712,0.1699298,0.029425725,-0.008239824,0.056818996,-0.047250718,-0.10496787,-0.0146445725,-0.086831376,0.028531823,0.016136084,0.049810253,0.10608317,-0.082499586,0.15686624,-0.07398296,0.19806299,0.06413242,0.08119345,0.08250561,-0.053003162,0.051765148,-0.0033569797,0.09433727,0.019187316,0.039573155,0.1706928,-0.04401383,0.038261656,0.10206223,-0.19375637,-0.066266455,-0.019352818,0.10119239,-0.20104001,0.10347647,0.057285182,0.072972625,-0.10385119,0.091000184,-0.07926459,-0.010575043,-0.048183788,0.040859558,0.08319645,-0.04647398,-0.031939827,-0.06882611,0.03706842,0.09061592,-0.023824653,0.05187506,-0.021768428,-0.18495846,0.08420211,-0.03957266,-0.04647115,0.029787388,0.15982088,0.019604731,-0.009778382,0.012000874,0.05973001,0.04616159,0.18371847,-0.006957095,-0.0024716929,-0.0930073,-0.055777326,-0.112588,0.0082379505,0.09693093,-0.116802126
LUNG1-014,-0.0031366814,0.08945604,-0.06851341,-0.02711676,0.093979046,-0.04901434,-0.046030767,-0.21800116,-0.04999587,0.14660466,0.0754544,-0.015071936,-0.14146881,0.0070912056,-0.033044957,-0.00094245176,0.057813033,-0.04990965,0.01135659,-0.14466134,-0.13159864,0.06554362,0.15456626,-0.023859773,-0.012142584,0.08706262,-0.15101117,-0.0623027,-0.029434208,0.03207769,-0.07007535,-0.04370544,0.07011883,0.13936046,-0.08440234,-0.10880511,-0.052744225,-0.022061855,0.08016507,-0.038881317,-0.06695434,-0.045357257,-0.038465947,0.000556672,-0.015022563,-0.052717693,-0.0033483244,0.086601585,-0.036571424,0.123096734,-0.0012294054,0.013680376,0.09136042,-0.092001304,-0.03246158,-0.024777532,0.12171605,-0.05383056,0.033620197,0.14183098,-0.11656686,0.007210454,-0.14411326,-0.14942425,-0.031461757,0.021563938,-0.018661387,0.16195363,-0.1301205,0.17630497,-0.098605216,0.21129611,0.078656375,0.06479335,0.09940025,-0.0735917,-0.0819441,0.021604089,0.0126053905,0.10659985,-0.027982228,0.11055893,-0.026813235,0.091854066,0.10375408,-0.10577455,-0.1464279,-0.027983528,0.057019047,-0.09256828,0.099637374,-0.00840896,0.05907913,-0.13636011,-0.038796954,-0.09126322,0.102511,-0.04779648,0.022657493,0.074450105,0.014432629,-0.047512,0.040960792,-0.008301608,0.086628474,-0.014669424,0.05500844,-0.08987108,-0.061821565,0.058786213,-0.17489153,-0.09969522,-0.057818815,0.15345448,-0.019480105,-0.18100312,-0.07884252,0.0619728,0.0616608,0.07212386,0.07771425,-0.07312097,-0.045645297,-0.06497281,-0.05481997,0.023871318,0.089837566,-0.141061
LUNG1-015,-0.10305527,-0.054559186,0.0057720393,0.11581771,0.1906089,-0.14203656,0.04610595,-0.15696692,0.019059142,0.03769423,0.08535698,0.08034228,-0.13792445,-0.020935744,-0.2175684,0.11959489,-0.061152417,-0.076070026,0.09225114,-0.09469024,-0.08054727,0.02993625,0.21756202,0.01941747,0.1297072,0.06277166,-0.0461511,-0.15379676,-0.09519091,0.13420376,0.09978358,-0.18079418,0.08090625,0.16927841,0.06918005,-0.00228329,-0.07057488,0.030588202,0.053019278,0.047960468,-0.17266035,0.02831924,0.037320845,0.21933487,0.008521851,-0.18401292,-0.031184457,0.14941633,-0.1033649,0.0721266,0.039124582,0.03298738,0.15487635,-0.063672796,-0.06435778,0.065191016,0.2382302,0.074420124,-0.042806443,-0.07622025,-0.07943991,-0.064823695,-0.02617422,-0.04613248,0.07748561,0.012981284,0.15604469,0.16027915,-0.1344729,0.078990884,-0.19384822,0.24665865,0.036215138,0.17406616,0.09412071,0.013553575,0.13101876,0.026497107,0.18490207,0.0008197315,0.08289786,0.12872398,0.005648814,0.02070187,0.0709305,-0.18569608,-0.105610624,-0.11486874,0.18091981,-0.36993605,0.11605236,-0.0853313,0.12488675,-0.0046924576,0.10295687,-0.04309859,-0.02706533,-0.011116615,0.12748921,0.12768734,0.045226183,-0.06769844,-0.10113672,0.10128399,0.09098926,-0.14627396,0.09610608,-0.043091815,-0.12841982,0.15386286,-0.020695828,-0.04915202,0.12344558,0.018755615,0.18108845,-0.093347795,-0.04012795,0.12654474,-0.04069341,0.1883032,-0.022432335,0.030880608,-0.11017792,-0.12126464,-0.13332754,0.03845927,0.14465109,-0.09559607
LUNG1-016,0.030809965,0.075224385,-0.1009507,-0.044379033,0.12247135,-0.08570257,-0.07454682,-0.14619613,-0.0037229024,0.16320306,0.010084175,-0.04304831,-0.1727438,-0.053694107,-0.092484735,0.09633721,0.039288383,-0.082984254,-0.060832888,-0.1595167,-0.14188279,0.074168235,0.1460211,-0.009927321,-0.03446594,0.08788802,-0.17253625,-0.13090923,-0.064768635,0.12842898,-0.025516404,-0.057702538,0.0929215,0.104667984,-0.024663318,-0.04428339,-0.1054035,-0.036415864,-0.0029054964,0.001923969,-0.14976063,-0.0046746284,-0.048520394,0.04062994,0.014317997,-0.052934133,-0.010494856,0.15044005,-0.12610045,0.08514453,0.009853311,0.014188867,0.1275565,-0.09573291,-0.027416645,-0.07240995,0.12029744,-0.0040978044,0.0020187534,0.17316288,-0.10859143,-0.00086152926,-0.13759169,-0.1426818,-0.0008980129,0.009634294,0.020097468,0.22870374,-0.078662604,0.1633972,-0.119654536,0.21768877,0.0931585,0.07790674,0.14911214,-0.053650048,-0.08973784,-0.018451944,0.09699807,0.07408915,-0.021894388,0.1660539,-0.0066019297,0.06053687,0.059891894,-0.12144072,-0.11751066,-0.06632359,0.041281793,-0.16457821,0.08395506,-0.000915356,0.055824853,-0.08865275,-0.07058161,-0.10982263,0.060925886,0.036248766,0.015712284,0.013266116,0.036745116,-0.14885922,0.03129493,0.0003452599,0.059497237,-0.12486308,0.038713153,-0.042156816,-0.16357481,0.045293413,-0.08281036,-0.009482976,-0.054757804,0.15014099,0.07088745,-0.10423654,-0.021082608,0.07744142,0.0457913,0.025403678,0.032792583,-0.026555892,-0.09161173,-0.059775356,-0.019036658,0.024071835,0.13122925,-0.13546987
LUNG1-017,0.090826504,0.036678337,-0.17880337,-0.050541572,0.15365416,-0.13124481,-0.14144447,-0.23883739,0.017553369,0.22471887,0.016079154,0.061710715,-0.17721501,-0.0080500655,-0.100710385,0.07010704,-0.07412384,-0.069971494,-0.043522477,-0.14941385,-0.04286652,0.19110262,0.23179528,0.053913027,0.01227162,0.1116343,-0.24480718,-0.21935245,-0.07269151,0.090575516,-0.03694731,-0.07381255,0.22351232,0.072093405,-0.05761111,-0.068278775,-0.002770096,0.02360506,0.058261104,0.021895487,-0.11516586,0.04848461,-0.031144846,0.031231433,0.0073840134,-0.21146823,-0.05996284,0.20018324,-0.07361133,0.007218607,0.00034292787,0.0075908564,0.15148768,0.009823702,-0.054012753,-0.048837498,0.1424692,0.015548423,0.04070474,0.06438617,-0.17445031,-0.019610353,-0.088090554,-0.052473508,0.07155179,0.03690882,0.08122294,0.22033599,-0.10823827,0.24036449,-0.119308025,0.23229763,0.10864529,0.07966025,0.18519083,-0.15530528,-0.10057328,-0.00069203414,-0.0031329917,0.0021231137,-0.03220474,0.13308892,0.012854174,0.051410906,0.11987401,-0.17517795,-0.059853755,-0.021627657,-0.049600936,-0.29020697,0.06964326,-0.0057476196,0.009399585,0.0021869019,-0.07198649,-0.06954876,0.10109131,0.052039802,0.024688086,0.1119333,0.011870401,-0.15699685,-0.019961864,-0.016203396,0.15243655,-0.12866819,0.034149617,-0.040625054,-0.09082203,0.13152534,-0.099262916,-0.015120268,-0.023498617,0.17437266,0.0005670283,-0.14610907,0.011611696,-0.035551257,0.12680112,0.03525928,0.10570714,0.09147222,0.004849922,-0.04189854,-0.03224209,0.030737959,0.12646025,-0.15157887
LUNG1-018,0.07919445,0.06395468,-0.06326868,-0.034515932,0.15347852,-0.14873195,-0.011040822,-0.14585863,0.04851224,0.06926282,0.08468866,-0.052884754,-0.12676014,0.0100739,-0.061710846,0.015381944,0.017331477,-0.07359018,-0.0026530214,-0.103278816,-0.12272833,0.082309775,0.10695109,0.041645687,0.06071774,0.103132196,-0.10924886,0.0048160553,-0.08458835,0.10060066,0.017979536,-0.070680924,0.038220715,0.12664923,0.06775656,-0.01868809,-0.07689608,-0.0119646825,0.015646294,0.035557378,-0.15064013,-0.030948792,-0.018485103,0.050626464,-0.01064302,-0.032788493,-0.023039937,0.057239298,-0.12421547,0.052228987,0.060873665,0.064708665,0.071381286,-0.14702304,-0.0019769128,-0.02477235,0.10502009,-0.02223896,0.0023354776,0.13970126,-0.08802027,-0.058523975,-0.060873523,-0.12696576,0.02577328,-0.09645466,0.03728782,0.18388811,-0.05852733,0.11877519,-0.13339892,0.14646485,0.08514695,0.10204849,0.11744818,-0.060450777,-0.049550086,-0.031876713,0.09210063,0.031476513,-0.03422229,0.1397764,0.015603483,0.0053991377,0.107969195,-0.1504875,-0.15346232,-0.07386275,0.12051574,-0.12003197,0.14437406,0.022844508,0.10591541,-0.07831535,0.0121295955,-0.079752274,0.025354702,0.002817016,0.0020808708,-0.008530229,-0.024401618,-0.09543662,0.04733789,0.010001376,0.05935187,-0.06933813,0.07964593,-0.061443757,-0.16317013,-0.014443964,-0.04377907,-0.08126731,-0.0144739,0.15562335,0.13664888,-0.1658674,0.027245987,0.04768941,0.070748776,0.08224085,0.06343786,-0.082911775,-0.15393342,-0.024319518,-0.052622378,-0.016142607,0.13464156,-0.08486217
LUNG1-019,-0.02118389,-0.08827697,0.058739867,0.014150761,0.19662142,-0.15171207,0.051566496,-0.07089508,0.21243134,0.064008676,0.17957929,0.099699914,-0.2354715,-0.14125854,-0.17690292,0.070273556,-0.09492265,-0.179985,0.10660792,-0.10209486,0.03383636,0.12522899,0.13863671,0.053903256,0.11373093,0.2234883,-0.034279805,-0.14133355,-0.022121042,0.07143594,0.08147537,-0.03560929,0.09774175,0.08877846,0.03697656,-0.05834037,0.08348259,0.09934744,0.052920803,-0.004046472,-0.080239855,0.053502105,-0.0140734855,0.17446491,0.050189435,-0.15617806,-0.08116104,0.3126559,0.003222078,0.014792934,-0.0029208884,0.078147575,0.18774924,-0.069509104,-0.08009073,0.023437686,0.14963174,0.06006056,0.05272421,0.028613713,-0.07117606,-0.12633055,-0.14385498,-0.13258016,0.03157799,0.046367876,0.10550564,0.056721006,-0.208362,0.14686067,-0.15566912,0.24329558,0.08034252,0.10720492,0.10785045,-0.07875429,0.14752465,0.02639817,0.15820983,-0.05169461,0.08738066,0.24645464,-0.067304485,0.18726107,0.09268636,-0.24355511,0.11109893,-0.14394102,0.058141842,-0.38072214,0.043898292,0.1038571,0.08785975,-0.00031944364,0.12967166,-0.14976686,-0.013222754,-0.04082641,0.14530978,0.051285286,-0.07298903,0.019284692,-0.16311336,0.1204799,0.085608505,0.0027406886,0.15401797,-0.027567904,-0.17255461,0.22116286,0.08976359,-0.09203871,0.027120901,0.15762033,0.06823684,0.024422321,-0.12633643,0.076109886,0.013774834,0.24330384,0.006957922,-0.0034983829,-0.17606108,-0.15433364,-0.15008385,0.019622207,0.11443433,-0.018637922
LUNG1-020,0.023394752,-9.205565e-05,-0.064875275,0.015287206,0.056519568,-0.0680166,-0.058620654,-0.12150995,0.050884,0.07737914,0.051748887,-0.018961333,-0.121190175,0.001969058,-0.15343118,0.02857628,0.019190062,-0.051567145,0.06589777,-0.15467256,-0.123768106,0.04237246,0.0713532,-0.009990729,0.021949083,0.07829403,-0.083285354,-0.07247696,-0.029057816,0.04741046,0.0022459142,-0.04501088,0.0785441,0.076351084,-0.058726486,-0.0452481,-0.0554294,-0.004178688,0.041994255,-0.016245987,-0.06374591,0.0075790845,-0.0338053,0.022107057,-0.0014094412,-0.0055412343,-0.032147985,0.14326435,-0.07637619,0.04267373,0.04147368,0.009259183,0.13647273,-0.060196087,-0.059107207,-0.09342346,0.14647403,-0.02425598,-0.016245928,0.11534937,-0.0876177,0.010471361,-0.09408986,-0.097713806,-0.015501705,0.048073296,0.021254994,0.11883409,-0.096142314,0.15023212,-0.083455406,0.22596115,0.084012106,0.059820868,0.0829443,-0.03925527,0.042597145,0.050875843,0.033465423,0.07923822,0.087711796,0.13541782,-0.04450053,0.080980435,0.08420159,-0.12741652,-0.07068396,-0.053295936,0.025239863,-0.18673223,0.07031345,0.06689092,0.081406444,-0.096629374,0.017333072,-0.14931273,0.07060269,-0.030979495,0.011891602,0.12356442,0.009610505,-0.103929795,0.014338942,0.03999726,0.077641524,-0.0057765637,0.047672983,-0.015266623,-0.09188432,0.1390782,-0.10767585,-0.11020611,0.016595015,0.18825132,-0.019686684,-0.054392535,-0.07659696,0.068816975,0.054520648,0.10111794,0.038470894,-0.023286898,-0.0314137,-0.11783898,-0.0668076,0.025874645,0.10407375,-0.12570398
LUNG1-021,0.04221621,0.068401754,-0.16917878,-0.11248299,0.053127006,-0.06787049,-0.13101012,-0.21184857,0.04664635,0.17054027,-0.02121384,0.0027430356,-0.19123054,-0.023388088,-0.14326411,0.027506351,-0.07814632,-0.045774817,0.08999728,-0.15755197,0.009177964,0.17160037,0.15469718,0.00868148,-0.010339595,0.112555385,-0.24419102,-0.2267792,0.03704928,0.018606346,-0.07570844,0.0034167543,0.19397512,0.091236815,-0.16636725,-0.11065637,-0.025903378,0.0010382179,0.19024706,-0.02936934,-0.020519502,0.015092507,-0.03948342,0.019163884,0.06281903,-0.15059409,-0.036107276,0.14378044,-0.04272979,-0.019268408,-0.07814687,-0.012856044,0.15559152,-0.010994926,-0.07284196,-0.08966538,0.20072955,0.0112575665,0.05402511,0.11548456,-0.14469075,0.0008111857,-0.124725446,-0.012009781,0.014115805,0.08186729,0.0803571,0.22712255,-0.16702792,0.22940913,-0.12743199,0.24260521,0.1440411,0.08999863,0.17159334,-0.14745438,-0.051089622,0.023515932,-0.01611937,0.055423044,-0.060398713,0.12617388,-0.065416634,0.08296474,0.14253743,-0.15518793,0.0059722364,-0.01968885,-0.06115643,-0.2157092,0.036472328,-0.0359269,-0.025394328,-0.0352014,-0.058168426,-0.028455082,0.10264323,0.003580939,0.09756748,0.14240795,-0.07536302,-0.105026275,0.04466545,-0.00016388297,0.13219236,-0.017187353,0.03620425,-0.040437486,-0.10684614,0.21345955,-0.09875896,-0.026628815,0.014713395,0.21943915,-0.11203512,-0.07169895,-0.02148904,-0.00821095,0.16996802,0.050199267,0.05339168,-0.05596001,0.06649777,-0.12424432,-0.062198125,-0.009028457,0.0866893,-0.19418822
LUNG1-022,-0.0067065274,0.013422372,-0.06780881,-0.007381737,0.02359888,0.014204793,-0.02654156,-0.1607473,-0.021698013,0.141337,0.02772957,0.017668128,-0.14190766,0.030461878,-0.06897741,0.043392066,0.0021613603,-0.033074215,0.004206773,-0.11132911,-0.11751455,0.11318153,0.11970658,-0.025175143,-0.012122303,0.08562661,-0.089408934,-0.03943629,-0.03423021,0.036111213,0.01845538,-0.06720099,0.07212995,0.12089346,-0.084301785,-0.009967443,-0.10039035,-0.005688371,0.007511448,0.030431736,-0.090734415,-0.03552194,-0.072066605,0.015090693,0.011268463,-0.06375791,-0.011787713,0.09350902,-0.07581231,0.057154477,0.03362373,0.020222569,0.10544962,-0.04242535,-0.020905439,-0.12460126,0.09554811,-0.048874315,-0.013824116,0.12122457,-0.062102944,0.047523398,-0.068053186,-0.10125604,0.017731749,0.08070721,0.01442036,0.12690997,-0.088041745,0.17554942,-0.10309757,0.2058879,0.024963204,0.064107046,0.076678164,-0.08336473,-0.017033307,0.037576556,0.04943118,0.03540819,0.010864846,0.10402862,-0.052754957,0.09611156,0.09505328,-0.06453163,-0.07711275,-0.031419426,0.081393406,-0.17138174,0.13574901,-0.021592744,0.06555782,-0.11670985,0.009566924,-0.13478807,0.046984836,-0.026405888,-0.021430597,0.10826501,0.01328497,-0.07148146,-0.0035513267,-0.0063336417,0.13597955,-0.032646276,0.014179688,-0.039744448,-0.03737428,0.12594387,-0.17022038,-0.09621285,0.04667258,0.12888241,0.023627928,-0.10000012,-0.08094533,0.055816848,0.04627444,0.05952882,0.06142225,-0.014829174,-0.04502277,-0.08784877,-0.02083249,0.064244404,0.104996786,-0.15968305
LUNG1-023,0.048456974,0.042815648,-0.07764359,-0.008134052,0.12946916,-0.102437,-0.079412304,-0.1889481,0.04431315,0.15936196,0.047087666,-0.026764192,-0.15265775,-0.060919322,-0.110767916,0.079656094,-0.017155927,-0.10084582,-0.011363849,-0.16442224,-0.120553076,0.06870147,0.1669268,0.019928638,0.010721892,0.05941016,-0.12595268,-0.12443615,-0.086978525,0.11350359,-0.059690956,-0.08433684,0.12666783,0.10074207,0.0033355393,-0.043824956,-0.026432827,0.011250595,-0.018994186,0.013372398,-0.21917383,0.07488454,-0.037745863,0.07306334,0.007128101,-0.102389395,0.001162828,0.112419054,-0.09891617,0.10232801,0.032332882,0.022170028,0.127788,-0.11134799,0.0053885914,-0.018550873,0.14564039,-0.038526,-0.04249546,0.14329489,-0.12852174,-0.011307273,-0.06549157,-0.112252705,0.05740016,-0.030582335,0.013270542,0.20513806,-0.084349535,0.13676779,-0.04557401,0.24394116,0.08489922,0.1309791,0.12188012,-0.10344733,-0.07706461,-0.031696398,0.010851271,0.05176246,0.0032446757,0.16593769,0.0350428,0.019396618,0.100304775,-0.13290258,-0.12064679,-0.014243498,0.066849105,-0.18007451,0.04159391,0.06531709,0.058236897,-0.132048,-0.062055618,-0.07126354,0.05952903,-0.03454017,0.06530964,0.015314907,0.028829727,-0.11444439,-0.009784084,0.020793397,0.08802663,-0.1395164,0.0483674,-0.0298356,-0.16363275,0.0060138255,-0.068026125,-0.033729643,-0.018023573,0.16318688,0.061452962,-0.10361934,-0.052695848,0.058455445,0.0063602384,-0.00854674,0.029143378,0.009492055,-0.11690553,-0.07632863,-0.039401807,0.037818424,0.08574356,-0.08589952
LUNG1-024,0.09467482,0.07600486,-0.15369035,-0.09863035,0.15537615,-0.08780727,-0.045646884,-0.18336135,0.06201475,0.2779585,0.051859856,-0.0025688037,-0.24814859,-0.09754298,-0.10246071,-0.10379337,-0.089965425,0.008451678,-0.039382853,-0.07638789,-0.040713355,0.17096758,0.22908482,-0.024092667,0.041633118,0.040773474,-0.19201897,-0.13496435,-0.095284194,0.17259377,-0.040322743,-0.025219906,0.22668812,0.015192356,0.025153376,-0.05155603,0.0027005486,0.008364001,-0.026516726,0.014140561,-0.14589283,-0.05063721,0.05042837,-0.0787586,0.025283583,-0.0641969,-0.042778786,0.2946377,-0.042788573,0.10951258,-0.033128507,-0.00765289,0.07155825,-0.13079846,-0.030554526,0.0948337,0.0032750964,0.08096454,0.031710144,0.061886936,-0.010410255,0.02577504,-0.15234166,-0.133558,0.036306918,0.09679113,0.012329653,0.18559325,-0.15808292,0.17432329,-0.12852558,0.14873451,0.06806569,0.057565823,0.18002284,-0.119028516,-0.026454676,-0.0020553959,0.0975943,0.010300562,-0.021753505,0.1241462,0.0020188391,0.18379891,0.114212506,-0.18249327,-0.10474475,-0.0073704915,-0.008022621,-0.23621926,0.11908454,0.023185972,0.021476094,-0.04334906,-0.112892,-0.07716941,0.008788014,-0.01485059,0.10742097,0.014276013,0.032914847,-0.08978985,-0.025656529,0.086229846,0.076702766,0.012347907,0.020298887,-0.0665995,-0.13644376,0.12291962,-0.061586857,-0.0026519634,-0.0111748725,0.16465543,-0.040560506,-0.04643952,-0.043527447,0.00017639995,0.03494186,0.069174945,0.0028605945,0.0011157021,-0.025145203,0.025355205,-0.058661226,-0.008219175,0.008279931,-0.080781095
LUNG1-025,0.009065345,0.026952503,-0.090068914,0.020204183,0.08187343,-0.07004584,0.007812105,-0.1236071,0.046465863,0.08075615,0.067475244,-0.07013766,-0.107223414,-0.020676129,-0.12972261,0.059298366,0.061104342,-0.06355254,0.029878972,-0.14521727,-0.09783138,-0.0018750727,0.09407021,0.016224781,0.05358453,0.0866692,-0.096341565,-0.029268153,-0.06328142,0.054093856,0.023316026,-0.0676353,0.06421177,0.06535228,-0.026628494,-0.047520347,-0.08018455,-0.022717025,0.04720398,-0.009141808,-0.053709514,-0.0017834939,0.027284987,0.1045505,-0.0023628268,0.013724778,0.022163622,0.14745814,-0.13713413,0.030960806,0.0021471307,0.0056039914,0.08582721,-0.1031224,-0.03593252,-0.04870429,0.10456078,0.0015528165,-0.028229248,0.13344839,-0.044039197,-0.073541574,-0.12332913,-0.121759325,-0.014240244,-0.021562096,0.0032799952,0.20335668,-0.06383487,0.13793103,-0.1357544,0.21141621,0.041766305,0.07809134,0.13824373,-0.035532314,0.004625026,-0.0154697895,0.076465465,0.09493038,0.053712577,0.101281844,-0.07034336,0.01370804,0.029271131,-0.081932135,-0.122488916,-0.07160525,0.10787186,-0.1616637,0.08910676,-0.0019988306,0.1097502,-0.06555792,0.049800716,-0.105760075,-0.028318834,-0.0014327122,0.013951693,0.04926484,-0.023674797,-0.050976846,0.05781495,0.032620203,0.058184624,-0.022665063,0.042849913,-0.055869732,-0.12954293,0.04920969,-0.09232216,-0.05615005,-0.01605789,0.1196236,0.03321339,-0.09365827,-0.013249656,0.058778472,0.03227571,0.13431409,0.010848034,-0.1086424,-0.0453358,-0.0807797,-0.052626945,0.007955294,0.068973795,-0.15389536
LUNG1-026,0.12151141,0.08965837,-0.19565023,-0.10436132,0.19364013,-0.09698858,-0.26161203,-0.40380678,-0.040757157,0.30495858,0.003266152,0.10432729,-0.2225103,-0.08042175,-0.08953843,0.00687414,0.0381568,-0.13314411,0.05549922,-0.16553392,-0.19099326,0.23264858,0.3102453,-0.014601354,-0.032087035,0.07446775,-0.26996255,-0.23548383,-0.036628343,0.103409305,-0.116198,-0.12649468,0.21219885,0.12180831,-0.094945,-0.19119269,-0.028387072,-0.03385216,0.06682526,-0.023816716,-0.2293335,0.15842402,-0.049421567,0.14612967,0.07853385,-0.25337356,0.044072762,0.18860283,-0.08044202,0.0695474,0.023499463,-0.04497388,0.10913077,0.038894735,0.038927946,0.030331083,0.2056227,0.037164688,0.022255462,0.11133006,-0.24708438,0.031114304,-0.18648404,-0.12966591,0.1169377,-0.029993162,-0.019506656,0.4590291,-0.110611156,0.2822323,-0.08391133,0.37518892,0.1660379,0.11837651,0.20930058,-0.14837551,-0.2232556,0.0110154115,-0.02151844,0.091223195,-0.14268976,0.1794749,0.026937857,-0.006430693,0.20054635,-0.22372498,-0.10942212,-0.008313016,-0.026237957,-0.1055032,0.069319114,-0.04614021,-0.08734145,-0.2114113,-0.17191336,-0.102906935,0.20443648,-0.018294085,-0.0013015438,0.12740143,0.07412174,-0.12624612,-0.063531786,-0.07716004,0.17838229,-0.14120792,0.005090881,-0.06425843,-0.036194243,0.09288421,-0.24197179,-0.02303341,-0.04974228,0.22438872,-0.022403095,-0.2057065,-0.044996597,-0.047715478,0.052095555,-0.021694042,0.1817449,0.041932464,0.018992752,-0.07691906,0.007691957,0.059812643,0.038781576,-0.14621687
LUNG1-027,-0.051979512,0.012447637,0.0025302172,0.015442863,0.15848677,-0.124026336,0.045345485,-0.09058751,0.06836983,0.113083355,0.08042041,-0.009488642,-0.18816367,-0.04794748,-0.17234774,0.051174402,0.017516587,-0.093335256,0.08521659,-0.08756624,-0.08417905,0.058622986,0.11479629,0.02172997,0.06783506,0.076565,-0.04417174,-0.16159761,-0.06590741,0.13205971,0.1262815,-0.09161582,0.0434244,0.1132489,0.047221944,-0.043048725,-0.0075752474,0.0120745525,0.07027037,-0.029154062,-0.10257465,-0.018235149,0.025184616,0.16056055,-0.029236984,-0.15454094,-0.046062697,0.18732136,-0.15865058,0.1295669,-0.02320081,0.032550693,0.1780999,-0.12525734,-0.062331036,-0.010555603,0.22872138,0.0774579,0.015327979,0.0068020374,-0.06059876,-0.060165763,-0.061191127,-0.06407537,0.009915268,0.0482978,0.037060127,0.14945576,-0.13530472,0.1351274,-0.16938257,0.2808225,0.079353794,0.10250532,0.07467586,-0.016296953,0.13837457,0.033132963,0.08910465,-0.01321698,0.10065593,0.25841153,-0.041316938,0.045502096,0.06248966,-0.19767243,0.0064480975,-0.10960184,0.14178403,-0.2465047,0.14174616,0.08092386,0.12261726,-0.12167165,0.13686985,-0.10955423,-0.038245834,-0.04004564,0.08790672,0.07273754,-0.013320729,-0.06796092,-0.14573798,0.09177228,0.057312332,-0.02850982,0.024300683,-0.08665555,-0.20139346,0.093795694,-0.059816696,-0.054089665,0.10598444,0.16487569,0.060034662,-0.060120996,0.015976004,0.07559025,0.01463285,0.16673361,-0.014255088,0.015999898,-0.05258562,-0.13303259,-0.13006765,0.032936472,0.05967516,-0.06064811
LUNG1-028,-0.010198162,0.02467044,-0.10468659,-0.005765274,0.16317515,-0.074965164,-0.07717789,-0.15875469,0.08229177,0.18636324,0.034429587,-0.070072025,-0.19191748,-0.137676,-0.21536617,0.13698173,-0.036748353,-0.10045627,0.06429657,-0.23833208,-0.037660275,-0.010612793,0.07902557,0.057184204,0.020482302,0.11134671,-0.1014639,-0.18539289,-0.04162444,0.09873141,-0.023155626,-0.06613119,0.15851092,0.014110208,-0.08194487,-0.12640855,-1.3273209e-05,-0.066068925,0.054589964,-0.06121125,-0.11074127,0.055292137,-0.03688835,0.05865045,0.0135745965,-0.052418053,-0.007497862,0.18929741,-0.16539031,0.07886956,-0.039664507,0.011449974,0.14388263,-0.1322299,-0.09017424,-0.027975664,0.121399194,0.02868031,-0.04000805,0.11923978,-0.1205195,-0.052906945,-0.11597616,-0.14780049,-0.0017206417,-0.03427066,0.0025718696,0.21967652,-0.083934724,0.2202776,-0.049222853,0.3001867,0.09511389,0.10642328,0.11620808,-0.09184341,-0.014479481,-0.007033989,0.077663206,0.12842824,0.045895398,0.20564102,0.0016562343,0.06876121,0.07784706,-0.18319196,-0.035581984,-0.0076515162,-0.008110233,-0.24030834,0.01121255,0.093485646,0.10173388,-0.045956597,-0.023978014,-0.13847882,0.042076353,-0.05204067,0.114445314,0.04966019,-0.02513506,-0.06266829,-0.083819926,0.042524934,0.086116835,-0.13938966,0.072777756,0.004070837,-0.21298632,0.08298428,-0.048083387,0.019849956,-0.07465554,0.13437495,-0.010739315,4.0987507e-05,-0.029239887,0.06780223,0.039420296,0.053157013,-0.0023198165,-0.0043235123,-0.08036263,-0.16267371,-0.09168012,-0.009124987,0.031820737,-0.09582106
LUNG1-029,-0.001041634,0.044801604,-0.08188363,0.0050461106,0.06395099,-0.033700828,0.016004778,-0.13396546,0.035256617,0.091358565,0.019315287,-0.039158273,-0.105776474,0.040934928,-0.08088243,0.03351682,0.030191164,-0.0069090147,0.054840486,-0.090016335,-0.08893579,0.030550867,0.08865207,0.030631257,0.059432186,0.08169848,-0.07857512,-0.015947334,-0.064579606,0.020252233,-0.021862809,-0.08134183,0.071553655,0.09321422,-0.01417435,-0.000860095,-0.06000327,0.0011170041,0.043788847,0.0052825417,-0.0938832,-0.04131677,-0.0010352395,0.10473756,-0.016776497,0.00063290633,0.0045908857,0.11880255,-0.12786466,0.03612611,0.0069552436,0.0105608255,0.106132425,-0.09195145,-0.038550816,-0.07545462,0.10065468,-0.008319382,-0.072805345,0.09404947,-0.03253582,-0.04124228,-0.039110906,-0.091156915,0.027277954,0.015945664,0.033361077,0.16718411,-0.033566333,0.14627728,-0.09239772,0.1576346,0.032111693,0.07155714,0.08826369,-0.05190169,-0.015914995,0.005102817,0.041983172,0.04196675,0.0538107,0.050362326,-0.051964063,0.030983903,0.038639396,-0.08725286,-0.13474713,-0.045208357,0.11812624,-0.1492019,0.096163064,-0.03651847,0.09347616,-0.0836799,0.06936003,-0.08376734,-0.029690448,-0.022369552,-0.0038615316,0.0862992,-0.026825203,-0.041632794,0.070353955,0.013970651,0.09077483,-0.050262854,0.050072357,-0.056739625,-0.1028294,0.042927098,-0.13217232,-0.033266753,0.038002815,0.08971661,0.051818132,-0.07326069,-0.012576591,0.041198146,0.032929562,0.10358518,0.03216002,-0.085851036,-0.041165218,-0.016715154,-0.03361639,0.030441709,0.086001664,-0.19616306
LUNG1-030,0.12872842,0.043395776,-0.026991786,-0.07135571,0.12984775,-0.047856577,-0.034761213,-0.103816,0.05124373,-0.017000161,0.024390126,-0.048017956,-0.172822,-0.11190801,-0.1344809,-0.08095481,0.115552135,-0.14386477,0.058019698,-0.18368873,-0.10794878,0.036872864,0.09348708,0.000614604,-0.036515936,0.10870809,-0.11180182,-0.092514195,-0.02139569,0.10360569,-0.030747855,0.045396805,0.10063042,0.07437682,0.10851179,-0.031168327,-0.114577055,-0.004765434,0.102574386,-0.009814648,-0.063899636,-0.04580637,0.010457948,0.031140842,0.12197324,0.04067084,0.0013915272,0.10115236,-0.041475795,0.04108672,-0.059833236,0.027543204,0.06643194,-0.022322197,-0.051485233,0.016197853,0.14930099,0.048415683,0.10253379,0.15044975,-0.009543082,0.08165187,-0.18494143,-0.14227346,0.00058526825,-0.0020917393,0.043076936,0.10962944,-0.15381014,0.15103544,-0.13166258,0.15906718,0.18290554,0.06149628,0.16638887,0.02698277,0.06460518,-0.008863795,0.14618832,0.11373463,0.068801336,0.15347528,-0.003648743,0.006363146,0.09530718,-0.2013436,-0.1926185,-0.05493341,0.007411696,-0.24062937,0.101828285,0.105119824,0.08382934,-0.029337358,-0.017520633,-0.11879152,0.0387598,-0.028410306,0.124859795,0.046124913,0.06284556,-0.19075333,0.11238884,0.044764273,-0.011519335,-0.030970046,-0.043574475,-0.083964996,-0.2151197,0.12590183,0.01433225,-0.045356512,-0.069421984,0.22205141,0.046253406,-0.19552454,0.014272552,0.18501247,0.07994169,0.080216445,-0.042669065,-0.041917194,-0.041103657,-0.06874258,-0.053028792,-0.043949343,0.101518035,-0.0067931563
LUNG1-031,-0.038160946,0.011402864,-0.083065294,-0.0302165,0.03246132,0.05419045,-0.047505304,-0.18627171,0.0018567313,0.09499681,0.018070437,-0.0046641827,-0.11465107,0.05812431,-0.07511969,0.038387265,0.009421436,-0.04194981,0.06879899,-0.0978208,-0.0826807,0.10969742,0.17507249,-0.0541251,0.00536748,0.12901506,-0.1793729,0.022430856,-0.0011720881,0.039579235,0.040321525,-0.027457051,0.06940329,0.0981718,-0.08901711,-0.073727325,-0.06034795,0.057374638,0.051491022,0.012829686,-0.055762827,0.0063349344,0.0017656982,0.075542435,0.00587086,-0.015692554,0.0027617589,0.089937896,-0.053142697,0.06820131,-0.04275924,0.006703213,0.06606183,-0.025025824,-0.031059552,-0.10438897,0.101764865,-0.012029551,0.02377585,0.118508436,-0.086099036,0.01141833,-0.1342413,-0.12557802,0.030269563,0.091481894,0.050377857,0.17792255,-0.06597046,0.1895149,-0.12325162,0.15646571,0.05386367,0.06316353,0.1382378,-0.10824087,-0.0076432396,0.061240263,-0.032706268,0.08194396,-0.03938079,0.044744726,-0.082816646,0.118297055,0.07608065,-0.03275829,-0.08207667,-0.027453166,0.10492924,-0.113440916,0.11172891,-0.06446613,0.04302502,-0.14210388,0.015903791,-0.08762538,0.015195545,-0.012771728,0.013276962,0.10484898,-0.0074074296,-0.047809076,0.08867104,0.009087585,0.09742803,-0.04093217,0.038317643,-0.07864855,-0.043953814,0.15549374,-0.1306679,-0.1091207,-0.0071872324,0.08310267,-0.0091949925,-0.11084476,-0.06893106,0.043914434,0.09451382,0.073235996,0.09138222,-0.068444386,-0.016277969,-0.05982534,-0.07428882,0.040321656,0.0767492,-0.07711507
LUNG1-032,0.06389948,0.012115438,0.016126558,-0.041596882,0.17354764,-0.13302822,0.062892854,-0.06319949,0.12128746,-0.00944344,0.10758366,-0.026799388,-0.11248399,-0.010187782,-0.12589306,-0.056245748,0.048500758,-0.09005267,0.09364039,-0.06909885,-0.08236097,0.088847935,0.066901125,0.038868755,0.10794628,0.12729266,-0.092472255,-0.03566573,-0.03210173,0.08698345,0.05162383,-0.057907283,0.05173074,0.09849096,0.09309748,-0.022237644,-0.0115244575,0.07456757,0.08165972,0.02014185,-0.08149045,-0.056725048,-0.06537039,0.10546335,-0.0040644705,-0.04291708,0.010675906,0.18424726,-0.09562117,0.06175734,0.06752418,0.1037609,0.08452627,-0.12796418,-0.043512188,-0.019047044,0.16370633,0.011254087,0.01695903,0.11576757,-0.02758852,-0.057674326,-0.066927426,-0.119413085,0.008883368,0.010449199,0.079651766,0.046149094,-0.10983433,0.10946423,-0.15362269,0.15650854,0.06512123,0.06527862,0.115251064,-0.013101906,0.115912735,0.036587264,0.1486176,-0.03692875,0.0608193,0.18310225,-0.024152596,0.020002022,0.106845126,-0.122809395,-0.05672071,-0.082795486,0.07825725,-0.17990276,0.12051946,0.085278265,0.126575,-0.078077145,0.08595939,-0.12463731,-0.0027978187,0.034843113,0.0067681316,0.034527995,-0.047541704,-0.07598867,-0.027873017,0.11179733,0.048728716,0.015775528,0.05286285,-0.050679177,-0.16472358,0.11332038,0.008869968,-0.089480445,-0.008553728,0.18937895,0.097564824,-0.120475635,0.029807087,0.07984131,0.044720903,0.18039906,0.031747155,-0.052525427,-0.14647566,-0.07904251,-0.10376808,0.02297572,0.15395361,-0.05800157
LUNG1-033,0.08412931,0.06178149,-0.106878296,-0.0141783655,0.0649206,-0.088562965,-0.11996848,-0.2232764,-0.040670097,0.20478067,0.019906742,-0.032491926,-0.175414,-0.041768685,-0.097259544,-0.015653472,0.027182262,-0.07871052,0.01739374,-0.1639741,-0.15132523,0.082131594,0.17888734,-0.03259335,0.010206789,0.068362914,-0.17886885,-0.0975038,-0.08162538,0.08455409,-0.13054472,-0.09658646,0.10656733,0.12198342,-0.10146319,-0.062323213,-0.093858,-0.007516492,0.06255934,-0.011992978,-0.08328305,0.02838955,-0.027594447,0.027291805,0.044961512,-0.107131675,-0.021402117,0.13698056,-0.05531578,0.124621466,0.024527911,0.0026383065,0.103783205,-0.06544994,-0.028579654,-0.012513842,0.12515359,-0.049026947,0.039579067,0.11116875,-0.1365223,0.043104768,-0.18693152,-0.1193499,0.06156037,0.009038737,-0.0029134266,0.23159888,-0.11977947,0.1528062,-0.080150716,0.2552762,0.0875745,0.09597777,0.111601554,-0.050882727,-0.07816845,-0.010650059,0.024491368,0.08368032,0.00017338619,0.12210254,0.01281625,0.07144261,0.09021975,-0.12502325,-0.1575551,-0.019635657,0.030062877,-0.11708917,0.04809389,0.016892644,-0.005034432,-0.1351367,-0.15326886,-0.08473319,0.13993052,-0.028382277,0.05214227,0.07017737,0.024701208,-0.14055888,0.06661613,0.008162178,0.075951025,-0.071456015,-0.015456833,-0.048905477,-0.053705357,0.0859494,-0.13921985,-0.052845456,-0.045531526,0.1697506,0.004070429,-0.1973901,-0.077787586,0.0463862,0.020003939,0.0013926923,0.07095837,0.013123572,-0.07548049,-0.051485896,-0.03550891,0.023207627,0.08277348,-0.11304122
LUNG1-034,0.043582156,0.044349454,-0.10914238,0.016784005,0.07149763,-0.06808304,-0.089973934,-0.20746325,-0.027392324,0.14344081,0.025485087,-0.025346689,-0.13562211,-0.0501125,-0.10515549,0.0304797,0.06616307,-0.097350985,0.01092831,-0.13938037,-0.15209188,0.016080514,0.13527618,-0.05148396,0.040373996,0.052707013,-0.12608482,-0.08083806,-0.07566677,0.08984557,-0.025333868,-0.08538756,0.09185881,0.07497373,-0.05821319,-0.012223627,-0.0873677,0.0076200925,0.013593115,0.004419431,-0.099439345,-0.0048217475,0.011323627,0.07760627,0.019991763,-0.037570484,0.003152565,0.1861287,-0.115256906,0.09443131,-0.0033534765,0.028736621,0.10858384,-0.09318465,-0.032832775,-0.040664926,0.10720015,-0.012808993,0.017190557,0.15336725,-0.102064975,0.024406124,-0.15513466,-0.16314615,0.077450894,-0.01731062,-0.005840726,0.21297872,-0.07385611,0.13325562,-0.12929711,0.26515985,0.057615716,0.10487522,0.11217131,-0.03915591,-0.03210523,-0.004375795,0.06874845,0.09857075,0.02288026,0.119984314,0.008252516,0.015778132,0.055998493,-0.12080024,-0.12245099,-0.05290669,0.07938905,-0.15723014,0.0713817,0.009358766,0.06873875,-0.12196821,-0.06836111,-0.14479202,0.040625077,-0.010751977,0.011380408,0.035001528,0.007893849,-0.13886671,0.039084006,0.045340538,0.04498956,-0.08350243,-0.0057949126,-0.029166698,-0.11085482,0.0715359,-0.109728366,-0.06261001,-0.04478316,0.15268542,0.024105802,-0.15047675,-0.048895158,0.052581415,0.017981768,0.015115984,0.024281256,-0.039404288,-0.10558165,-0.08811335,-0.029306654,0.0074191354,0.048722073,-0.13486826
LUNG1-035,0.009395057,0.07272209,0.0075897723,-0.0037440956,0.05118534,-0.08085118,0.070934325,-0.16051602,0.02295687,0.13439834,0.055729266,-0.025003023,-0.12274696,0.012997203,-0.040935107,-0.046071805,0.008006277,-0.021004122,0.07486078,-0.104174465,-0.04546629,0.049127057,0.10464683,0.07904425,0.09570709,0.07072436,-0.06168033,-0.05329159,-0.023437534,0.054498523,-0.047449782,-0.059800904,0.09154911,0.10178064,-0.049870282,-0.01357162,0.030349996,0.0055666864,0.025147803,-0.039940126,-0.0640084,-0.061546646,-0.05746804,-0.032735918,-0.011667525,-0.05799386,-0.027826875,0.15571527,-0.066879466,0.1709877,0.04213498,0.018650517,0.11216234,-0.05441142,-0.06764674,-0.043246254,0.108601466,-0.041913487,-0.018392716,0.10249821,-0.047505133,-0.0056621246,-0.024775565,-0.10425754,0.044308048,0.06416891,0.026211694,0.05868131,-0.13715105,0.115359835,-0.10307677,0.12045145,-0.0037677176,0.018650599,0.036694758,-0.098252594,0.036789827,0.042231068,-0.01561643,-0.05150766,0.058122024,0.094751544,-0.04648018,0.12819362,0.077564,-0.123220265,-0.03895707,-0.08651814,0.07376097,-0.086759135,0.08886764,0.008585315,0.088721626,-0.103248835,0.008704299,-0.035071865,0.040232092,-0.010754586,0.07469793,0.08017313,-0.028548554,-0.009266961,0.0075198207,0.08233795,0.1260264,0.017631985,0.049435273,-0.06041451,-0.17478263,0.08851756,-0.13526835,-0.08797778,0.024883114,0.18365097,-0.025174752,-0.09880416,-0.043001547,0.11351954,0.06312597,0.090962544,0.026397005,-0.0020519942,-0.05623295,0.06534147,-0.0730482,0.0689709,0.05017022,-0.09138855
LUNG1-036,0.006257748,-0.0029202662,0.010065578,0.02269448,0.13835096,-0.060332753,0.023106404,-0.10068968,0.08469947,0.029614046,0.072205216,-0.05882783,-0.12556252,-0.019397274,-0.13714527,0.03382097,-0.021049928,-0.08153882,0.052674122,-0.10984874,-0.032893144,0.03685166,0.09385832,0.051623546,0.122067735,0.09811035,-0.08808864,-0.013792224,-0.047838822,0.08099069,0.06203466,-0.05662504,0.071176074,0.0918732,0.052112795,-0.030938148,-0.05306905,0.06439686,0.051404163,0.01386817,-0.07339134,-0.041221034,-0.016640563,0.06624039,0.013387792,-0.011914054,0.016117338,0.14575127,-0.11081359,0.0461798,0.034132052,0.06750112,0.0551691,-0.122395396,-0.035049677,-0.012477204,0.10640712,0.010319512,0.0023783222,0.12696151,-0.027093878,-0.04293128,-0.07780712,-0.11247355,0.03764211,0.00041071512,0.044514254,0.07323808,-0.062293045,0.10042062,-0.12930873,0.13957998,0.030429091,0.057416316,0.100219116,-0.038755964,0.09998366,-0.021561267,0.121862166,0.017608352,0.037201457,0.070909865,-0.042003274,0.01923246,0.08742661,-0.12486613,-0.06492186,-0.056266412,0.106866814,-0.19218898,0.10666197,0.023556475,0.11669481,-0.033964593,0.0655687,-0.08927148,-0.017045386,0.011329254,0.04667744,0.056431726,-0.017127229,-0.06594182,0.024113517,0.08750898,0.09111492,-0.03991565,0.07224323,-0.064885736,-0.1327315,0.11123741,-0.01770904,-0.08728484,-0.013680719,0.092546195,0.07540281,-0.104422234,0.014735151,0.03743589,0.024453662,0.16850728,0.018551007,-0.06151783,-0.11523958,-0.08091818,-0.09849351,0.0044065937,0.111732416,-0.078919314
LUNG1-037,-0.0011769515,0.01375203,-0.012056984,0.06342825,0.012238935,-0.022735003,0.023666933,-0.14603938,0.021589424,0.101983696,0.07581067,0.04306802,-0.09170271,0.053193495,-0.037749514,0.011133667,-0.03576483,-0.017928902,0.04069176,-0.09208349,-0.02689425,0.06134106,0.1131903,0.021011712,0.055696353,0.052550036,-0.051851533,0.016777955,-0.037487186,0.03397347,0.01744767,-0.08810487,0.05176568,0.08708188,-0.03755946,0.039317504,-0.031580973,0.03979804,0.02411725,0.021220569,-0.0686699,-0.025305474,-0.04846551,-0.0071203234,-0.047554053,-0.054997817,-0.03414823,0.05984783,-0.015071422,0.046626758,0.093395226,0.031415638,0.07869322,-0.04452676,-0.04893116,-0.05867867,0.07167445,-0.031693485,-0.015485629,0.10408034,-0.077247344,0.04391054,-0.059888944,-0.10169391,0.03079456,0.023891708,0.005342718,0.0505026,-0.06557209,0.09395811,-0.112759665,0.14382505,0.00027193874,0.008002546,0.053650487,-0.101795636,0.025436621,0.019043043,0.020216478,-0.007453412,0.045917936,0.02746801,-0.04997968,0.112668216,0.101374686,-0.03194347,-0.075139284,-0.040227726,0.10919978,-0.13617411,0.10707773,-0.02055344,0.067417726,-0.10295541,0.018894354,-0.06163517,0.05176743,-0.008078087,0.023339972,0.09425061,0.035574637,-0.08466514,0.012960359,0.06121084,0.12581915,-0.00033758208,0.074177705,-0.047362205,-0.056397744,0.12386684,-0.12840818,-0.12984732,0.0136105865,0.10475169,0.05450923,-0.115222655,-0.092959896,0.058743045,0.053975575,0.08530858,0.087706044,-0.0006811619,-0.07999808,-0.07581784,-0.043071043,0.06396656,0.12438782,-0.06260443
LUNG1-038,-0.07153578,0.11478936,-0.21691696,-0.2919527,0.17037894,-0.11763833,-0.17831922,-0.3961912,0.04849828,0.5020564,-0.0051104724,0.26762766,-0.30075377,-0.20147431,-0.25366142,0.21389264,-0.25955653,-0.048873372,0.12414294,-0.45980522,0.12044923,0.114395216,0.2617466,-0.08590283,-0.18820202,0.16239908,-0.3190828,-0.65619123,0.12944171,0.17183226,-0.21094146,-0.042505328,0.34733742,0.079559065,-0.29029903,-0.3421673,0.036595058,-0.0139927305,0.40845886,-0.08455677,-0.118227646,0.11842906,-0.16921295,-0.088595286,0.08050513,-0.39612207,-0.17948464,0.2670936,0.082025,0.22895932,-0.14793631,0.026490616,0.24096799,-0.15551868,-0.13863845,-0.060395807,0.33967608,-0.033899583,0.22215274,-0.016153328,-0.5878284,-0.13682571,-0.10189039,-0.015333332,0.085215405,0.02087729,0.026870023,0.33991122,-0.4198489,0.5077437,-0.0643408,0.38148046,0.30000544,0.07747665,0.047837403,-0.26252073,-0.105856836,0.14175801,-0.03722923,0.17554179,-0.13075623,0.46423483,0.09481126,0.16345748,0.2985271,-0.3183669,0.11205648,0.0086779,-0.09893977,-0.4794187,-0.2014505,0.029249154,0.021879517,0.04330732,-0.24920504,0.032790836,0.33540344,0.06837905,0.23279397,0.114103526,-0.2278624,0.038034704,-0.21188909,-0.15622184,0.27402866,-0.13908547,0.08114196,0.08323775,-0.22238317,0.3315176,-0.16790512,0.116150394,-0.0613973,0.34549573,-0.06515007,0.02239437,-0.07056241,-0.02175074,0.18111257,-0.03551253,0.027147762,0.09960586,0.010137197,-0.18960099,-0.15074417,-0.108530276,0.05941277,-0.2527438
LUNG1-039,0.016801622,0.04641786,-0.077913456,-0.005942978,0.092634074,-0.055178534,-0.094594695,-0.18755758,0.09602879,0.16100714,0.046444956,-0.032550845,-0.20912756,-0.09298124,-0.12225544,0.014430892,-0.03822187,-0.07587265,0.08629582,-0.19483414,-0.03813491,0.035603546,0.10049693,0.0017609615,-0.003157355,0.09621672,-0.11818802,-0.12986258,-0.055127986,0.08573018,-0.08329386,-0.050349347,0.14340252,0.11198016,-0.05974649,-0.14274591,-0.008346647,-0.0015494507,0.014684062,-0.04501304,-0.11196895,0.068011835,-0.027501853,0.070019394,0.029399123,-0.07609597,0.05353654,0.18073925,-0.09074204,0.08638014,0.02604274,0.0086713955,0.13874853,-0.12530628,-0.055590056,0.054253347,0.13853715,0.018769555,-0.041894853,0.14011772,-0.15760478,0.001464475,-0.10111026,-0.11705132,0.008560674,0.029550275,-0.04336317,0.1584745,-0.112616315,0.19081351,-0.033363163,0.2985097,0.071294725,0.11557753,0.10733509,-0.123800844,-0.009117549,-0.010676139,0.058990445,0.06939562,0.05869667,0.13652274,-0.054552753,0.073197514,0.11434358,-0.17275392,-0.014710937,0.018332575,0.017029732,-0.17644131,0.014467739,0.0697974,0.037126135,-0.11104144,-0.065168045,-0.0543534,0.08074237,-0.08261467,0.07723351,0.07295526,-0.043459255,-0.053986613,-0.021907456,0.062209055,0.10926592,-0.08088636,0.055104204,-0.06142827,-0.11894974,0.123684436,-0.103689395,-0.031646866,-0.026397198,0.17508632,-0.06130629,-0.059333865,-0.09708777,0.035640758,0.008487055,0.032784827,0.032213982,-0.01564195,-0.012449488,-0.1550379,-0.07466844,0.00387422,0.020953536,-0.10199685
LUNG1-040,0.038215257,0.109084375,-0.06953926,-0.011543103,0.10320675,-0.048741832,0.0137174465,-0.19401507,0.04058621,0.1355856,0.07132148,-0.03923698,-0.13410324,-0.09152173,-0.08685313,-0.040833987,-2.1911226e-05,-0.055418998,0.03556803,-0.13544005,-0.07634925,0.059722476,0.112932645,0.015960239,0.0122182295,0.087655306,-0.11824854,-0.055843152,-0.026385639,0.10780907,-0.024529364,-0.009276506,0.08659796,0.07788939,-0.027959377,-0.044135354,-0.031127807,0.025825191,0.023351464,-0.053694963,-0.07197548,-0.01430947,0.026138537,0.0001302883,0.04575354,-0.01973601,0.029955892,0.1407112,-0.03871019,0.08499407,-0.03530869,0.0037908405,0.06756868,-0.13765293,-0.063274205,0.032106616,0.07035342,0.027187198,0.057338584,0.12803985,-0.062365893,0.029541053,-0.17483516,-0.14578724,0.02171661,0.023992106,-0.025159001,0.13424236,-0.1136813,0.1397634,-0.11555776,0.21752766,0.09802307,0.071173355,0.13249356,-0.10193626,0.010936369,0.010373406,0.054039255,0.09005731,0.034136426,0.08121241,-0.027221773,0.06562827,0.078031406,-0.15454997,-0.10712108,-0.016604112,0.023179762,-0.15079165,0.061241746,0.030158702,0.055281974,-0.078876704,-0.045433827,-0.088758595,0.015934026,-0.08229178,0.082615174,0.020041168,0.013537333,-0.07078542,0.022864446,0.060362205,0.059958614,0.0060244687,0.059195388,-0.08423661,-0.15888968,0.08023729,-0.07258414,-0.08134715,-0.06738148,0.1456355,-0.037260376,-0.13264817,-0.07501654,0.05243801,0.040043093,0.06614679,0.0034138933,-0.059120446,-0.03565116,-0.06516224,-0.041203048,0.01692608,0.024043702,-0.049391493
LUNG1-041,0.005391108,0.02696525,-0.050216816,0.050290633,0.038974706,-0.0328399,-0.025220104,-0.21172635,-0.0020435844,0.1370976,0.05335331,0.04185915,-0.11090165,0.024433872,-0.050459184,-0.032637414,-0.009948833,-0.0570511,0.051134057,-0.11198513,-0.05948972,0.06882429,0.16010094,-0.02144038,0.049546145,0.06361849,-0.0995478,0.0008231625,-0.053318832,0.060872518,-0.045209594,-0.09667899,0.07821957,0.11041699,-0.050862037,0.004971504,-0.04662031,0.058561537,0.022471372,0.009851761,-0.1146183,-0.014708921,-0.024811659,0.03993288,-0.017892584,-0.06449349,-0.018107954,0.085146934,-0.030043736,0.05194517,0.059676923,0.020166637,0.09403742,-0.0450741,-0.022864696,-0.007866658,0.087895505,-0.02164148,-0.01956453,0.114115946,-0.109448165,0.028052626,-0.097141445,-0.11791572,0.06116666,7.650629e-05,-0.0045366287,0.1350438,-0.061253656,0.13622594,-0.08229266,0.18744165,0.035828803,0.05272406,0.08782815,-0.10166268,-0.019322097,-0.0070798798,-0.010000742,0.02333533,0.04024476,0.02285752,-0.028004318,0.071259655,0.10479306,-0.04860366,-0.10858646,-0.029926691,0.093383566,-0.08902686,0.0751899,-0.007610722,0.023452241,-0.1453997,-0.058488235,-0.049970366,0.053225555,0.0002718717,-0.0004310757,0.091229685,0.034696016,-0.09933924,0.035337757,0.075515516,0.11660652,-0.04174567,0.039176155,-0.05102592,-0.05190647,0.07655271,-0.13265002,-0.07833862,0.0025593638,0.10968919,0.04977595,-0.107442826,-0.05995487,0.033718467,0.05147375,0.066612154,0.09320204,-0.023589171,-0.05637528,-0.06330924,-0.0399356,0.0401784,0.07907241,-0.10485914
LUNG1-042,-0.00016105361,0.04727265,-0.045812078,-0.00034710765,0.10682842,-0.06910224,-0.053517304,-0.18093234,0.008104269,0.15848625,0.075088136,-0.013074219,-0.1543984,0.01225695,-0.0845775,0.04647588,0.010017686,-0.047611497,0.028533047,-0.15867262,-0.10097985,0.018767659,0.11024719,-0.004919773,0.03910051,0.09103138,-0.10613483,-0.067192994,-0.07866044,0.04134822,-0.060651205,-0.06323823,0.088533506,0.10357796,-0.074784674,-0.12740102,-0.0035034455,-0.045627043,0.048453614,-0.013573255,-0.083802685,0.012929097,-0.024793902,0.01969102,-0.03695363,-0.05649321,0.009065464,0.1324836,-0.11446627,0.124097854,0.032535546,0.00541126,0.13090949,-0.12012161,-0.05122809,-0.020734817,0.14008966,-0.047659397,-0.038469847,0.12490211,-0.118010856,-0.021136958,-0.07441089,-0.14637965,-0.010009034,0.016250905,-0.024164692,0.14826867,-0.10131346,0.17500776,-0.06832773,0.23269102,0.034004737,0.11322537,0.08017802,-0.07387432,-0.0651655,0.021106394,-0.011353587,0.090800166,0.025266621,0.12760793,-0.057025004,0.08996975,0.083750024,-0.13936625,-0.070203334,-0.016730929,0.053756516,-0.11396842,0.083747596,0.04277151,0.09360719,-0.122289285,-0.028646149,-0.079689205,0.08308817,-0.05730161,0.047036752,0.091949455,-0.021935647,-0.027865214,-0.013685849,0.020799905,0.09079501,-0.06684832,0.069243915,-0.06314083,-0.08553105,0.05947784,-0.14948711,-0.07364914,-0.011391174,0.14084628,-0.03633013,-0.12746698,-0.076385215,0.03565075,0.04893753,0.053859413,0.08731706,-0.06492555,-0.07004594,-0.10145038,-0.100646794,0.01471879,0.04972882,-0.14074026
LUNG1-043,0.005334107,0.036566928,-0.07077441,0.043526713,0.066487305,-0.03402338,-0.025662683,-0.121061504,0.013276347,0.089964315,0.070753396,-0.043307945,-0.120676026,-0.00846995,-0.08688345,-0.010144454,0.01575427,-0.06166587,0.03458083,-0.15269756,-0.108116105,0.02919285,0.09071441,-0.0101205,0.024840228,0.085936606,-0.078724705,-0.047609903,-0.06434183,0.0393083,-0.013303527,-0.020675141,0.042061895,0.08554195,-0.07269549,-0.080342926,-0.048269857,0.016070303,0.033987053,-0.013329573,-0.046082333,-0.009786878,0.011865016,0.022584021,-0.022631705,0.0078275055,0.0078041097,0.12611014,-0.086794026,0.087066405,0.015720222,-0.0013230331,0.067478575,-0.07957888,-0.08347781,-0.02236392,0.12466221,-0.014930978,-0.010909367,0.09614042,-0.05225432,0.022010356,-0.12761243,-0.13785331,-0.010559295,0.02401486,-0.036140203,0.11556437,-0.11472438,0.10361997,-0.102192804,0.20017725,0.036689658,0.05798638,0.10138586,-0.032211702,0.016835105,0.066708095,0.03490304,0.06761662,0.048971877,0.10539001,-0.06883413,0.0915762,0.094977684,-0.11201531,-0.054855093,-0.027332285,0.03943857,-0.11785169,0.07800248,0.015513312,0.08039244,-0.11874308,-0.006286826,-0.07774101,0.041546855,-0.083571814,0.0561176,0.06942322,-0.012980966,-0.05654027,0.012898559,0.066253774,0.07845291,-0.005527919,0.027900029,-0.094080165,-0.09311487,0.0873371,-0.116562255,-0.10684882,0.0011663139,0.16481218,-0.057685435,-0.14488283,-0.08645026,0.040634714,0.016469043,0.09109722,0.033068106,-0.054592684,-0.03361191,-0.09789604,-0.091693796,0.024003353,0.029234543,-0.09366426
LUNG1-044,0.008840835,0.024828762,-0.029823609,0.06326758,0.018150263,-0.045903582,0.03653816,-0.16041806,-0.025468968,0.13990657,0.054267153,0.02540961,-0.10895492,0.027746402,-0.026206192,-0.0059891245,-0.011714378,3.0461699e-05,0.023580188,-0.049937334,-0.052095637,0.041617185,0.12104195,0.05534771,0.109262496,0.002038356,-0.033124093,-0.04124523,-0.048874527,0.05715245,0.017056093,-0.10698944,0.068445124,0.07948968,-0.05651567,0.06726582,-0.041360997,0.024773974,0.0075317044,0.029205453,-0.10297109,-0.051053252,-0.011613987,-0.024518322,-0.07447153,-0.06699901,-0.022466537,0.082079135,-0.049554247,0.11339837,0.09579792,0.0010547601,0.07970368,-0.056053713,-0.032944296,-0.015849598,0.057348877,-0.03689126,-0.021956725,0.09054703,-0.07309888,0.03528631,-0.06545938,-0.11169655,0.07019383,-0.026526019,-0.0007803142,0.07992399,-0.062195558,0.07132522,-0.13558897,0.14613819,-0.006466925,0.022484612,0.0420671,-0.11113307,0.043747377,0.030146342,0.0047068587,-0.0015034862,0.04428217,0.03554817,-0.037207462,0.121676974,0.09813641,-0.04456515,-0.096872665,-0.059892464,0.10569641,-0.10542639,0.0937145,-0.05618365,0.092510395,-0.07881205,-0.016397856,-0.031838365,0.036462024,-0.00059413817,0.060887996,0.117210284,0.020359816,-0.11572005,0.031108944,0.05483021,0.111434296,0.016931847,0.072636984,-0.045147806,-0.096464396,0.096944965,-0.17728189,-0.10093409,0.020790063,0.12593034,0.056831058,-0.13156807,-0.10901041,0.057886526,0.024986627,0.037027426,0.038364008,0.0016391203,-0.09093097,-0.04771395,-0.06204935,0.048531637,0.10011171,-0.045921583
LUNG1-045,-0.031128623,0.0555172,-0.1143356,0.0727185,0.13149323,-0.045431573,-0.069896765,-0.1864067,-0.010335308,0.10679193,0.06990222,-0.023479443,-0.09322841,-0.036263093,-0.14838412,0.091959156,0.031589676,-0.1106593,0.039279524,-0.14322047,-0.13322097,-0.019429594,0.11621489,0.07768811,0.032546356,0.020292241,-0.06486717,-0.1654675,-0.08011901,0.14565587,0.01664764,-0.09471764,0.058404855,0.06658725,-0.022674533,-0.014240842,-0.0366023,-0.028991207,0.02749129,0.025566835,-0.15884586,0.02046784,0.016691241,0.094879165,-0.048630618,-0.045976944,0.025049776,0.15318608,-0.20155874,0.15179092,0.00934672,4.1030347e-05,0.1551308,-0.15720671,-0.03531117,-0.04856155,0.17536151,-0.006990917,-0.0055188797,0.10096854,-0.12671441,-0.027147122,-0.04360419,-0.16471206,0.055682644,-0.06759366,-0.008752849,0.21033981,-0.07832979,0.19659072,-0.10134247,0.2703831,0.051696245,0.14484003,0.069804095,-0.021206435,-0.04158689,0.0009338977,0.080220856,0.10412291,-0.036695562,0.21523911,0.0114675835,-0.008930713,0.061668105,-0.16259876,-0.062159628,-0.036718234,0.093612015,-0.19771487,0.08062598,0.039787143,0.08542008,-0.09726559,0.027095888,-0.14250404,0.0004464453,-0.04870907,0.03939498,0.04131974,0.0063151787,-0.10183489,-0.044143796,0.049544986,0.057279646,-0.12619299,0.030997451,-0.032106273,-0.23281361,0.030848932,-0.10904318,-0.09694921,-0.032280207,0.10707642,-0.005391605,-0.12135318,-0.0055987574,0.036373436,0.021192675,0.048631363,-0.0059966855,0.006883964,-0.07299273,-0.07396169,-0.08004449,0.03429824,0.01039182,-0.10603335
LUNG1-046,0.0077053662,0.06401935,-0.05337823,-0.029312335,0.06475124,-0.067292,-0.041650668,-0.13140136,0.03920036,0.14451647,0.020267976,-0.07133661,-0.13937113,-0.05132775,-0.1731664,0.0406068,-0.015896665,-0.098383844,0.044119533,-0.16001731,-0.15780778,-0.009724304,0.097918734,-0.018425018,-0.0169174,0.059934907,-0.13247757,-0.1067368,-0.029613,0.12778616,-0.01447992,-0.04642296,0.035237424,0.051850162,-0.062230498,0.020241026,-0.11050406,-0.05023679,0.069512166,-0.04940398,-0.1100035,-0.030457756,0.011743616,-0.009529597,0.017402038,-0.0064555136,-0.03396884,0.13660859,-0.06803133,0.12581429,-0.01096458,-0.07995527,0.11784836,-0.11421825,-0.06979355,-0.111788124,0.11931893,-0.021181071,0.0059433244,0.1278369,-0.092415586,-0.016236737,-0.13480309,-0.11493167,0.0031604748,0.03153502,0.0091736615,0.20452839,-0.10692863,0.14300439,-0.102042824,0.21385401,0.109463215,0.060913343,0.06974477,-0.04992281,0.025733836,0.019751582,0.074964724,0.13943706,0.06283821,0.20162982,0.013478875,0.075562134,0.027228914,-0.13424987,-0.12514494,-0.064536154,0.055932883,-0.20625131,0.029866517,0.012164222,0.13304606,-0.033534274,-0.059998855,-0.14004624,0.05088626,0.013527978,0.07701674,0.019335441,0.019999702,-0.12351395,0.06658641,0.016158093,0.017681375,-0.005491661,0.054202817,-0.006325353,-0.18343583,0.08144943,-0.05298218,-0.02819172,-0.012112383,0.14503983,0.039009698,-0.06272029,-0.05421206,0.08195972,0.074412435,0.09382652,-0.050292708,-0.056848966,-0.06664533,-0.06481568,-0.1294876,0.018572543,0.064539604,-0.10341138
LUNG1-047,-0.017841918,-0.055392876,-0.007846117,0.10181178,0.018686712,-0.004522573,-0.014944769,-0.17308179,0.048672624,0.14571218,0.07367481,0.06345232,-0.17027345,0.004640449,-0.051576585,0.023542797,-0.05824327,0.011501627,0.068665236,-0.11671358,0.011773393,0.087765165,0.14866486,0.02914023,0.05151792,0.035131063,-0.07194287,-0.04332795,-0.033737805,0.07823007,0.0470195,-0.12089586,0.0959342,0.055843733,-0.006313566,0.024154188,0.035324115,0.07298572,-0.033255555,0.021860322,-0.059174,0.0025468506,0.002025582,0.025019571,-0.03536798,-0.10423097,-0.026603717,0.1153506,0.00050385296,0.02921034,0.14267555,-0.009371299,0.084925115,-0.025036516,-0.10694131,-0.007491607,0.0693545,-0.0009830706,0.0050715283,0.08390886,-0.1432631,0.053124197,-0.058905937,-0.12398145,0.055845723,0.0074527524,-0.011726946,0.086562596,-0.088530175,0.11863678,-0.12735152,0.18749794,0.0049451813,0.019494662,0.13480785,-0.111487605,0.054452896,0.019106997,0.03472151,0.018998776,0.049975462,0.029885765,-0.076328546,0.18163846,0.105555885,-0.071166284,-0.018294502,-0.06411599,0.064053856,-0.20559826,0.10539485,-0.035815403,0.04663971,-0.06566407,-0.021199502,-0.06528956,0.04704362,0.0034606233,0.063318074,0.09881959,0.04557172,-0.11284965,-0.020517621,0.078892365,0.12742615,-0.013328841,0.10607067,-0.026782826,-0.048480332,0.25355694,-0.09256849,-0.13281444,-0.0076780133,0.06489389,0.04197537,-0.083593,-0.11616582,0.049381644,0.07574758,0.12582894,0.0640331,0.054231495,-0.08063784,-0.10059132,-0.06301855,0.03709984,0.14794812,0.006120816
LUNG1-048,-0.034391373,0.025442896,-0.055732828,0.049712226,0.056804314,-0.012566425,-0.032977633,-0.112245604,-0.013177931,0.07978461,0.04531197,-0.04385446,-0.08367983,0.038262114,-0.07054792,0.01727052,0.027550709,-0.016568992,0.032250863,-0.09862237,-0.10750446,0.013818622,0.1109189,0.016457383,0.059477575,0.058274906,-0.06875384,-0.030680396,-0.0424009,0.06604508,0.023639183,-0.07635879,0.056047484,0.11673786,-0.028400883,-0.046188086,-0.068162695,0.031243619,0.04704091,-0.010061773,-0.07671493,-0.040168893,0.009909809,0.035868697,-0.03678466,-0.00449223,-0.0039249863,0.10781193,-0.109753095,0.11154841,0.04011308,0.026787538,0.08589898,-0.076037824,-0.045253567,-0.0726258,0.125583,-0.022367643,-0.010269266,0.09938316,-0.040480584,0.029948562,-0.06239672,-0.12867081,0.0027294094,0.038915213,-0.0026848242,0.1014189,-0.07315896,0.10196082,-0.08593791,0.1440698,0.0196555,0.030298758,0.07615278,-0.03844366,0.031804044,0.05939504,0.00521356,0.025886372,0.01810085,0.074839495,-0.06963567,0.067512244,0.056654565,-0.10731684,-0.07244503,-0.06736888,0.0884862,-0.14386396,0.09722596,-0.025753256,0.06780158,-0.110258885,0.033145458,-0.054577235,0.03419579,-0.019231543,0.019400934,0.108289726,0.010723023,-0.08472316,0.018186972,0.042225823,0.106588125,-0.04497053,0.03490948,-0.08945544,-0.091743276,0.07233624,-0.11533296,-0.10110417,-0.011355173,0.12679991,-0.010748234,-0.09537349,-0.054608997,0.07792419,0.0063905884,0.088420585,0.038582973,-0.021002475,-0.04612588,-0.04246343,-0.07461621,0.04212274,0.052293908,-0.116807885
LUNG1-049,0.0024536364,0.03091339,-0.014671657,-0.043965533,0.15998416,-0.05519767,0.06292856,-0.11564854,0.15101089,0.025028199,-0.005565278,-0.049807794,-0.1625332,-0.07852245,-0.16550566,0.036709376,-0.021124966,-0.078342155,0.1348505,-0.08688038,-0.013441894,0.08158045,0.08498607,0.056293912,0.074256636,0.12125012,-0.10010791,-0.09566695,-0.061143324,0.13575785,-0.004185481,-0.04663347,0.13724533,0.06914392,-0.0025450774,-0.08297176,0.03033128,0.074771814,0.10547527,-0.022960331,-0.101375476,-0.00024772435,-0.023640757,0.14651549,0.04834591,-0.05270974,-0.08383407,0.22282732,-0.107256964,0.13962829,-0.10656782,0.06966351,0.15680918,-0.083441444,-0.057019696,-0.016285926,0.13636625,0.091648705,0.0038981922,0.04141569,-0.00247234,-0.09862765,-0.0611934,-0.064424254,0.04273659,0.084704384,0.091576785,0.0933771,-0.12775716,0.13062976,-0.13453357,0.17993948,0.050642725,0.049029328,0.10439292,-0.07048534,0.10192155,-0.010747557,0.1038428,-0.06329357,0.09268947,0.16852356,-0.07424051,0.09131298,0.06735572,-0.1581167,-0.06814046,-0.0736488,0.07384616,-0.2404066,0.07642632,0.04043633,0.05951814,-0.09441221,0.10223885,-0.05114944,-0.010025956,-0.06108433,0.10482148,0.080962524,-0.024016887,-0.03981617,-0.055666246,0.09749719,0.09849806,0.02941934,0.014934059,-0.012347996,-0.19434308,0.13107878,0.005810082,0.002590701,0.07667726,0.17484789,0.023301128,0.001154704,0.00015129521,0.09469474,0.010071945,0.18722236,-0.042933233,-0.0189961,-0.08237345,-0.03547858,-0.14844573,0.011781462,0.060185075,-0.10550542
LUNG1-050,0.9178993,0.09897583,-0.51335144,-0.0950043,0.053367756,-0.37077123,-0.87795764,-0.380178,-0.33729735,0.24630189,0.23050857,0.18996815,-0.95769703,-0.5263814,-0.5880389,-0.4027907,0.38389122,-0.24938963,-0.10131062,-0.25396532,-0.51458544,0.7243797,0.40174323,-0.34040534,0.28748044,0.10604202,-0.54109627,-0.61872697,-0.29911155,0.08699778,-0.13347143,-0.14115608,0.154738,0.32428214,0.21058962,0.065025374,-0.29796883,-0.20721418,0.38855582,0.38857147,-0.021802269,0.25346133,0.034508377,0.060108364,0.60145485,-0.607358,-0.34478852,0.28437555,0.52650243,-0.36206284,0.51573473,-0.24811807,-0.37384406,0.11687416,0.03982125,0.48744613,0.3941433,-0.36795664,0.7088362,-0.2558968,-0.6880041,0.08559567,-0.6409123,-0.5227737,0.42090935,-0.28231844,0.4367475,0.8741882,-0.3511353,0.38969573,-0.2703455,0.36556295,0.67588574,0.073368415,0.0346084,0.05506844,-0.14540446,0.04485383,0.24829692,-0.018699387,-0.50830835,0.24208514,0.48537362,-0.20186472,0.7125847,-0.871305,-0.632167,0.0054591894,-0.24340278,-0.1302006,0.3733635,0.22916079,-0.5630913,-0.12090833,-0.8717869,-0.5039039,0.74146885,0.032532595,0.4940337,0.39537027,0.29247048,-0.76966995,0.70929813,0.24317425,-0.25899914,-0.08351946,-0.39946863,-0.012973458,-0.13007182,0.30268136,-0.062236704,-0.31096208,-0.24450395,0.45183077,0.49294555,-0.8448061,-0.1939589,-0.018076628,0.34413293,0.09450708,0.06578895,0.74623996,-0.38656002,0.1986451,0.27053535,-0.084543474,0.2489191,0.34547645
LUNG1-051,0.065740064,0.0005939789,-0.061431363,-0.036103316,0.034691874,-0.051204138,-0.052599914,-0.14269115,0.05373708,-0.0047635958,0.02943666,-0.043737337,-0.1371612,-0.06440728,-0.16813742,0.050778903,0.08596078,-0.15384972,0.062573954,-0.11821315,-0.20441675,0.02682311,0.094944894,-0.04421238,0.008713312,0.09635468,-0.12947755,-0.018915072,-0.042465918,0.08219458,0.042631,-0.029708378,0.012572221,0.06858151,0.0022193156,0.03258623,-0.13633169,0.009271717,0.062155724,0.03937605,-0.090578645,-0.016678061,0.07003149,0.120480634,0.05902888,0.009202685,-0.036435295,0.12556553,-0.08476853,0.0499001,-0.011893809,0.014382105,0.06554799,-0.07290304,0.045239072,-0.100223616,0.14722094,-0.011642978,0.03888506,0.09980559,-0.04652309,0.0028103627,-0.18885064,-0.15480345,0.05459167,-0.003791973,0.039809845,0.23019093,-0.11533886,0.11734735,-0.15921798,0.2225377,0.08716728,0.09382613,0.123343065,0.040657,0.013628314,-0.024723608,0.09273994,0.11099103,0.016540363,0.13121611,-0.037224915,0.0019542426,0.06771054,-0.14198223,-0.16052186,-0.098189116,0.1322445,-0.18991426,0.11303154,0.016768087,0.07659389,-0.073846556,0.041836184,-0.11340913,0.017033735,0.023421578,0.01704115,0.036626954,-0.0033023385,-0.12160231,0.12338397,0.041176014,0.013535857,0.012916107,-0.04263152,-0.030825684,-0.18228787,0.06150359,-0.04635116,-0.075364575,-0.00555199,0.17366773,0.06884405,-0.11150618,0.0032453537,0.09283596,0.08240768,0.10296595,-0.02427546,-0.07410771,-0.10036133,-0.066091985,-0.059952304,-0.022223085,0.08463247,-0.12980089
LUNG1-052,0.068124324,0.037114248,-0.066289485,0.008542825,0.05063758,-0.046690818,-0.053818204,-0.24204561,0.0037242193,0.20473424,0.028749162,0.06867893,-0.16917545,0.0012427494,-0.026058108,-0.034866918,-0.013667628,-0.080189876,0.006980391,-0.09862773,-0.09014094,0.16005668,0.22281057,-0.03232941,0.032796293,0.06788703,-0.10468854,-0.025632478,-0.054032236,0.10189365,-0.021470051,-0.09919331,0.07573817,0.08467205,-0.046310797,-0.0021619946,-0.053124122,0.044218674,-0.023724617,0.047208972,-0.14859387,-0.0022040382,-0.036069863,0.014915127,0.008760672,-0.15550421,-0.016260017,0.11834626,-0.011008292,0.058803722,0.08772683,-0.0076549836,0.07234,-0.02226916,-0.008728128,-0.017109964,0.066737086,0.01365279,0.037969556,0.12815557,-0.11151015,0.099528134,-0.1005049,-0.10542147,0.08440916,0.03438618,-0.0032989122,0.17545632,-0.045892503,0.15612465,-0.14052626,0.21402541,0.055529285,0.042024054,0.14155489,-0.11304124,-0.062466197,-0.009297783,0.01893792,-0.00541785,-0.019072257,0.03547857,-0.028320484,0.09626748,0.11125019,-0.085491285,-0.09488609,-0.032504298,0.064392395,-0.11552701,0.119930506,-0.03967942,0.0046901256,-0.15223409,-0.08486762,-0.081066415,0.06914927,-0.028191559,-0.0029371344,0.08767583,0.07380712,-0.13612102,0.014365919,0.059635963,0.15135683,-0.030579861,0.0009435639,-0.051655937,-0.043286584,0.10395916,-0.17667252,-0.09339291,0.019340176,0.16395652,0.011310594,-0.13502005,-0.07577473,-0.017340384,0.0640537,0.019598234,0.123853974,0.040115178,-0.050130617,-0.04539022,-0.018038206,0.061176967,0.09223988,-0.08213008
LUNG1-053,-0.00025195628,-0.018997006,-0.011613922,0.02371423,0.06648795,-0.034857396,0.08837578,-0.13154587,0.059030917,0.042468593,0.07701431,-0.0058796927,-0.13401166,-0.0039273314,-0.06649148,0.00073661003,0.027608972,-0.061628506,0.048817635,-0.09590952,-0.11246878,0.026108336,0.051305495,0.0040591042,0.03363451,0.06731399,-0.027402865,0.0115705915,-0.04555933,0.010198062,-0.0023020948,-0.06486965,0.037991017,0.027239393,0.012554061,-0.02257704,-0.031829387,0.022246564,0.04714793,0.022060702,-0.051995173,-0.049466137,0.021769345,0.040153127,-0.013094165,0.011900283,-0.012411606,0.17776506,-0.10238047,0.039386526,0.056267958,0.015453404,0.051408842,-0.09562195,-0.007525163,-0.06228119,0.121098176,-0.026490886,-0.033311024,0.09283431,-0.039056472,0.00099748,-0.037061825,-0.12760602,0.02304963,0.015424037,-0.0074568167,0.08514975,-0.09141105,0.12636921,-0.094792806,0.1820125,0.03736378,0.059649237,0.013843019,0.0056260675,0.021013893,0.01430462,0.053178076,0.040039726,0.09988349,0.055848915,-0.06393841,0.036377605,0.063934684,-0.10862853,-0.07477877,-0.072966024,0.09935794,-0.17276375,0.11624423,0.07569791,0.111536704,-0.1261191,0.099078946,-0.08981538,-0.03218278,-0.030444931,-0.0016830917,0.078524195,0.002843041,-0.025159067,0.045198914,0.12262936,0.08038051,-0.00077590905,0.05992394,-0.06479175,-0.1304841,0.08124292,-0.103416,-0.10920556,0.022904862,0.12951683,0.031925354,-0.054887082,-0.06568809,0.09208155,0.018106326,0.13395604,0.04413753,-0.043098778,-0.075444326,-0.08263643,-0.04966087,0.03622006,0.07822733,-0.11195778
LUNG1-054,-0.027975244,-0.032979786,0.008060593,0.091799736,0.07733004,-0.039711673,0.0019210875,-0.14966732,0.037850324,0.09851557,0.06323325,0.027250707,-0.113437474,0.03610731,-0.09599274,0.08747424,-0.067454495,-0.032437015,0.06753445,-0.09386592,-0.022561098,0.033341657,0.17034104,0.03043233,0.05728206,0.05459748,-0.08350572,-0.024428003,-0.06852837,0.09319806,0.04384181,-0.123205066,0.08303989,0.10306202,0.0012992695,0.030859362,0.00024111569,0.059478544,0.021917991,0.059165105,-0.07566868,0.0037721507,-0.01478041,0.050308384,-0.043874253,-0.11828325,-0.013897391,0.096756816,-0.006845139,0.028707765,0.12647079,0.024732383,0.087928906,-0.032784484,-0.07893668,0.0071390346,0.092260525,0.020847648,-0.010758679,0.07171061,-0.11390353,0.044607457,-0.047415193,-0.11137877,0.04410889,0.005268395,0.059385188,0.09296791,-0.07376719,0.113616295,-0.18150616,0.16192827,0.024368528,0.06552486,0.12940463,-0.0666284,0.05749414,0.016121099,0.050327815,-0.004810974,0.06128849,0.05651953,-0.03891632,0.110194445,0.067410395,-0.06864632,-0.06704593,-0.07070683,0.07649875,-0.2534929,0.12712158,-0.033548124,0.094267204,0.020096347,0.01417606,-0.073698804,0.041305598,0.018098379,0.050446384,0.07139062,0.032790497,-0.11073282,-0.044702515,0.07455219,0.1390893,-0.050848626,0.14351848,-0.02981459,-0.037551038,0.22560424,-0.07064115,-0.12054327,0.026640419,0.04543484,0.09307433,-0.0933365,-0.07520974,0.04271337,0.035848733,0.16400288,0.04976678,0.062425166,-0.11854845,-0.09496525,-0.113260776,0.055088565,0.14657947,-0.029035755
LUNG1-055,0.066671886,0.048959672,-0.05328414,0.049956933,0.116445616,-0.14244439,0.047487408,-0.19267607,0.032044664,0.2341963,0.08413507,0.029032968,-0.1359479,0.02467237,0.023565158,-0.04239413,-0.053770803,-0.07174532,0.060017414,-0.0046124347,0.017567039,0.14432767,0.19191134,0.15147927,0.19167218,0.05415489,-0.04333531,-0.11287554,-0.059247665,0.13880467,-0.0051713004,-0.08113164,0.0874756,0.10334535,-0.030141953,0.03542442,0.07719031,0.06503212,-0.0090938555,0.063872874,-0.20290513,-0.0740139,0.006390393,0.014409315,-0.031748,-0.13371897,-0.01929491,0.16431105,-0.0644532,0.17414549,-0.011793144,0.02680131,0.09209415,-0.095329255,-0.062060338,0.07543768,0.06967378,-3.6507845e-06,0.05314343,0.06810705,-0.06909798,-0.02471618,-0.08814471,-0.06320632,0.1531356,-0.010762718,0.038109902,0.090134054,-0.07208614,0.116865106,-0.15409872,0.14798227,0.04599298,0.06705073,0.05614955,-0.15701886,0.09008025,-0.032650582,0.0326512,-0.02155849,0.051184393,0.077748924,0.038775995,0.12421161,0.15245748,-0.17364463,-0.06476464,-0.052028064,0.103087395,-0.13095543,0.053443402,-0.04571945,0.08873985,-0.11064021,0.0019353759,-0.0404878,-0.053128198,-0.03153879,0.16426986,0.12302786,0.018983882,-0.15831712,0.0008343756,0.112328626,0.18993407,-0.038905635,0.038637582,-0.025792666,-0.19948839,0.057625897,-0.115784146,-0.095012136,0.0705937,0.25223666,0.00069368444,-0.20559917,-0.07711361,0.05495294,0.02018688,0.032706305,-0.0008135699,0.08209765,-0.14341837,0.018796168,-0.036086798,0.02736878,0.12004794,-0.0681698
LUNG1-056,0.038124662,0.019765386,-0.052927136,0.04866172,0.020379167,-0.0021293797,0.04238492,-0.16410762,-0.0020751525,0.103315085,0.048221927,0.02131503,-0.11478115,-0.010401078,-0.052565064,-0.014402698,0.0089878235,-0.061612234,0.042908292,-0.050579146,-0.05313975,0.065852374,0.15535039,0.046532672,0.09972362,0.023736455,-0.11530377,-0.027549818,-0.040627625,0.09215205,0.041035503,-0.0869979,0.03621961,0.0723338,-0.043744184,0.053491775,-0.0849131,0.054878153,0.06510034,0.025111793,-0.07816655,-0.024204014,0.050342105,0.06304994,-0.029541703,-0.036245108,0.00997507,0.1025475,-0.03513358,0.0659311,0.06672657,-0.018035702,0.015269391,-0.06904496,-0.040863786,0.010896713,0.08751862,-0.0011107847,0.0348613,0.067540966,-0.10035861,-0.015215009,-0.15477599,-0.10127582,0.113120005,-0.06345654,0.003787309,0.16054484,-0.08056292,0.06379582,-0.16026716,0.16056013,0.010735996,0.0425238,0.1406938,-0.06644002,0.025331605,0.012153054,0.058427535,0.07424568,0.019977115,0.042335697,-0.037876483,0.058046967,0.10736376,-0.01249158,-0.116981715,-0.05876141,0.13511369,-0.08544597,0.069763936,-0.091453515,0.058267746,-0.06755867,-0.015066866,-0.03611353,0.010668555,0.029230967,0.036884237,0.092538565,-0.011827787,-0.12426373,0.07099892,0.05301953,0.102285,0.03464604,0.045895413,-0.0803405,-0.13563806,0.10774252,-0.114952266,-0.08205964,-0.062397346,0.08217785,0.106311284,-0.1798513,-0.057382096,0.040954303,0.04731672,0.10661488,0.024292585,-0.034932293,-0.06800011,-0.040526338,-0.060269527,0.015839055,0.09892721,-0.021826323
LUNG1-057,0.050183713,-0.024386138,-0.03092532,0.024934985,0.1601969,-0.15509784,0.057890035,-0.19010371,0.07903522,0.1500319,0.06493522,0.03138654,-0.22047573,-0.0029636212,-0.005537927,-0.05915364,-0.0144055765,-0.016405094,0.074942395,-0.009070162,-0.04759791,0.17048773,0.12238313,0.1356318,0.1371467,0.058574583,-0.0027664676,-0.085487194,-0.05823974,0.08155475,-0.0006345259,-0.13086957,0.124327354,0.049657714,0.030487493,0.011194926,0.072621346,0.050004117,-0.028311063,0.04759939,-0.1778608,-0.08521356,-0.018799784,0.061814673,-0.020884614,-0.10175663,0.0006701052,0.23871845,-0.1337859,0.11188343,0.05594995,0.011609852,0.11519688,-0.10206499,0.0017036404,0.03686566,0.102404274,-0.016716715,-0.041761357,0.079838276,-0.03529764,-0.084258474,-0.022584947,-0.05557449,0.08926247,-0.022349998,0.02305741,0.08039598,-0.048891373,0.106757134,-0.1401054,0.16647047,0.06156308,0.05055173,0.056617778,-0.08880385,0.08025009,-0.036249116,0.053254873,-0.03906443,0.08559847,0.094179444,-0.011354864,0.048713814,0.108279474,-0.1675713,-0.06660978,-0.05296716,0.11236537,-0.14615022,0.08607399,-0.0037015257,0.09702783,-0.1423269,0.06440517,-0.05493936,-0.08101187,0.013449928,0.07447493,0.13213247,0.025033208,-0.11201072,0.009698112,0.12110804,0.13978061,-0.061500758,0.07293098,-0.016100742,-0.17537937,0.10468985,-0.12512821,-0.049473017,0.08559697,0.22265494,0.04984649,-0.113073856,-0.0600178,0.079210706,0.0020877756,0.041678693,-0.0022646934,0.0073499233,-0.12741286,0.013123665,-0.037030764,0.043268878,0.16587293,-0.08580451
LUNG1-058,0.14334539,-0.021013774,-0.040367253,-0.11165259,0.1060043,-0.12953919,-0.14760742,-0.06602724,0.11753379,0.2737045,0.20653912,0.16130085,-0.25955585,0.14396355,-0.06608707,-0.17158276,-0.09301345,-0.015169334,0.09474562,-0.12339391,-0.13555866,0.19916114,0.31191504,0.02314748,-0.009919003,0.13577937,-0.27440298,-0.106192224,-0.10194053,0.208372,0.03007608,-0.058931798,0.07574883,0.21435872,0.18019529,-0.1670616,0.02037565,0.11863541,0.17815796,0.09325133,-0.21765687,0.12835744,0.0012734756,0.13073608,0.035196748,-0.26269293,-0.08778845,0.1769675,-0.00936953,0.14446175,0.15147872,-0.09418044,0.07111275,-0.05385111,-0.13143525,0.03612201,0.21145329,-0.076761745,0.27037716,-0.03958246,-0.22509149,-0.011129294,-0.19123979,-0.011011083,-0.005932129,0.062789746,-0.06836973,0.09239897,-0.35638312,0.34985554,-0.14562336,0.16930197,0.1918647,0.116369136,0.13243286,-0.2451365,0.1793778,0.06644565,0.031422697,-0.009889197,0.0273798,0.28782314,0.076737255,0.15499309,0.2181175,-0.16791615,-0.044600744,-0.1436263,-0.0013453886,-0.21483016,0.0075201243,0.06861383,-0.06876307,0.025630392,-0.07297033,-0.050207347,0.07274667,-0.059255593,0.170335,0.26309928,-0.11763205,-0.25370136,-0.030000329,-0.04648649,0.099501714,0.07481767,-0.09357219,-0.15844297,-0.014766127,0.26704425,0.0057852715,-0.12672357,0.038044736,0.25042412,0.055990845,-0.21371639,-0.16428645,0.20419987,0.124933526,0.10954314,0.13216095,0.19402394,-0.0477386,-0.08809722,-0.113965,-0.0105546415,0.071879335,0.08726009
LUNG1-059,0.012830466,0.02215099,-0.0075600557,0.02964931,0.11329135,-0.07165834,0.046465613,-0.13888672,0.030734852,0.05035147,0.096264854,0.0042054355,-0.14987746,0.0024411269,-0.080502465,-0.025070695,0.035997108,-0.06336072,0.0060092695,-0.12240192,-0.049705584,0.040237714,0.058372654,0.046735544,0.09160812,0.111838795,-0.09029023,-0.031814113,-0.0498709,0.031457324,0.036700808,-0.059076916,0.009163499,0.08375304,0.012876123,-0.094162725,0.0021952428,0.042106617,0.03178317,0.022149177,-0.02780946,-0.04579892,-0.039542187,0.02074096,-0.017773826,-0.014477816,-0.02957591,0.15608339,-0.1493847,0.015008651,0.07919005,0.060034268,0.07314047,-0.095444426,-0.03829368,-0.01472896,0.09473775,-0.039076306,-0.017846338,0.12571262,-0.05667842,-0.08420814,-0.11433197,-0.19379038,0.0045448784,-0.05403521,0.020329814,0.11829184,-0.072079,0.16881382,-0.15262665,0.17373458,0.020730142,0.058354676,0.094670594,-0.002495706,0.0038494775,-0.0029849252,0.065532885,0.05262486,0.0087823905,0.06693663,-0.05382338,0.052593566,0.11160322,-0.103966296,-0.062871896,-0.06744257,0.10827727,-0.06873527,0.12918317,0.05494017,0.09853547,-0.16109988,0.032051153,-0.077271804,-0.0060095433,0.02184005,-0.021501563,0.062331878,-0.03911532,0.007015243,0.034266517,0.07817164,0.09451184,-0.027469477,0.07753008,-0.08187874,-0.11742048,0.07920427,-0.109354645,-0.1190806,-0.043031946,0.123372965,0.10857848,-0.13267574,0.004171055,0.033078805,0.06603588,0.15826732,0.105755605,-0.102619946,-0.113072686,-0.06144562,-0.095907204,0.015476063,0.1290248,-0.07959661
LUNG1-060,-0.029440017,0.016949352,0.031117115,0.013438538,0.066941716,-0.01913983,0.041458923,-0.115963146,0.08297908,0.09940577,0.08414905,0.028434694,-0.14820033,-0.019140638,-0.039205518,-0.045180913,-0.023411442,-0.06460814,0.06644215,-0.09420644,-0.002064906,0.056860954,0.10599633,0.07242261,0.062986225,0.07408828,-0.0779558,-0.040928796,-0.04327025,0.07762663,0.03378215,-0.05694122,0.061103992,0.09164269,0.021031216,-0.054201923,0.03707431,0.0902174,0.011541678,0.0012071133,-0.04831917,-0.02024417,-0.0057944544,0.04286488,0.012421206,-0.031350877,-0.023480024,0.16646099,-0.07651189,0.06691664,0.055844996,0.044884443,0.09869841,-0.0768307,-0.08063242,0.0075781494,0.10230538,-0.008525569,0.008323297,0.09038982,-0.048878886,-0.002245523,-0.102303065,-0.14468592,0.050526083,0.01901498,-0.009689901,0.07481718,-0.12626402,0.1555239,-0.10741145,0.17771174,-0.009106696,0.049474306,0.1258002,-0.08246821,0.044941477,0.02215574,0.058083523,0.003775373,0.054206956,0.06502414,-0.09350015,0.113720976,0.10235108,-0.11343907,0.026284918,-0.07612941,0.07385412,-0.120992884,0.09231169,0.0433962,0.021020085,-0.13338457,0.019811463,-0.0531385,0.0032389648,-0.04417943,0.05865914,0.095798045,-0.045481894,-0.035752863,0.0038029104,0.099465415,0.14312115,0.005721949,0.048430845,-0.09260718,-0.1235827,0.14909586,-0.07658503,-0.111752644,0.001991719,0.11227453,-0.016114853,-0.08792325,-0.06067484,0.06908816,0.04466883,0.12631807,0.05427292,-0.008591525,-0.06102262,-0.06307558,-0.06978272,0.022477545,0.06510425,-0.04691138
LUNG1-061,0.038623113,0.02457646,0.006464321,-0.0067427754,0.14671245,-0.17160887,0.055975273,-0.20249656,0.12607796,0.20856217,0.10361609,0.07926543,-0.25093842,-0.038818896,0.0038571954,-0.10943222,-0.032357633,-0.016528673,0.05427698,-0.021501418,0.017649774,0.20975614,0.15361893,0.17416364,0.16743654,0.06490654,-0.035084646,-0.14106533,-0.020649888,0.12169162,0.04458575,-0.1098912,0.07996729,0.067731515,0.013680421,-0.017132767,0.1528051,0.08695776,-0.0037110113,0.012396703,-0.17414805,-0.069881916,-0.049857505,0.026210729,0.0023596678,-0.1596402,-0.02472153,0.31609637,-0.09781818,0.15602744,0.032081187,0.04072081,0.14066917,-0.11200638,-0.03855769,0.09402682,0.101422615,-0.00021614134,0.06269759,0.10665673,-0.07984945,-0.09314727,-0.10548087,-0.03725199,0.12296985,0.0400374,0.019157749,0.055332474,-0.104830675,0.12650284,-0.18597102,0.17081875,0.083710656,0.00016596541,0.11224234,-0.1361461,0.13140684,-0.019313738,0.06802235,-0.026802495,0.05688532,0.10696853,-0.017339274,0.11676215,0.17929503,-0.21803477,0.01015804,-0.11493532,0.09278867,-0.120053574,0.07692793,-0.021824079,0.08126527,-0.16562042,0.039420664,-0.044647302,-0.08357099,0.046825655,0.13159701,0.06838835,-0.0021375204,-0.12723671,0.005622778,0.17208272,0.1613489,0.007937606,0.06276497,-0.0347555,-0.18957314,0.12367624,-0.133096,-0.10877141,0.08321206,0.29286656,0.02353405,-0.16536629,-0.082665846,0.04910457,0.032907166,0.056866586,0.020027593,0.011964388,-0.1354317,0.0069819875,-0.031082887,0.06111514,0.16191241,-0.04823027
LUNG1-062,0.14488274,0.07045303,-0.09145115,-0.0012616962,0.17507477,-0.14189883,0.017568447,-0.20840245,0.06114662,0.18820378,0.09781644,-0.035748586,-0.18259728,-0.031800844,0.016493835,-0.10478558,-0.023905925,-0.10250808,0.052585714,0.014570683,-0.07938032,0.23813063,0.19462618,0.13390361,0.123319864,0.08421827,-0.06157919,-0.016718023,-0.10163997,0.12713224,-0.09355795,-0.06347861,0.07852495,0.072377875,-0.012265358,0.0912046,0.044348385,0.05483886,0.011400219,0.109790385,-0.26474765,-0.020526042,0.066316955,0.07019862,-0.010945172,-0.13578594,0.020078216,0.11719948,-0.0381906,0.16430378,0.04856029,-0.05113197,0.010704089,-0.13840422,0.025631487,0.085254505,0.07646766,-0.01716013,0.012297049,0.07398974,-0.10308763,-0.01048677,-0.037766613,-0.056010302,0.18305036,-0.07643467,0.03430125,0.1795196,-0.07683516,0.125878,-0.14081696,0.12985024,0.067456335,0.08866507,0.017151203,-0.14485706,-0.019415956,-0.084422745,0.07470633,0.013942286,-0.042144753,0.1301454,0.100177824,0.055149198,0.17627242,-0.19084193,-0.20235665,0.02826159,0.12906435,-0.1067455,0.06572833,-0.07020831,0.08124901,-0.05558649,-0.0322683,-0.01323517,-0.053349696,-0.030101871,0.10580777,0.105621584,0.008594069,-0.18150944,0.040050212,0.08203641,0.1025067,-0.06161653,0.055725038,-0.03307116,-0.20305361,0.032683317,-0.09467573,-0.058107335,0.020255512,0.22253788,0.070483044,-0.2667411,-0.05550018,-0.017587274,0.038168214,0.015172485,-0.03090059,0.0687525,-0.21389852,0.05585038,-0.024390854,0.013934895,0.15005216,0.02203662
LUNG1-063,-0.021934815,0.032493956,-0.12042977,0.05615016,0.12627582,-0.077444226,-0.04745335,-0.16310087,-0.016366467,0.103280924,0.11447114,-0.008447237,-0.062004216,0.00081852823,-0.14697245,0.06582769,0.047296137,-0.07795732,0.046977203,-0.12315862,-0.16128562,-0.017099597,0.090783805,0.052376226,0.06020635,0.06428374,-0.07043554,-0.118805625,-0.118824445,0.08704756,-0.019711927,-0.0741,0.03251363,0.065438084,-0.071761996,-0.026663914,-0.0016398542,-0.015461072,0.03978963,0.03236121,-0.10557546,0.022399873,0.041003272,0.08969746,-0.049185358,-0.04128609,-0.0011938624,0.17661846,-0.19185695,0.08782174,0.06813892,-0.03169211,0.13566938,-0.13196391,-0.06496798,-0.048735604,0.19279045,-0.043197908,-0.06194456,0.07961743,-0.10224833,-0.071321905,-0.06379714,-0.15967287,0.0440385,-0.05738686,-0.014031805,0.21651042,-0.061839156,0.15330565,-0.12556826,0.2692271,0.021634545,0.12627913,0.07984984,0.007438138,-0.0477422,0.046479102,0.034490783,0.101483285,0.009876728,0.18497023,-0.036434617,0.004113786,0.06564059,-0.11645767,-0.08201807,-0.046945557,0.09824772,-0.13039438,0.08949351,0.016785378,0.13479188,-0.088651106,0.029879283,-0.12745307,-0.010140309,-0.031413116,-0.013716832,0.09180066,-0.056879018,-0.057515495,-0.022947602,0.040105548,0.061442293,-0.0718806,0.047008,-0.05345769,-0.1570898,0.0034570098,-0.14415939,-0.12223491,0.014411662,0.11976276,-0.008051591,-0.14147763,-0.0378738,-0.040906854,0.042024396,0.10053091,0.07322417,-0.046128526,-0.07536341,-0.072839424,-0.06585121,0.0103090145,0.051159527,-0.15534765
LUNG1-064,0.09818102,0.08229336,-0.11602774,-0.022881329,0.10657631,-0.065396205,-0.13806355,-0.20675349,-0.024682775,0.17164016,0.029408438,-0.06712808,-0.18207282,-0.056162782,-0.121897005,-0.035699703,-0.017851159,-0.096359946,0.04628504,-0.20674762,-0.14122592,0.09535475,0.18642715,0.010883291,-0.018659621,0.07192442,-0.17802194,-0.121383555,-0.08799255,0.1086061,-0.12534057,-0.044821523,0.07541189,0.14306924,-0.088622585,-0.10280425,-0.11133182,-0.024375182,0.09390374,-0.032648012,-0.07162077,0.06508542,-0.00061354414,-0.007906619,0.08143859,-0.06596583,-0.004829053,0.07218153,-0.03105624,0.12903549,-0.038833432,-0.039622277,0.07772118,-0.067908205,-0.070136026,0.016912289,0.15291344,-0.0298325,0.08007263,0.07940495,-0.119841255,0.045555912,-0.22267409,-0.088871315,0.018896252,0.013576591,-0.023822643,0.20450345,-0.15423317,0.15109539,-0.07908376,0.235277,0.1348474,0.089205086,0.13463756,-0.05668495,-0.04916753,0.011063699,0.037885536,0.0980631,-0.010800272,0.13685772,-0.0037382916,0.067329936,0.13500404,-0.16167521,-0.13628332,0.015936468,-0.0058452412,-0.09303655,0.040668268,0.046928093,-0.027362406,-0.11485593,-0.15811354,-0.06391905,0.15307993,-0.094343,0.12607728,0.08030836,0.02776041,-0.1494487,0.0754779,0.009279765,0.07766481,-0.066041425,-0.015878655,-0.121129334,-0.077298746,0.10001002,-0.11348899,-0.093367755,-0.054654278,0.18848923,-0.04606188,-0.25809136,-0.094770156,0.041651275,0.037429653,0.016196001,0.061017238,0.012925446,-0.0056160986,-0.040470287,-0.06429028,0.029925302,0.053773694,-0.076896176
LUNG1-065,0.09148841,0.069631785,-0.07335159,-0.047748014,0.16698046,-0.08627383,-0.031399548,-0.21766874,0.004612349,0.21136734,0.10977503,-0.0036538392,-0.11493352,0.11596458,-0.07186047,-0.04466738,-0.055875976,-0.018145446,0.052284993,-0.12505251,-0.17421658,0.10770498,0.1930196,0.032865413,0.02613489,0.14987513,-0.23621117,-0.00867153,0.018698752,0.12585153,-0.036102444,-0.101668835,0.08308849,0.19065368,-0.022552026,-0.11557213,-0.102886945,0.08165001,0.15067321,-0.0016929992,-0.15474012,0.06250683,0.007869121,0.061715677,0.040601492,-0.16106682,0.001422992,0.04834809,-0.015803307,0.14782593,0.024473723,-0.050186075,0.030003253,-0.087605834,-0.013763781,-0.019092474,0.18030146,-0.05735071,0.07527897,0.09506318,-0.13804111,-0.02997727,-0.14781803,-0.07214146,0.021044124,-0.008813173,-0.006499648,0.15015236,-0.1342639,0.19440427,-0.057430837,0.18026331,0.18942,0.07543623,0.116430745,-0.15717396,-0.07186281,0.05404689,-0.101284124,0.05256138,-0.08237811,0.13776538,-0.022493288,0.05862248,0.12508842,-0.10438831,-0.12254828,-0.06625819,0.085710734,-0.10694071,0.014555242,-0.009132455,-0.01208701,-0.05790966,-0.09830113,-0.006272463,0.15611455,-0.029979846,0.061247397,0.12151067,0.0193623,-0.06437329,0.022220902,-0.06991694,0.1397146,-0.012608374,0.0010972917,-0.098531604,-0.09109042,0.039449148,-0.05391118,-0.0629758,-0.0058147907,0.16880119,0.05889615,-0.21690981,-0.12781247,0.07859821,0.047716767,0.04628178,0.14620635,-0.010671362,-0.03204946,-0.012126062,-0.041157663,0.072432116,0.0805913,-0.027633537
LUNG1-066,0.0022151694,0.03515788,-0.07899703,0.045499176,0.054859973,-0.018932004,0.020050555,-0.1395971,-0.00827487,0.06987968,0.080001205,-0.027118575,-0.105161235,-0.025123462,-0.09383891,-0.0056411177,0.056858644,-0.08165851,0.029567182,-0.15189044,-0.08092378,0.027261801,0.087344795,0.014870181,0.04179082,0.08240451,-0.07943216,-0.031855732,-0.050119594,0.020008747,0.014022626,-0.021166507,0.03528411,0.073455624,-0.07384524,-0.05378925,-0.054318264,0.018985923,0.052377485,-0.02607539,-0.010533106,-0.025022421,-0.0010253228,0.038249638,-0.012984273,0.03557414,0.017480932,0.12045428,-0.07930336,0.04714024,-0.007867351,0.027359633,0.05644325,-0.049336992,-0.06432012,-0.024688117,0.08403283,-0.00026899576,0.016880121,0.101641014,-0.050683722,-0.02078136,-0.17260647,-0.16389564,-0.02768423,-0.019355346,-0.025200255,0.12690398,-0.10826462,0.11493714,-0.13859521,0.19602299,0.015872218,0.039515566,0.12247765,-0.03355907,0.03548938,0.031471647,0.07316701,0.08976233,0.044084683,0.08463238,-0.06673778,0.06158812,0.08591406,-0.060880393,-0.0856974,-0.034433838,0.056396306,-0.10554824,0.09697675,-0.00781917,0.08514966,-0.11700267,0.013010566,-0.09555522,-0.0051250737,-0.041048706,0.033358425,0.06776956,-0.016479578,-0.03465234,0.025713122,0.07418683,0.08287927,0.015366878,0.026479684,-0.09362222,-0.106107645,0.06955261,-0.11828682,-0.11253023,-0.044782333,0.13725005,-0.023118153,-0.14586383,-0.06156279,0.069813885,0.03161958,0.11485085,0.018155115,-0.088387236,-0.030933972,-0.0761334,-0.06709618,0.021443024,0.037658587,-0.08565352
LUNG1-067,0.3174344,0.17092693,-0.33324218,-0.1978705,0.2635188,-0.41962108,-0.3927998,-0.2151246,0.18475124,-0.03474103,0.028027404,-0.04737934,-8.831918e-05,-0.21593085,-0.18378177,-0.08988161,0.17707694,-0.44099998,0.24770284,-0.19341257,-0.38472155,0.28421894,0.1805473,0.047166802,0.09898473,0.13490024,-0.1700286,-0.05440674,-0.11820467,0.04024273,-0.0055557555,0.039419405,0.034243546,0.023154225,0.108624086,0.24404806,-0.23841669,-0.06275536,0.061156243,0.05254131,-0.38531363,0.1301418,0.115782954,0.35251117,0.24979317,-0.25858068,-0.03684559,0.16745755,-0.20238975,-0.021525845,0.0496362,0.035056546,-0.16059867,-0.19636369,0.23284997,0.12046008,0.21627653,-0.002747804,0.022413265,-0.045643263,-0.30998567,-0.051086836,-0.035594665,-0.16647099,0.3522778,-0.30373976,0.15204743,0.6996067,0.041162167,0.14022125,-0.29466254,0.42438772,0.28767785,0.45865598,0.16847172,0.060164534,-0.17669813,0.021798672,0.3572515,0.23268464,-0.23133194,0.33922142,0.29129803,-0.51289535,0.2852311,-0.54717124,-0.44557524,-0.15782914,0.11488017,-0.15411699,0.22000211,-0.34193316,0.11971133,-0.022652231,-0.1659808,-0.34529576,-0.03577189,0.08318236,-0.25839782,-0.18148062,-0.041902825,-0.31916985,0.16989782,-0.048282392,-0.15505818,-0.11432413,-0.050429173,0.049056996,-0.18957849,-0.05308623,0.09856976,-0.16789398,-0.124652155,0.25963295,0.3563251,-0.48934585,0.16870862,-0.0854015,0.1809537,0.054878842,0.11571547,0.03929232,-0.18483509,-0.016668156,0.064925164,0.017967097,0.31494364,-0.001549013
LUNG1-068,-0.024269922,-0.0034807324,-0.014492682,0.047800813,0.028921563,-0.065462686,0.03724935,-0.1073264,0.02789251,0.06885101,0.092480965,-0.001352869,-0.10550242,0.04164125,-0.07076284,0.018870711,-0.009187541,-0.014802329,0.010663928,-0.096073866,-0.07328001,0.0768827,0.085179776,0.043343976,0.09911409,0.047497943,-0.015060876,-0.030094922,-0.055813015,0.011263149,0.052819178,-0.08845212,0.08480493,0.048739508,-0.052973483,0.021489302,-0.012496285,0.030186461,-0.0116559025,0.03135536,-0.05637566,-0.03785305,-0.054462146,-0.030653529,-0.06312233,-0.07896453,-0.04187743,0.10270044,-0.080482684,0.07110617,0.1446827,0.07118894,0.10997585,-0.05454615,-0.048644762,-0.083590016,0.095887795,-0.0976735,-0.017454065,0.101915985,-0.10363675,0.002486147,-0.030803904,-0.1439992,0.021443084,-0.0033606961,0.013198573,0.029989723,-0.05417408,0.101656735,-0.112703815,0.154087,-0.031657506,0.025988165,0.03906007,-0.08677747,0.024365205,0.06919879,0.035091244,-0.054390498,0.0528894,0.06984706,-0.05134624,0.11554107,0.08186689,-0.06713185,-0.06280574,-0.04450466,0.07146697,-0.13958868,0.15161407,0.016230604,0.10964533,-0.08416493,0.03179568,-0.08989661,0.03996115,0.004443269,0.0047927033,0.10521247,0.010240568,-0.05002623,0.0005085692,0.06713969,0.10689129,-0.037485443,0.09147117,-0.031124372,-0.085057124,0.118526354,-0.15502307,-0.15925427,-0.0003103949,0.11983055,0.036984242,-0.09591643,-0.11293751,0.042401217,0.05638371,0.068927035,0.086615935,0.023568638,-0.10081608,-0.07286555,-0.07391688,0.036909625,0.12052703,-0.06511063
LUNG1-069,-0.0096925935,0.0067389533,-0.05332432,0.05028388,0.024024114,-0.01605891,-0.02823624,-0.157635,-0.002499435,0.094305724,0.052098483,0.005044207,-0.10822423,0.056542665,-0.07288235,0.0053429767,-0.0134489015,-0.03620685,0.059089992,-0.08737843,-0.063600264,0.0404637,0.13646647,-0.012588225,0.048091143,0.083527,-0.09024907,0.0068623126,-0.06376134,0.06572513,-0.009978726,-0.08453845,0.065912075,0.107474916,-0.043390654,0.008495159,-0.073253185,0.059944607,0.027173903,0.0191512,-0.08627531,-0.021934262,0.007114768,0.068598405,-0.018777303,-0.03764262,0.0024806596,0.060913723,-0.051673856,0.054166332,0.034205362,0.017566377,0.08354178,-0.049652465,-0.027711343,-0.0327849,0.08694119,-0.013001669,-0.014729474,0.08877718,-0.072591335,0.004104268,-0.08540564,-0.098671846,0.051017128,0.0028738156,0.017470118,0.13523945,-0.06452581,0.13251874,-0.10663915,0.13958955,0.044703465,0.065429896,0.09479849,-0.073179044,0.025053898,0.007973214,-0.016349062,0.027317956,0.033642188,0.04772151,-0.036451537,0.07368504,0.086181805,-0.031648535,-0.08489631,-0.033909418,0.114451885,-0.13162516,0.07020081,-0.019442167,0.040405173,-0.097809136,0.008566486,-0.03755667,0.030232012,5.0556846e-05,0.014123725,0.095023155,-0.0005707345,-0.08845492,0.054676987,0.038409974,0.11405713,-0.041678395,0.061360642,-0.057057727,-0.064348795,0.09982081,-0.116452456,-0.06892913,0.01886808,0.093431845,0.07819234,-0.10770429,-0.040377874,0.060778532,0.039910197,0.0781328,0.042937823,-0.038098544,-0.055572815,-0.05829071,-0.07305755,0.033941086,0.09646963,-0.085627824
LUNG1-070,0.0003835354,-0.08045466,-0.013108333,0.063366905,0.11240095,-0.11759813,0.021509252,-0.13761745,0.07389474,0.118315846,0.11323807,0.045287617,-0.20065454,-0.02186612,-0.08093794,0.0021612914,-0.055539753,-0.03424348,0.011577275,-0.07693537,-0.040662795,0.11806269,0.12530172,0.08351866,0.105956525,0.088407755,-0.054832175,-0.07826989,-0.06256798,0.086476594,0.07342139,-0.12391605,0.05311262,0.030383546,0.052089483,-0.01356278,0.053568322,0.07031622,-0.032323502,0.070910044,-0.09523686,-0.018115267,0.025586933,0.022482999,-0.014480879,-0.1573713,-0.02166313,0.17948624,-0.088378064,0.0027858391,0.14700313,0.028123002,0.10612053,-0.1218309,-0.030123003,0.022074454,0.096305996,-0.023915002,-0.003394857,0.074300155,-0.11656659,-0.05866012,-0.11414467,-0.12872426,0.030976076,-0.05954493,-0.013310894,0.093485236,-0.034236982,0.12031567,-0.17637882,0.20259765,0.03104375,0.041269008,0.14830682,-0.04721532,0.050484076,0.012631176,0.03938873,0.0007484779,0.024856042,0.094108015,-0.052779257,0.09223741,0.11408388,-0.116491705,-0.00989572,-0.06900788,0.08226542,-0.17387581,0.10725,0.05381892,0.081532344,-0.07846991,0.01642542,-0.07710049,0.011678774,0.032351963,0.028585548,0.08818131,0.008855994,-0.10124761,-0.014852747,0.079489574,0.12852615,-0.046651594,0.13520133,-0.06268382,-0.07343431,0.15916316,-0.08123923,-0.14745523,0.014175614,0.12107873,0.101380244,-0.09090473,-0.083831504,-0.026231766,0.04874681,0.10383737,0.09424578,-0.018872164,-0.16008553,-0.1291392,-0.11155943,0.014134206,0.17323709,-0.012878098
LUNG1-071,0.18228054,0.16672704,-0.38538072,-0.486326,0.27996385,-0.14632201,-0.5740204,-0.6591714,-0.085529536,0.6843636,0.041174524,0.38585693,-0.46522385,-0.19538984,-0.34354317,0.111939095,-0.18919352,-0.12057972,0.11710082,-0.52572733,-0.09124753,0.39527065,0.44786644,-0.055462763,-0.22800365,0.16871682,-0.6717675,-0.8937294,0.1489922,0.28744254,-0.23123746,-0.09353535,0.5100332,0.05152983,-0.42595094,-0.53140205,-0.022444714,-0.13410854,0.47118872,0.024386207,-0.23602062,0.2616157,-0.2278848,0.0034871884,0.21403429,-0.78345406,-0.14140898,0.42461616,-0.0659502,0.21318391,-0.09181125,-0.19641334,0.29785588,0.12235887,-0.08471729,-0.07194542,0.5218659,0.09239931,0.44142884,0.00761535,-0.6595212,-0.025697619,-0.14551249,0.038620904,0.15651903,0.12039881,0.044552524,0.65790546,-0.4384761,0.79015374,-0.16542438,0.7503135,0.4841603,0.23923245,0.31957942,-0.24247032,-0.41711646,0.14018686,0.007451386,0.3478951,-0.35767022,0.64038616,0.1356842,-0.002216071,0.4687037,-0.6059723,0.13023205,-0.03315369,-0.32610315,-0.5704677,0.04180317,-0.07993077,-0.21620834,0.0006904751,-0.42578042,-0.06866137,0.40581393,0.19808614,0.0026154518,0.362875,-0.18195486,-0.1539565,-0.35238197,-0.38516563,0.37157378,-0.16738763,-0.164251,0.08812101,-0.15373704,0.3616088,-0.46891248,0.2359473,-0.096467234,0.49994913,-0.19912446,-0.16690543,0.18176988,-0.20109546,0.2674193,0.026088549,0.13265449,0.3302788,0.33500928,-0.25593886,-0.049162157,-0.106011175,0.09267592,-0.35353824
LUNG1-072,0.047253065,0.116880976,-0.016443323,-0.028518982,0.14977863,-0.077848524,0.07884364,-0.23552835,0.03739605,0.20785666,0.13609204,-0.0021687448,-0.21226938,-0.059328653,-0.005507536,-0.04783504,-0.015630089,-0.0035426114,0.021678574,-0.032825056,-0.023320578,0.13321333,0.1658955,0.029530566,0.04874901,0.07860882,-0.10794103,-0.1337882,-0.02422164,0.100224145,-0.060585838,-0.10616194,0.16367173,0.16152042,0.06269816,-0.059230864,0.0021228567,0.06283151,-0.0127494205,0.017452305,-0.14753592,-0.011541873,0.007159002,-0.018813351,0.051244542,-0.060116198,-0.049353294,0.13354045,0.036346823,0.119814605,0.0211096,0.035577245,0.09342328,-0.079611555,-0.049883634,0.08221324,0.08360271,0.02148348,-0.0023490712,0.10232161,-0.052003555,0.053473562,-0.0538024,-0.10361691,0.11649442,0.010654537,0.051047374,0.055807877,-0.17986229,0.13996994,-0.095055655,0.08062575,0.04283387,0.04502435,0.06604772,-0.15833959,-0.06707938,-0.04886761,0.051305156,-0.050666805,-0.038219385,0.024861654,0.009749137,0.14373216,0.1000689,-0.15347245,-0.14573988,-0.034301355,0.11210388,-0.24046579,0.08154671,0.0034554116,-0.026170217,-0.06580073,-0.008131012,0.05377722,0.032078795,-0.09201807,0.12318519,0.029920775,0.053237382,-0.0076191686,-0.01040528,0.08765408,0.12411166,-0.020155113,0.053076483,-0.06618921,-0.18638296,0.04380664,-0.089550816,-0.027067248,-0.014143728,0.102872185,-0.0052636676,-0.05535984,-0.12726817,0.13533928,0.006756099,0.09872611,-0.05684161,0.032486163,-0.061317977,0.04116107,0.017694678,0.039870754,0.0934706,-0.08663278
LUNG1-073,0.026030883,0.030462706,0.018443622,0.027319882,0.058976024,-0.11832854,0.053288825,-0.1746681,0.06844394,0.14863953,0.09728828,0.030894287,-0.2041666,0.0036823638,-0.0099642575,-0.07699869,-0.014928473,0.011720307,0.010759916,-0.05753152,0.0011825599,0.12948596,0.08420373,0.106855676,0.14586973,0.028106311,-0.036992975,-0.11218829,0.008318596,0.07701764,0.056705453,-0.10029563,0.07206105,0.05105421,-0.002180148,-0.007647421,0.090108976,0.0636565,-0.020152722,0.046471797,-0.1396866,-0.07077046,-0.06832747,-0.052098975,-0.035220377,-0.12203275,-0.0073830914,0.21565172,-0.08410791,0.14814563,0.12026386,0.049687523,0.1326885,-0.10990237,-0.049212158,0.026994504,0.09798377,-0.055599265,0.02237362,0.15264842,-0.10590186,-0.02916979,-0.034674734,-0.12896109,0.08027263,0.017955061,0.026728332,0.032933142,-0.08736439,0.1520109,-0.15398961,0.1571882,0.029131252,0.016838275,0.045566477,-0.09917829,0.072883874,0.006646701,0.03352309,-0.041551653,0.016867004,0.107427694,-0.014078692,0.13994813,0.16161332,-0.16160192,0.0022517815,-0.09164749,0.07089238,-0.116301835,0.12706053,0.009373037,0.095234156,-0.16840777,0.03869436,-0.07796325,-0.03042133,0.013142144,0.058393493,0.08300688,-0.0042836517,-0.07052426,0.023299243,0.12457807,0.14095357,0.0049358867,0.08742152,-0.016529065,-0.14946462,0.13232896,-0.17647347,-0.15878752,0.061108638,0.21513775,0.024148934,-0.13838863,-0.108816415,0.0336486,0.06827556,0.059294246,0.029866079,0.023068257,-0.12985761,-0.0095038945,-0.04823609,0.060236514,0.16754436,-0.025368363
LUNG1-074,0.0527621,0.04493393,-0.008508472,0.05159079,0.11319338,-0.12112632,0.07276164,-0.23087123,0.013451068,0.20969576,0.073453516,0.03499859,-0.18943074,0.013144504,0.0501253,-0.05285291,-0.02930895,-0.041899253,0.00710544,-0.035951883,-0.0059075523,0.11512497,0.15344265,0.12812811,0.17003012,0.021080803,-0.023003649,-0.09438918,-0.024998069,0.07901518,-0.014470456,-0.094346285,0.10898397,0.06969774,0.0029929355,0.0015974827,0.06270343,0.015338988,-0.03582192,0.041054673,-0.1923024,-0.09719813,-0.036594883,-0.03952895,-0.056914873,-0.09335663,-0.0013594925,0.19254357,-0.09084164,0.20289928,0.032587305,0.0076457,0.10245976,-0.111852795,-0.042765453,0.046963207,0.06805442,-0.031748656,-0.00042241812,0.11921361,-0.059558664,-0.002080243,-0.012054848,-0.10569919,0.13086236,0.017741935,0.01796912,0.051528692,-0.088694006,0.13363682,-0.1024715,0.16481996,0.007964067,0.07784444,-0.012081854,-0.13783953,0.038081065,-0.044244017,0.058914673,-0.0042627826,0.045779295,0.06727335,0.028202109,0.12122217,0.14734316,-0.18526772,-0.063648105,-0.04062733,0.110702395,-0.1310235,0.09660045,-0.008615798,0.10733379,-0.1521096,0.033437543,-0.045770478,-0.049181003,-0.034459434,0.12827557,0.10530684,0.032581188,-0.07800764,0.0058024675,0.11422974,0.16610609,-0.034933615,0.04736899,-0.043719426,-0.19412433,0.07247662,-0.18271896,-0.09542005,0.04574725,0.20471716,-0.02560788,-0.17297453,-0.080760516,0.10072144,0.00777925,0.034819,-0.0018930286,0.07350163,-0.11620921,0.02486796,-0.027680341,0.055033717,0.100642905,-0.08634015
LUNG1-075,0.10722507,0.03622311,0.11238356,-0.26163816,0.2851486,-0.17655334,-0.027687915,-0.07158867,0.060591564,0.1468816,0.20738983,0.042236373,-0.18694352,-0.16151541,-0.13240996,-0.10520239,0.09292214,-0.04854607,0.055258512,-0.14032763,-0.008677283,0.15907493,0.0361688,0.06419179,0.10438398,0.22948101,-0.3002827,-0.16657773,0.006085612,0.059825122,-0.07412575,0.035275422,0.06893045,0.1567012,0.09467544,-0.2393809,0.11244883,0.010737527,0.13414699,-0.03501806,-0.006357394,-0.04356648,-0.12128931,-0.05622277,0.16114515,-0.09206324,-0.11836068,0.202705,-0.13790733,0.18945424,0.027739085,0.09505677,0.10321613,-0.17937985,-0.015416172,0.03650243,0.24059233,-0.057967745,0.09445347,0.14423664,-0.036492474,-0.20226881,-0.14005421,-0.054636903,-0.01711247,0.040236525,0.09262888,0.085364565,-0.31110358,0.31833923,-0.08855476,0.15376943,0.049150195,0.00563311,0.20219222,-0.09260005,0.065823175,0.06402004,0.087807864,-0.013999486,-0.039519228,0.31446087,-0.0908148,0.17195895,0.2787548,-0.20897014,-0.009483647,-0.16459802,-0.06364215,0.0032958984,0.08256766,0.2560164,0.071722075,-0.061898798,-0.057461545,-0.042458687,0.09881883,0.13230605,0.15220223,0.026502177,-0.14515245,0.058809925,-0.020307936,-0.03697408,0.04973235,0.087608725,-0.013886385,-0.106356256,-0.15642613,0.15327078,-0.035593424,-0.07987325,-1.456961e-05,0.23097041,0.05490287,-0.20813027,0.03398842,0.12843235,0.18844211,0.18437093,0.17625657,-0.12743513,-0.13018107,0.06808118,-0.10323297,-0.08782437,0.17567295,-0.002143301
LUNG1-076,0.0792519,0.05431662,-0.03966945,0.022419687,0.098155156,-0.10183476,0.056686636,-0.21150476,0.015921088,0.2045744,0.05142711,0.010216288,-0.13683487,0.02225333,0.01517643,-0.046146393,0.004832302,-0.057366952,0.054062955,0.010796405,-0.044652015,0.12272256,0.15914732,0.14612046,0.15056844,0.01612879,-0.053498566,-0.081215076,-0.06434743,0.08472339,-0.083763435,-0.09639459,0.104908794,0.088140175,-0.046567634,0.08964802,0.032434855,0.030086162,-0.015709609,0.04424231,-0.17391816,-0.101059414,-0.014207384,0.036422,-0.017894687,-0.07316336,-0.025134966,0.19047138,-0.090993784,0.14586578,0.00064163655,-0.025268517,0.09894034,-0.052146036,-0.027396314,0.018213421,0.06602568,0.001106929,-0.010206461,0.080627754,-0.041814957,0.011062082,-0.039144862,-0.059853353,0.16511121,0.013936238,0.032141224,0.14203092,-0.09001949,0.116557255,-0.11491257,0.15951161,0.02568112,0.081208184,-0.0036496557,-0.13084106,0.027323801,-0.055240437,0.053941686,0.014712565,0.045017548,0.06511019,0.03138853,0.08729712,0.10292902,-0.16527763,-0.11689063,-0.051836275,0.13510649,-0.109432295,0.061771177,-0.08051793,0.08602625,-0.11953563,0.001591634,-0.029160183,-0.07051974,-0.000200524,0.11416986,0.10395788,0.018116388,-0.114831135,0.049163662,0.09950267,0.13460466,-0.032453053,0.034365196,-0.019860066,-0.19066629,0.0563763,-0.16535425,-0.055276908,0.06856787,0.21477857,0.02299371,-0.15192077,-0.061222576,0.08455269,-0.012421329,0.04560603,-0.033390664,0.037101693,-0.11966485,0.055885226,-0.0077088214,0.059778426,0.10883461,-0.116553605
LUNG1-077,-0.022277972,0.067304626,-0.07693833,0.037701875,0.1209085,-0.046899136,-0.014812127,-0.17935815,0.009167886,0.08853025,0.06386516,-0.031412877,-0.038488027,0.019555762,-0.09501376,0.051553663,0.010974279,-0.037800662,0.06184871,-0.10764372,-0.14166017,0.004795179,0.11491685,0.018679658,0.034810364,0.050984107,-0.11774431,-0.065737136,-0.042801455,0.08274219,-0.005643916,-0.11628944,0.06846516,0.17714119,-0.036324084,-0.056459844,-0.07285337,0.0211875,0.03948889,-0.0037137195,-0.13878202,0.03555049,0.023149043,0.11506205,-0.04268349,-0.027344046,0.044460922,0.0963417,-0.117028296,0.09798433,0.043239977,-0.008669931,0.116287574,-0.13095346,-0.028699974,-0.04490803,0.2012268,-0.02849474,-0.061179064,0.11688723,-0.11251844,-0.04252599,-0.03108593,-0.09697654,0.017289447,-0.0009964313,-0.014623843,0.18756855,-0.0780067,0.1402317,-0.07839054,0.20154057,0.05812,0.10200944,0.08128337,-0.09556801,-0.030523498,0.023430288,-0.028487341,0.03649418,-0.0063727647,0.09642883,-0.06244292,-0.021866664,0.037723143,-0.094658695,-0.11778583,-0.054154947,0.13779548,-0.1220402,0.06605952,-0.024979781,0.07428735,-0.11248372,0.014775585,-0.04583575,0.036161736,-0.025729455,0.002102241,0.07828805,-0.0058159735,-0.03963654,0.01792765,0.03749877,0.09914125,-0.10586117,0.06862024,-0.061525818,-0.13353789,0.0044739395,-0.109465316,-0.05943505,0.00407061,0.10524019,0.031567737,-0.11646299,-0.06182547,0.041862924,0.005367957,0.07793994,0.052231673,-0.07988693,-0.035391226,-0.042445824,-0.06250383,0.042979483,0.05524672,-0.16587105
LUNG1-078,0.10236191,0.08689916,-0.1060763,-0.017639324,0.057595357,-0.06361366,-0.07808835,-0.22099075,-0.068136185,0.2022863,0.03595603,-0.014462333,-0.20478718,0.04905706,-0.08532749,-0.06289672,-0.012628131,-0.00775655,-0.013064574,-0.11554547,-0.1774249,0.10551353,0.21920407,-0.025029607,0.011559136,0.061553888,-0.21563698,-0.058712848,-0.036866598,0.056396652,-0.063873045,-0.09863224,0.043713752,0.19245031,-0.06365308,-0.09031197,-0.15215534,0.018156696,0.09980923,-0.0072842,-0.09081127,-0.029801361,-0.020883838,0.0059072115,0.06202004,-0.13309568,-0.05751188,0.055214457,-0.042011455,0.10470883,0.04381181,-0.046869405,0.038506947,0.00025032088,-0.055277728,-0.015105415,0.1175672,-0.06460952,0.09332141,0.10455491,-0.1066974,0.032510094,-0.1935327,-0.1166486,0.04056959,0.028810022,0.015802968,0.21306589,-0.1114136,0.19572866,-0.08841938,0.18921915,0.13622794,0.034574058,0.14247915,-0.09424729,-0.07774419,0.017670307,-0.024967387,0.03761082,-0.064624324,0.059410132,-0.021048985,0.060231473,0.11775031,-0.09130036,-0.166417,-0.073492214,0.047249123,-0.0585126,0.09596635,-0.043521617,-0.024791725,-0.14514314,-0.12195934,-0.04014993,0.1442366,-0.04073023,0.059886537,0.08623581,0.037019935,-0.14082862,0.13175344,-0.016641341,0.12954031,0.008611713,-0.011370011,-0.14615262,-0.018600993,0.0930042,-0.16105132,-0.09290876,-0.008429214,0.15337768,0.06571841,-0.23685269,-0.0671612,0.04641169,0.0588512,0.060938627,0.1807617,-0.012823068,0.036600113,-0.012768258,-0.0037731528,0.033658408,0.11293801,-0.10223602
LUNG1-079,0.033005826,0.028923478,-0.023239434,-0.03741262,0.041920364,-0.02659096,0.01444754,-0.15436885,0.004607333,0.14307421,0.08310063,0.07216136,-0.10231945,0.10796862,-0.05573561,-0.02596253,-0.040596507,0.009243117,0.025197089,-0.13281754,-0.15418752,0.076553,0.12009843,-0.007897697,-0.021553397,0.12227115,-0.13180782,0.0035928562,-0.001791425,0.03848398,-0.019507397,-0.07160834,0.034474235,0.10914843,-0.04293941,-0.053423792,-0.087205164,0.07716704,0.09550235,0.031616505,-0.11660244,-0.019432666,-0.053309757,0.004700236,-0.024890965,-0.12207522,-0.046281353,0.07631502,-0.05039453,0.118998416,0.08895996,0.015468711,0.030034829,-0.06582855,-0.016827052,-0.0925088,0.13315773,-0.12037436,0.04994392,0.088858664,-0.09163648,0.022131745,-0.0982544,-0.11592467,0.010206148,0.031704128,-0.040385343,0.09787354,-0.13284475,0.17990986,-0.09351543,0.14945737,0.09950636,0.052296706,0.07584837,-0.10141745,0.017208055,0.09720343,-0.02675862,0.040517144,-0.028748699,0.12987044,-0.0416367,0.1028707,0.12487189,-0.05233852,-0.08319234,-0.070763215,0.089020655,-0.11669086,0.064868405,-0.020324413,0.07199599,-0.100669265,-0.04840429,-0.055829763,0.07745042,-0.010392188,0.046949364,0.11444082,-0.023728784,-0.04881945,0.010841109,-0.026270792,0.1377693,0.036757782,0.02426957,-0.034487594,-0.05206278,0.086683184,-0.12618753,-0.10407186,0.051491674,0.17453536,0.046019614,-0.14105721,-0.09438329,0.087101705,0.019509494,0.054359682,0.12278274,-0.010100879,-0.060759123,-0.10160373,-0.067240566,0.043156944,0.094051935,-0.060091063
LUNG1-080,0.06665246,0.050287817,-0.069831476,0.00798979,0.042698484,-0.045051623,-0.11097022,-0.16154754,-0.01288921,0.16448066,0.037233897,-0.046005793,-0.18971284,-0.028025217,-0.11272699,-0.04606742,-0.028419835,-0.06515968,0.018177107,-0.16234502,-0.1526668,0.074153446,0.16001569,-0.032805104,-0.004364133,0.04878574,-0.11968236,-0.09631214,-0.08869387,0.06700523,-0.09666425,-0.03931809,0.06297811,0.12615937,-0.08643041,-0.059253864,-0.10455772,-0.0041389056,0.062160894,0.0041815145,-0.08160049,-0.0009887964,-0.005463589,-0.033402264,0.048646703,-0.06834621,-0.044756778,0.105547965,-0.05561783,0.13284701,0.0071042255,-0.023854367,0.09155255,-0.058774896,-0.051790245,-0.022733081,0.13249063,-0.05968725,0.04748786,0.08175219,-0.087448925,0.06833929,-0.15893283,-0.11115798,0.0440743,0.044991992,-0.038815826,0.15564221,-0.14359927,0.12800115,-0.056119125,0.22263554,0.09826791,0.08659387,0.084295616,-0.045308195,-0.03051452,0.031477123,0.022454515,0.081401035,0.008877046,0.119305626,-0.034539286,0.10162102,0.10800838,-0.16032183,-0.103491426,-0.0030920384,0.023996755,-0.12227407,0.071336485,0.03147005,0.018627383,-0.12265949,-0.12965007,-0.0664078,0.12842265,-0.07322051,0.10268172,0.089998245,0.022837372,-0.13953008,0.060100414,0.026410542,0.080623455,-0.026175981,-0.020469971,-0.09241466,-0.06648367,0.10174472,-0.12905076,-0.09930795,-0.0009677075,0.18109263,-0.03260351,-0.17750503,-0.09924804,0.04479562,0.028390497,0.035799984,0.05359205,0.017253146,-0.024070717,-0.08631317,-0.089705914,0.019327085,0.06405647,-0.10076898
LUNG1-081,0.06606588,0.028551584,-0.018505223,-0.023993775,0.15873173,-0.15839434,0.079805054,-0.13007568,0.07287498,0.05732519,0.112113595,-0.00087334216,-0.16621086,-0.018479005,-0.13594735,-0.018182801,0.073780306,-0.087152,0.06141562,-0.083739825,-0.13663332,0.06195335,0.023107067,0.06803486,0.110967755,0.134267,-0.048174996,-0.07409837,-0.057399824,0.026050135,-0.00361687,-0.07753176,0.013400465,0.030908637,0.024634875,-0.002110891,0.06568076,0.05435486,0.06621081,-0.01668907,-0.058076844,-0.009130266,-0.06648946,0.082455344,-0.008229017,-0.06804338,-0.046847466,0.24130028,-0.1518443,0.0051949546,0.088567235,0.048256535,0.09455045,-0.076394595,-0.041289542,-0.039755985,0.16595691,-0.043540664,-0.01419545,0.0721353,-0.048175678,-0.079867065,-0.09427876,-0.14460525,0.046276644,-0.0038578026,0.055726707,0.111756526,-0.07752985,0.13163143,-0.14900243,0.21406949,0.09932916,0.04247765,0.020057525,0.03019818,0.08634276,0.02709229,0.06457432,-0.03414236,0.10656849,0.15908958,0.020078793,0.016908929,0.09357172,-0.14692138,-0.038130023,-0.104564846,0.1043327,-0.15303853,0.0998065,0.14723557,0.16241167,-0.14146669,0.13753211,-0.1404657,-0.05889897,0.033698216,-0.020851467,0.03975976,-0.06399719,-0.008768447,-0.034434788,0.139245,0.044008177,0.0031186156,0.08949125,-0.03812451,-0.17388572,0.035864748,-0.08310719,-0.08070029,0.030170973,0.23446843,0.13491769,-0.0690878,0.022973951,0.033967245,0.06973137,0.1740095,0.069764085,-0.034841217,-0.17594485,-0.019146884,-0.05590626,0.056804165,0.119660005,-0.063757904
LUNG1-082,0.03912827,0.03643908,-0.07794767,-0.025794894,0.078241825,-0.0019665547,-0.058617093,-0.23379558,0.0007131733,0.19307175,0.033477675,0.06992443,-0.18613914,0.031309813,-0.08120023,0.037905384,-0.042268764,-0.07202374,0.031542256,-0.18498187,-0.1061613,0.123348564,0.18679953,-0.064000115,-0.025193706,0.11188443,-0.14352033,-0.082142316,-0.013138622,0.07726495,-0.0005374318,-0.07470958,0.09614262,0.09904107,-0.08639789,-0.09846028,-0.09932579,0.043520167,0.027751215,0.03798852,-0.11082269,0.007611513,-0.04491387,0.019671619,0.043506607,-0.17097275,0.019945422,0.110385984,-0.040547907,0.082666785,0.03190626,-0.024948694,0.069657065,-0.009844668,-0.01464012,-0.078288384,0.14083299,-0.016083729,0.04568627,0.119870335,-0.13191208,0.051771585,-0.113747045,-0.103067085,0.0140392445,0.070230804,0.012138769,0.13969663,-0.07888077,0.18750837,-0.13068354,0.2503434,0.106659964,0.070184164,0.16213131,-0.10190414,-0.064820714,0.041818615,-0.008515984,0.06562635,-0.04344479,0.094106354,-0.07530205,0.11166671,0.13948715,-0.077883095,-0.038435165,-0.032915547,0.06520298,-0.15628153,0.10091822,-0.03715375,0.016134225,-0.14756337,-0.08946401,-0.076706536,0.112529926,-0.016814848,0.009775237,0.09889868,0.03195161,-0.057439893,0.031839665,-0.003230743,0.16330639,-0.019057678,-0.010130741,-0.072452664,-0.041606307,0.16006969,-0.16909458,-0.08996419,0.006728485,0.17890029,-0.013613794,-0.10860369,-0.09980483,0.017354414,0.056298282,0.05220355,0.110762276,-0.0013915598,0.008709881,-0.101699814,-0.045993887,0.06844298,0.0685798,-0.123274565
LUNG1-083,0.0816987,0.15258034,-0.02627561,-0.049301863,0.07196865,-0.054162327,-0.058540083,-0.19674772,-0.00048999675,0.2263341,0.024997165,-0.03261895,-0.22981007,-0.046838023,-0.06503148,-0.08156821,-0.052510705,0.0042625545,-0.03181991,-0.10697895,-0.12729469,0.1386447,0.157242,-0.032130543,-0.015267558,0.057065465,-0.12684211,-0.12900478,-0.042469807,0.076703355,-0.11123406,-0.06358963,0.10238939,0.16099899,-0.060973227,-0.0702466,-0.10980793,-0.0172984,0.06692825,-0.0077395625,-0.13267624,-0.04446233,-0.022148479,-0.10925971,0.081797734,-0.12755117,-0.03563889,0.119903594,-0.022227578,0.15435392,0.017327614,-0.016077772,0.10453485,-0.12927401,0.007493794,0.0035591573,0.114245564,-0.054757856,0.051497888,0.10551333,-0.08552845,0.054844707,-0.12931317,-0.10072397,0.021875143,0.101601005,-0.011661701,0.15032664,-0.14551003,0.1415335,-0.03862924,0.20934078,0.12849222,0.07909502,0.049652707,-0.08505844,-0.07219696,0.011550006,0.00045758707,0.06387435,-0.041304156,0.105272,-0.043644883,0.102168076,0.10157758,-0.19350943,-0.15463033,-0.005665954,0.021322839,-0.10779803,0.120966345,0.018034298,0.015557662,-0.114486024,-0.14872244,-0.05187003,0.14726904,-0.024331369,0.0942585,0.08929039,0.04713752,-0.10692833,0.051650263,0.0028333887,0.09654382,-0.009547094,0.018852483,-0.09046838,-0.07037771,0.08357012,-0.1689973,-0.07402066,0.01279819,0.19358715,-0.015254397,-0.11549048,-0.11685111,0.0481656,0.022776896,0.041957613,0.041170392,-0.002422765,-0.021160275,-0.033647798,-0.059299428,0.036410093,0.08740198,-0.1402413
LUNG1-084,0.021329634,0.06493498,0.0023021288,0.038504526,0.1015597,-0.022341494,0.035196427,-0.16310392,0.046479493,0.07363197,0.07753071,0.07489927,-0.083391935,0.03036726,-0.040806487,-0.061483085,-0.024766294,-0.055522084,0.06988494,-0.08099622,-0.012633726,0.021369975,0.14498529,0.030817771,0.06942158,0.04175978,-0.13040215,-0.01421202,-0.038227197,0.120180905,0.031391423,-0.08810473,0.08025885,0.13396856,0.040133663,-0.045406677,-0.04643944,0.09828197,0.12009562,0.017699858,-0.079592854,-0.052589312,0.00013692304,0.039030634,-0.00015242957,-0.08796202,0.0025755027,0.08983101,0.01442375,0.030257907,0.01769616,0.017779706,0.06961418,-0.060436048,-0.019919705,0.05668009,0.13230446,0.07206127,0.088722974,0.089938305,-0.06895111,0.003950525,-0.15478979,-0.0890722,0.050413124,-0.004093215,0.036325358,0.0991686,-0.1028352,0.11467052,-0.17922053,0.12706333,0.08730629,0.061853778,0.15842551,-0.073719755,0.01765827,-0.0045507494,0.04077468,0.02594994,0.022282727,0.045723245,-0.021527119,0.06593476,0.08831766,-0.08662325,-0.09810741,-0.07480121,0.10279458,-0.1283085,0.056402065,-0.022455882,0.033394273,-0.05207871,-0.012641184,-0.029583663,0.060073175,0.010286916,0.08279821,0.07572747,0.003239062,-0.12353495,0.036134016,0.06766514,0.10814567,0.039059438,0.08213212,-0.10029614,-0.053386353,0.12683663,-0.08134236,-0.07236577,0.019576395,0.101097286,0.083453074,-0.17421332,-0.013305329,0.052973174,0.043382563,0.1551835,0.06846371,-0.053096175,-0.052147787,-0.06922587,-0.08169858,0.0161326,0.10038285,-0.05577196
LUNG1-085,0.0073962063,0.10549584,-0.042780202,-0.06835162,0.05213704,0.021050878,-0.020694919,-0.1704376,-0.08271186,0.06682238,0.03651004,-0.047745634,-0.104539,-0.020833038,-0.039895497,-0.012347159,0.08771615,-0.066888586,-0.0013530403,-0.12823044,-0.17452528,0.03573579,0.12999916,0.007802319,-0.058958672,0.076969,-0.14460644,-0.041229434,0.014004618,-0.002221331,-0.041755777,0.01271531,-0.01750984,0.18186992,-0.06488844,-0.028599262,-0.149532,0.016343284,0.14012706,-0.039502095,-0.032333132,-0.112771176,-0.012713667,-0.025119293,0.08385782,-0.017825622,-0.058176048,0.005304165,-0.03383577,0.09000115,-0.06814233,0.0395395,0.041823473,-0.014810782,0.013756834,-0.07971079,0.11486697,-0.051340953,0.06484118,0.13254264,-0.043200195,0.035843715,-0.19428763,-0.15433295,-0.021704875,0.04788792,-0.0024478994,0.14594957,-0.14801955,0.15691164,-0.121463425,0.15532845,0.093954146,0.040170006,0.1315458,-0.030228153,-0.06125714,0.061011087,0.058717012,0.11043586,-0.043273933,0.07937533,-0.06411423,0.07385917,0.09870714,-0.10988434,-0.1460802,-0.08499854,0.096190415,-0.11228842,0.14696577,-0.06401579,0.07788089,-0.112834625,-0.029740691,-0.07493997,0.07964663,0.012514751,0.024408214,0.042498395,-0.007905077,-0.05313632,0.12798654,-0.023208149,0.09400138,0.051703326,-0.001090914,-0.13258278,-0.08117746,0.0006109476,-0.14269516,-0.09874957,-0.05897411,0.15552372,0.023696946,-0.18991867,-0.016924227,0.13121623,0.079073735,0.12713546,0.031925097,-0.0959142,-0.026184771,-0.027675282,-0.021149388,0.03861193,0.10450564,-0.16634744
LUNG1-086,-0.058136784,0.11743707,-0.021193976,0.030477367,0.053310357,-0.005322367,-0.02818393,-0.1125916,0.016227698,0.15567456,0.035117716,-0.03962001,-0.08742312,-0.017846592,-0.10378653,0.027847609,-0.0016611065,-0.031219073,0.06413579,-0.101062104,-0.08826251,0.018800959,0.10752214,0.021246055,0.05573738,0.038271956,-0.060479462,-0.10038804,-0.0294206,0.10598432,0.066218935,-0.097426146,0.06444408,0.1658479,-0.05026459,-0.04268401,-0.059416756,0.007493118,0.051127814,-0.05010408,-0.12375429,-0.04599945,-0.004418079,0.05439496,-0.03353869,-0.062844574,-0.0044595767,0.12596026,-0.14433429,0.14421502,0.019489951,0.012620017,0.1108378,-0.11517686,-0.018412568,-0.046090435,0.15266211,0.017841518,-0.007989839,0.073094174,-0.07460209,-0.018503327,-0.034140103,-0.12647554,-0.0074562435,0.06718908,-0.019303188,0.162247,-0.10722439,0.12802956,-0.064005025,0.22186393,0.0031324737,0.05625716,0.088925,-0.0743233,0.042001545,0.040004645,0.0240051,0.029251069,0.015855543,0.13541247,-0.070779756,0.045617606,0.050301198,-0.12779796,-0.0464146,-0.06725189,0.13488887,-0.15139227,0.09913987,-0.050258446,0.09420476,-0.10509832,0.022762012,-0.07473313,0.04984638,-0.021638386,0.043433473,0.09746729,0.012003766,-0.037459914,-0.05047658,0.03970734,0.13294739,-0.01710255,0.023089435,-0.089341804,-0.14520338,0.06637837,-0.1318225,-0.060625426,0.033127338,0.1318982,-0.014877316,-0.031518776,-0.055382535,0.045544874,-0.018055435,0.13034856,0.008352809,-0.032088906,0.010329777,-0.034892432,-0.11990895,0.050357312,0.013270367,-0.16800545
LUNG1-087,0.029473439,0.11371936,-0.08034825,-0.022838585,0.075448945,-0.035163008,-0.07773765,-0.23208034,-0.05480928,0.16569757,-0.0016212054,-0.015705455,-0.17349762,0.023365468,-0.031424265,-0.024425607,0.05093845,-0.036297683,0.029048992,-0.12033256,-0.15346839,0.100596175,0.18461648,-0.055876255,-0.009383291,0.06321343,-0.13066536,-0.050450437,-0.027633931,0.017076258,-0.062691756,-0.06112633,0.044553168,0.20664003,-0.08177536,-0.07702015,-0.13922808,0.0039841887,0.05977013,-0.031832613,-0.09093607,-0.045431558,-0.060932245,-0.0011163224,0.04349576,-0.07381891,-0.006864015,0.03307569,-0.01919882,0.12293586,-0.012187183,0.025305675,0.06525087,-0.052105762,-0.0227452,-0.002727531,0.08338137,-0.027037833,0.045813333,0.14157276,-0.095094875,0.07512586,-0.15426113,-0.14130192,0.021693908,0.06300012,0.02364651,0.18555513,-0.08387321,0.16381964,-0.114734575,0.20127016,0.103608474,0.06773414,0.09619724,-0.080121696,-0.07492312,0.016864385,0.03895594,0.07717739,-0.028369889,0.038222987,-0.038912315,0.080216125,0.099336095,-0.09864728,-0.19471413,-0.039620753,0.07190454,-0.07155888,0.13352759,-0.04779583,0.023267169,-0.18878803,-0.071145855,-0.09304137,0.11896028,-0.06931642,0.029761858,0.06873449,0.05617748,-0.100438476,0.07250276,0.0164803,0.12177892,-0.01534577,0.010621544,-0.09552909,-0.013668917,0.06711152,-0.19066295,-0.09406242,-0.007916246,0.1742641,-0.006038351,-0.18563908,-0.108980075,0.068816565,0.037982903,0.058749788,0.09227027,-0.044171512,0.0074307285,-0.039627988,-0.002431253,0.0463003,0.11481095,-0.15148908
LUNG1-088,0.26073423,-0.02564748,-0.054149225,-0.19035143,0.3760577,-0.31663677,-0.08665442,-0.2428033,0.07062692,0.18444347,0.11080837,0.022161573,-0.19241656,-0.04000611,-0.22271404,0.043206915,-0.035965726,-0.16176912,-0.17492762,-0.110181525,-0.10561915,0.23739067,0.41502595,0.08624699,0.090520486,0.1911366,-0.384309,-0.20361108,-0.16791886,0.24627787,0.06844121,-0.03736536,0.1710617,0.08542211,0.037788764,-0.17254785,0.08388309,0.10820986,0.06610338,0.115253605,-0.15736717,0.07769301,0.041163974,0.03972958,0.05208583,-0.37440076,-0.17020188,0.25122115,-0.07352636,0.094426654,0.06484293,0.018019391,0.17669371,-0.02542342,-0.01913688,0.023829758,0.14994875,0.100866295,0.14778754,0.024655193,-0.08260962,-0.17969114,-0.107751384,-0.06591437,0.017037965,0.0180119,0.26711574,0.27693078,-0.2230175,0.255163,-0.29116535,0.23319012,0.16673082,0.16604632,0.387748,-0.1164576,-0.12874888,-0.016976964,-0.062996276,-0.029145315,-0.11054247,0.33346766,0.07297972,0.11847861,0.16809171,-0.2672335,-0.1503475,-0.2115559,-0.024374567,-0.2794721,0.23075879,0.07310426,0.12341097,0.10224731,-0.13853948,-0.10502756,0.100834474,0.072408654,0.01910425,0.07656442,0.011344615,-0.10791279,-0.12805688,-0.010774612,0.133786,-0.03467594,0.052842863,-0.04372916,-0.13132025,0.08732678,0.04835709,-0.10094729,0.07598452,0.25325122,0.12266722,-0.2770583,0.057738725,-0.14040938,0.13313568,0.22733146,0.2117514,0.015760586,-0.16728988,0.1086263,-0.23951963,-0.017962404,0.19669685,0.09802363
LUNG1-089,0.008098261,-0.0035615787,-0.0040123947,0.015695263,0.09829906,-0.016217928,0.06300534,-0.14375946,0.028801233,0.0042776167,0.07167488,-0.039667986,-0.1286612,0.0062485375,-0.08723724,0.0033123628,0.079837196,-0.08788453,0.067714706,-0.11591573,-0.055454172,0.016513787,0.08247286,0.044702187,0.053694163,0.10154471,-0.059503637,-0.021893054,-0.029360142,0.027339218,-0.021283764,-0.024847053,0.038806166,0.089235924,-0.0060478896,-0.038279824,-0.035509206,0.054035176,0.082888834,0.018591447,-0.029308882,-0.06957741,-0.027186913,0.08324388,0.020151392,0.025092974,0.0028334018,0.1298908,-0.11303314,0.056476325,-0.016581886,0.043478146,0.04559201,-0.035432354,-0.037171602,-0.05197236,0.11495841,-0.008358199,-0.014592353,0.13285387,0.009773951,-0.024938274,-0.10579063,-0.15209174,0.0081276335,-0.0018688813,0.025099672,0.09603675,-0.10779942,0.111279465,-0.13172716,0.16292152,0.03663264,0.042274658,0.07082403,0.020878375,0.03020644,-0.024596063,0.08235991,0.0394174,0.04317646,0.05702742,-0.09207116,0.039004724,0.09044596,-0.0953705,-0.07809658,-0.0627896,0.10388276,-0.12066069,0.10080566,0.017422391,0.09198659,-0.1319749,0.087158635,-0.04349502,-0.01990884,-0.0067700804,0.02637124,0.06412576,-0.020866187,-0.03769987,0.05631946,0.07726976,0.0889485,-0.0057076216,0.03130265,-0.07234702,-0.14774062,0.08190183,-0.07572758,-0.07463157,-0.008674558,0.17259629,0.055866648,-0.12181156,0.0034155585,0.1198889,0.025788207,0.1428878,0.0070765056,-0.08690237,-0.09026255,-0.03596563,-0.051087383,0.021732055,0.10709866,-0.10788989
LUNG1-090,-0.103479944,-0.089096196,0.012593947,0.104935214,0.1772336,-0.12119598,0.004270248,-0.14279895,-0.012983743,0.10114774,0.042357527,0.07575534,-0.19224763,-0.024692282,-0.13847512,0.10793085,-0.0050422144,-0.0051598083,0.03669888,-0.081222534,-0.07695041,0.06252879,0.17152748,0.031576503,0.104279965,0.029042555,-0.045574676,-0.17458805,-0.06221891,0.10594207,0.11421257,-0.19231823,0.13184215,0.13331825,0.04086204,-0.045687243,0.013243426,0.03268099,0.05707913,0.01751336,-0.096732676,-0.021444377,0.00011492893,0.12729323,-0.0582597,-0.14936298,-0.029642392,0.21944606,-0.14303029,0.07747643,0.057715066,0.015656114,0.16362846,-0.041056857,-0.08017953,0.056635976,0.20768628,0.0503032,-0.05786422,-0.00827124,-0.08380507,-0.047804013,-0.052143425,-0.10501804,0.049408544,-0.010207597,0.09111656,0.1702567,-0.0892891,0.09340096,-0.1862393,0.2475262,0.030049924,0.0838203,0.12528583,0.036030754,0.11794652,0.048347816,0.10447854,0.035046287,0.09947124,0.15077987,-0.031760678,0.063654184,0.0650219,-0.1585606,-0.068395,-0.098865174,0.12083855,-0.32886636,0.0799339,-0.06603506,0.11214892,-0.066297136,0.06812438,-0.08438035,0.0522637,0.02567042,0.13252148,0.16090018,0.07808358,-0.13323778,-0.096859105,0.081264876,0.11393284,-0.10845954,0.07362211,-0.05313715,-0.09330288,0.21857676,-0.09937168,-0.03993395,0.09334174,0.090697795,0.12008501,-0.10992938,-0.04555319,0.12741962,-0.0509907,0.13214743,-0.014632255,0.023833878,-0.08908354,-0.13002455,-0.14093235,0.0332203,0.1725244,-0.073694386
LUNG1-091,0.01369299,0.07107126,-0.09168966,-0.056419864,0.06291224,-0.0023212433,-0.10401019,-0.23293447,-0.008344766,0.13579422,0.032204613,0.0075113922,-0.13162363,-0.004673142,-0.09942114,0.0067450986,0.042606678,-0.054061614,0.06873296,-0.12852421,-0.11131789,0.102328554,0.18813184,-0.062626064,0.010931164,0.09053449,-0.2013768,-0.05223587,-0.035670977,0.03932346,-0.050646316,-0.03180916,0.13729975,0.11263791,-0.09705312,-0.07009852,-0.050650556,0.044957295,0.057872184,-0.0084735695,-0.07462499,0.015341401,0.033526428,0.08027545,0.05953709,-0.054296784,0.022169817,0.14569551,-0.0644366,0.043129757,-0.02852393,-0.034495294,0.11589706,0.00016024336,-0.008903729,-0.040865496,0.15565616,0.016533427,-0.02641104,0.13320717,-0.1355207,0.02274631,-0.12580325,-0.103232116,0.075148255,0.06375109,0.013036802,0.21498364,-0.09632038,0.1755498,-0.08283999,0.24772501,0.051449854,0.090504795,0.15509209,-0.09145881,-0.05174134,0.023625275,-0.0022635988,0.095252484,-0.009522788,0.06422903,-0.08189632,0.0680172,0.09213231,-0.10557997,-0.11287278,-0.028234463,0.086751446,-0.09766764,0.11396326,-0.079217434,0.011019774,-0.1658563,-0.07909681,-0.08894037,0.06346332,0.030209474,-0.024092656,0.11039485,0.015706826,-0.084700644,0.082857564,0.014756516,0.07530798,-0.02763218,0.0016908757,-0.08212001,-0.04659053,0.1050227,-0.16385487,-0.0668713,-0.0092200115,0.12740368,-0.038092177,-0.08774982,-0.053012576,0.0024355352,0.07302641,0.0775573,0.08284237,-0.06710685,0.015819456,-0.083446644,-0.04400448,0.033914857,0.06587514,-0.15345806
LUNG1-092,-0.030415954,-0.06012883,0.007406451,0.086280674,0.10771234,-0.06442311,0.008167043,-0.16513735,0.052305993,0.12935758,0.113191515,0.096899465,-0.15618494,-0.008622497,-0.06796213,0.061523594,-0.09643576,-0.010096166,0.047090784,-0.14190656,0.012369491,0.07545054,0.14784637,0.047370106,0.07380701,0.061280984,-0.030820597,-0.06114354,-0.050879315,0.066176474,0.043568183,-0.13603695,0.10599846,0.043617345,0.00703213,0.0030725189,0.04959959,0.06032613,-0.023154939,0.021557432,-0.07855149,0.0011921041,-0.02727343,-0.037549946,-0.05916939,-0.10831113,-0.0692747,0.08794766,-0.0020691007,-0.0017412603,0.15238127,0.041906267,0.10354002,-0.061250344,-0.105797336,0.007016264,0.10472372,-0.0162043,-0.012257442,0.09582989,-0.16850695,0.041898817,-0.052320536,-0.13928872,0.025214858,-0.042629756,-0.008920681,0.05654323,-0.054410763,0.1274741,-0.14392781,0.1607278,0.02822775,-0.00039112195,0.09490012,-0.11656554,0.025069438,0.020804819,0.027679976,-0.026231535,0.039164595,0.040488623,-0.006271422,0.161089,0.1335702,-0.114262804,-0.03209813,-0.0322124,0.048623633,-0.20479283,0.11953871,0.03997529,0.09723424,-0.03285701,-0.024186607,-0.07613447,0.07398115,-0.01637544,0.06625682,0.07249788,0.068782344,-0.10938562,-0.058608085,0.11523999,0.12872821,-0.0957364,0.16373202,-0.033213425,-0.07511857,0.18731299,-0.0530647,-0.15092438,-0.020111628,0.083923474,0.07838066,-0.090527855,-0.1220102,0.0053681955,0.083286345,0.12487137,0.12304425,0.04401201,-0.15121984,-0.12744653,-0.065115035,0.04033996,0.16055605,-0.01438354
LUNG1-093,0.16603911,0.013572378,-0.107133046,-0.071455754,0.20441182,-0.11583349,-0.14304048,-0.18598011,0.051367186,0.2150856,0.051710885,0.07547337,-0.20563209,0.072023064,-0.092120215,-0.041275688,-0.056225892,-0.08008235,-0.043729126,-0.059333287,-0.027296308,0.19130595,0.27703002,0.070800826,0.069338545,0.1192492,-0.31325427,-0.107084684,-0.09735367,0.18892792,0.040360704,-0.065313615,0.20428473,0.124272786,0.04001598,-0.13329417,0.07103501,0.12847313,0.09549025,0.072865695,-0.09154199,0.07221164,0.019807324,0.04653608,0.013335381,-0.19504552,-0.08349087,0.1990057,-0.00013025105,0.00018878281,0.044581614,-0.058222413,0.14242157,0.019382805,-0.052086927,0.0024468899,0.1270037,0.082873516,0.100687474,0.060742244,-0.057824913,0.01792608,-0.13960494,-0.06963919,0.01949595,0.06340523,0.13356242,0.21212572,-0.13506928,0.22931564,-0.20954396,0.17444527,0.18126023,0.07363811,0.3204834,-0.13454387,-0.061744444,-0.022524016,-0.050561987,-0.0028880313,-0.08088117,0.1069524,-0.048488077,0.14828056,0.16274309,-0.18225208,-0.07638438,-0.07427751,-0.02814588,-0.20279582,0.114394374,-0.01645958,-0.053486682,0.024344027,-0.10353653,-0.04729239,0.14543822,0.0390109,0.047804102,0.17763954,0.014064193,-0.191551,-0.033820666,0.001653336,0.15858473,0.010134969,-0.008856244,-0.081115335,-0.018521886,0.21232495,-0.05050904,-0.06908096,0.08160398,0.20634139,0.03389775,-0.2228255,0.0028704517,-0.07668082,0.1571073,0.1424475,0.19138479,0.035492033,-0.03770407,0.034364372,-0.123971224,-0.0041795373,0.15444183,-0.005539626
LUNG1-094,0.08786314,0.0031624287,-0.08169721,0.010042526,0.1577244,-0.12515333,0.14048095,-0.20231393,0.042580806,0.15006232,0.09898372,0.008838497,-0.21946816,0.012692705,0.0071898177,-0.07652353,0.03287005,-0.068894684,0.041735448,-0.04847713,-0.06471988,0.1304411,0.1274296,0.1020122,0.0982949,0.07230489,-0.05516,-0.026937403,-0.060911022,0.024607662,-0.062476605,-0.09935959,0.13797674,0.021196686,0.04899516,-0.002493292,0.020345617,0.0011170972,0.03169584,0.05267064,-0.13980745,-0.06893508,0.009982113,0.07574376,0.0017187521,-0.032206774,-0.006292438,0.26762265,-0.13060634,0.061607197,0.030961279,-0.005904775,0.036794133,-0.12329538,0.01774875,0.044507265,0.12422733,-0.006050706,-0.023062328,0.092092365,-0.075651176,-0.038550317,-0.009460897,-0.056900237,0.12760174,-0.029047504,0.0051287375,0.13148409,-0.09838535,0.15064935,-0.11586276,0.19913758,0.07190269,0.07363191,0.00321462,-0.03234688,-0.020217586,-0.07955889,0.109616965,0.04374072,0.07511559,0.054099508,0.045353994,-0.007763393,0.14419532,-0.1702353,-0.1371378,-0.048690725,0.13672931,-0.17358261,0.10689679,0.054240078,0.11538495,-0.11905485,0.09418188,-0.05630214,-0.077883914,-0.010764592,0.013323769,0.064138986,0.02898203,-0.07031222,0.02369861,0.1340609,0.11669912,-0.06439179,0.065273724,-0.061759964,-0.21663895,0.11594023,-0.13509509,-0.075364575,0.023514288,0.20379877,0.06947465,-0.15226774,-0.043916356,0.09657527,-0.005124463,0.1047382,0.0033197552,0.021887183,-0.1473238,-0.016144028,0.024842937,0.044336017,0.14159101,-0.086993076
LUNG1-095,-0.00268415,-0.037680656,-0.011141984,0.055821843,0.10288466,-0.09938146,0.06692576,-0.13614179,0.05398772,0.111887604,0.10247897,0.016394146,-0.16587532,-0.010355938,-0.08384278,0.015251813,-0.026973723,-0.035635922,0.00576216,-0.10116948,-0.01969039,0.06822697,0.08068755,0.077265374,0.10606394,0.074112356,-0.034768205,-0.067107834,-0.049297884,0.06378229,0.055786207,-0.10403186,0.060800366,0.034567416,0.0203816,-0.0049236715,0.03720187,0.06395381,0.003034819,0.039046325,-0.074851006,-0.02319061,-0.015702773,-3.7027523e-05,-0.035805892,-0.09104374,-0.028636515,0.16589816,-0.09163873,0.02452029,0.11046,0.03775713,0.11225562,-0.09638584,-0.05225786,-0.025562223,0.102493994,-0.038634133,-0.020956466,0.100377984,-0.07238338,-0.03949689,-0.07922897,-0.15244168,0.030436445,-0.041232415,0.015979506,0.05617125,-0.060630266,0.12344935,-0.15928447,0.1791125,0.015663017,0.032764826,0.08785617,-0.045190085,0.044573747,0.016711,0.03424986,-0.012210077,0.04248459,0.08831676,-0.03637122,0.10288116,0.10073735,-0.10704246,0.005216837,-0.06385632,0.079032525,-0.15819004,0.101153895,0.07538728,0.10005483,-0.08984178,0.04400862,-0.07907249,-0.004081631,0.007467592,0.034318004,0.075661525,-0.00510012,-0.051582217,-0.021616928,0.104767434,0.1014653,-0.039371397,0.1235052,-0.057974935,-0.116817966,0.1193247,-0.10101432,-0.14364102,0.0064413697,0.11413493,0.07044398,-0.08153197,-0.06768835,-0.0042951703,0.050683163,0.11153535,0.06471348,-0.014718022,-0.14728163,-0.099295065,-0.08348879,0.046190448,0.12333793,-0.0396271
LUNG1-096,0.06079729,0.008203255,0.010380339,-0.04630398,0.0746539,-0.095517755,-0.07430183,-0.055042256,0.08565014,0.15598106,0.09980811,0.06213534,-0.17824617,0.056984417,-0.054233097,-0.12380524,-0.00092104264,-0.031547785,0.061498094,-0.058007643,-0.060774706,0.08837283,0.1470288,0.029783044,0.055063806,0.103494585,-0.14483544,-0.033638075,-0.10739078,0.20127375,0.003169069,-0.04840704,0.039015785,0.13589954,0.09680627,0.006075088,0.034393433,0.10008138,0.07763114,0.08034448,-0.12087768,-0.004436232,-0.026810355,0.014412671,0.014728792,-0.12767696,-0.06181428,0.17752263,-0.028928977,0.14540277,0.120367646,0.012324028,0.08130188,-0.08829086,-0.06896135,0.0012533516,0.093467414,-0.03875497,0.121679544,0.06687309,-0.06973203,0.017973322,-0.077397116,-0.09201394,0.026515186,0.08076772,-0.011695236,0.046406303,-0.18715493,0.20887735,-0.14369452,0.10619169,0.06533623,0.05234595,0.0969367,-0.1286344,0.12637903,0.030341046,0.024900094,-0.055467673,0.055936616,0.1990859,-0.001407072,0.1545326,0.118390456,-0.14694117,-0.024729427,-0.099597774,0.058540415,-0.16066676,0.051428657,0.058209427,0.0136226155,-0.06290214,-0.009219255,-0.059954844,0.05055374,-0.015724706,0.08846983,0.17220537,-0.042900123,-0.16224515,-0.0005557202,0.03638498,0.10163878,0.05304181,0.015056685,-0.08093336,-0.07813822,0.17449507,-0.036076568,-0.098163106,0.06145478,0.17471847,0.06740798,-0.1180798,-0.049598895,0.085790746,0.081699766,0.09979107,0.066273436,0.03900083,-0.08931053,-0.008370094,-0.11876382,0.008809924,0.08272442,0.011827357
LUNG1-097,0.018427018,0.13179013,-0.0832507,-0.03362286,0.1382679,-0.05882663,-0.05526934,-0.2703006,0.03188578,0.1382097,0.022347264,0.012224749,-0.16288663,-0.028270245,-0.0385918,0.00032909174,0.04352847,-0.035175648,0.025264801,-0.12205778,-0.09987734,0.1194703,0.18291143,-0.026267558,-0.008058228,0.049738165,-0.16120759,-0.075440265,-0.030948244,0.07125129,-0.057298128,-0.0930042,0.14553478,0.19139794,-0.027987774,-0.08618579,-0.077082,0.022740025,0.03990372,-0.01624833,-0.1463187,0.045342237,-0.025312567,0.071199805,0.04661546,-0.08831005,0.06376043,0.1416125,-0.041172866,0.069475845,0.008497849,0.0023975857,0.0977737,-0.06889252,0.038526785,0.02358944,0.13505268,0.028590754,-0.05154926,0.16843754,-0.14347294,-0.0065417998,-0.0912168,-0.09135849,0.040196232,0.064428054,0.017763592,0.19522583,-0.0810912,0.16101192,-0.081707716,0.24471617,0.08940019,0.093546316,0.09042022,-0.12916838,-0.08773111,-0.012867473,0.03404548,0.053388543,-0.013845429,0.025115337,-0.0712352,0.0023534223,0.10526146,-0.09422933,-0.16321993,-0.03324834,0.11106216,-0.1181937,0.111532,-0.036075536,-0.009442493,-0.1970412,-0.039086998,-0.04299037,0.10920186,0.0005482156,-0.034404058,0.07454924,0.058763627,-0.08450727,0.045659505,0.046201967,0.121443614,-0.051783755,0.045365315,-0.070421584,-0.07112877,0.057505254,-0.16410932,-0.06944599,-0.001895979,0.1734447,0.027551048,-0.08078413,-0.08832655,0.05162203,0.0019537993,0.047545467,0.045223884,-0.060245767,0.015988924,-0.057747774,0.012078837,0.06989229,0.09756136,-0.17325103
LUNG1-098,-0.02387028,0.0036138892,0.026292779,-0.017576568,0.04655248,-0.045241386,0.037284393,-0.1003104,0.120492965,0.111434385,0.105891794,0.025395043,-0.1804899,-0.017264545,-0.049917337,0.003988247,-0.009829352,-0.02813375,0.10868133,-0.04247225,-0.0028971024,0.090973645,0.054234095,0.061305556,0.05195468,0.097856686,-0.05133731,-0.0763224,-0.029346026,0.06751816,-0.003880389,-0.08344923,0.106124595,0.052294742,0.0073922984,-0.0151540935,0.068497136,0.07438761,0.04199516,0.025738154,-0.06302523,-0.024203189,-0.057341993,0.042735323,-0.009882783,-0.009986581,-0.046612862,0.21166185,-0.026835244,0.072526745,0.09535183,0.040172547,0.13894793,-0.07918386,-0.069464855,-0.045846704,0.11265101,-0.016818745,-0.039632384,0.10534716,-0.03507702,-0.024524163,-0.011397014,-0.13356552,0.06292459,0.0535891,0.035295762,0.031411923,-0.13766448,0.17791283,-0.06349142,0.13573855,0.028127793,0.06528598,0.043229207,-0.08548713,0.059327234,0.010106124,0.08467901,-0.04256069,0.09489721,0.13315469,-0.069484524,0.13975982,0.079839796,-0.13063689,-0.007071838,-0.067540064,0.061321482,-0.23535873,0.09697133,0.05373688,0.00889717,-0.10521802,0.073559105,-0.09492055,-0.014182538,-0.029169077,0.059210263,0.11080651,-0.03128326,-0.0574192,-0.020855624,0.109519,0.12891974,0.015941735,0.08470837,-0.0092202425,-0.15311137,0.17441529,-0.06583911,-0.05666676,0.047860023,0.11795785,-0.00056634843,0.024458915,-0.09943189,0.11483966,0.022025686,0.13330872,-0.006447956,0.030367523,-0.064407,-0.032361314,-0.013513632,0.026804734,0.14019997,-0.091042735
LUNG1-099,0.060114965,0.030067528,0.0035180375,-0.04748232,0.11780693,-0.120968305,0.05463478,-0.072429396,0.119000494,0.00589028,0.13150825,-0.025121868,-0.166816,-0.0049070977,-0.18091701,-0.055722427,0.03140313,-0.09308766,0.06018838,-0.099640585,-0.10442789,0.08894382,0.02052147,0.07491243,0.12058667,0.17560288,-0.08371565,-0.091694035,-0.02862737,0.033165824,0.032554887,-0.05499939,0.0044339076,0.040826205,0.04134141,-0.013918154,0.041666534,0.05277489,0.06246227,-0.005683178,-0.05657979,0.02099923,-0.08131612,0.06899246,0.017871238,-0.07722917,-0.025182746,0.18948945,-0.12294891,0.017813835,0.09931019,0.081529334,0.12087907,-0.08842674,-0.054304875,-0.05628764,0.18252254,-0.043715477,-0.0174964,0.105138764,-0.050633512,-0.06440773,-0.08751914,-0.12784183,0.0056105424,0.023010448,0.056374688,0.058246437,-0.0883489,0.16166802,-0.13257729,0.16651501,0.077117234,0.046870176,0.049280122,-0.0085707605,0.11972654,0.040077478,0.07998091,-0.05880166,0.043819502,0.21994513,0.023828961,0.044023518,0.14609104,-0.14778058,-0.020743843,-0.06818323,0.07651328,-0.1629017,0.13743025,0.1490233,0.1010623,-0.13940866,0.10167785,-0.13536924,-0.023481593,0.015856583,-0.005891407,0.03759279,-0.07060891,-0.02766819,-0.028577402,0.10242213,0.050851364,0.026901625,0.066337906,-0.041842584,-0.16076928,0.060527362,-0.04682387,-0.10719312,0.019916227,0.20543668,0.11286039,-0.0822938,0.018502872,0.06642552,0.09139717,0.15830247,0.054078907,-0.024230648,-0.16691107,-0.061629776,-0.08175353,0.065911815,0.12704289,-0.01460306
LUNG1-100,0.09642683,0.04193079,-0.068636835,-0.02651687,0.1431457,-0.12354525,0.11860643,-0.20820959,0.07817757,0.23555681,0.16260335,-0.007920623,-0.24114218,-0.015789323,0.05350843,-0.11572004,-0.025122266,-0.03459083,0.101108246,0.023744777,-0.024231028,0.19504204,0.15027285,0.10858447,0.1193499,0.0646492,-0.066972405,-0.059585087,-0.06349819,0.1035738,-0.10250407,-0.07411523,0.1352351,0.041983552,0.01905863,-0.013407268,0.06988871,0.032074235,-0.02033545,0.0712543,-0.16689381,-0.07728525,0.03646019,0.040591322,0.031979166,-0.031336263,-0.033448137,0.2376473,-0.010913871,0.14091508,0.01405469,-0.04431276,0.06107225,-0.17436075,-0.054337703,0.10534634,0.13145016,0.02271469,0.0045797713,0.07033701,-0.031379536,-0.0024390742,-0.008636564,-0.010341417,0.20048977,0.06052218,-0.0017160848,0.06459249,-0.14207736,0.17234662,-0.055967093,0.14547119,0.08009392,0.093582794,-0.008563526,-0.11667393,0.020555068,-0.054151334,0.104539536,-0.0335206,0.080508314,0.100318536,0.06381142,0.10068007,0.16011009,-0.25576597,-0.06661351,-0.04246842,0.11876016,-0.20523621,0.090804495,0.06100241,0.017135773,-0.12894063,0.094255686,-0.004185983,-0.121279545,-0.085298896,0.11144585,0.067764305,-0.005799925,-0.07618916,0.016373595,0.17842214,0.15912205,0.0048730858,0.07101925,-0.06958598,-0.23603153,0.08314761,-0.13964894,-0.062946275,0.101162925,0.21205625,-0.042089477,-0.124589935,-0.09341654,0.10445442,0.002921516,0.10949985,-0.05962193,0.100836426,-0.10910334,0.092917204,0.07180066,0.014238045,0.09928508,-0.09868059
LUNG1-101,0.021965776,0.012008263,-0.040004957,-0.0007186085,0.1446872,-0.0744049,0.038839426,-0.14073582,0.028065732,0.065966904,0.101070985,0.010433733,-0.15300839,-0.030298062,-0.109081864,-0.044033352,0.031528816,-0.059507847,0.05226743,-0.123395994,-0.05742068,0.014331266,0.04591978,0.054084055,0.09458137,0.09443847,-0.04583846,-0.062395133,-0.02668646,0.067108735,0.04181805,-0.040148005,0.06638636,0.02458984,0.04836727,-0.07989053,0.0312779,0.05234573,0.014952339,-0.024154957,-0.074830376,-0.00855618,-6.765127e-06,0.011532962,-0.018249387,-0.0096327085,0.0055100694,0.1829192,-0.13944721,0.055028215,0.041088924,0.042579215,0.10397288,-0.11362071,-0.06426363,0.017995737,0.11681853,0.010817602,0.0062924623,0.123433515,-0.040169027,0.020362206,-0.09928577,-0.18861711,0.034049995,-0.047703713,0.0035579577,0.0926996,-0.08087441,0.12756315,-0.16534296,0.16836032,0.0796829,0.06802678,0.095155604,-0.0063853487,0.04558684,0.03513209,0.05024856,0.04431265,0.053529058,0.1087797,-0.022751596,0.063976064,0.119034275,-0.16055454,-0.0033887401,-0.04685135,0.010854356,-0.15135634,0.089062504,0.12498247,0.12091614,-0.11358869,0.02797413,-0.09349632,-0.036567546,-0.02059856,0.03788046,0.03238015,-0.047045954,-0.059840713,-0.038350448,0.114886925,0.05545143,-0.05554738,0.07738674,-0.08271939,-0.16724576,0.09989068,-0.06331438,-0.09145391,-0.034784727,0.15821686,-0.006904304,-0.1281052,-0.0026860759,0.068548836,0.06748304,0.13134383,0.03300305,-0.0063595586,-0.13424012,-0.091254756,-0.071173884,0.043757252,0.06022744,0.019828513
LUNG1-102,-0.05426712,0.012639102,-0.03340794,0.060334638,0.16153914,-0.11442897,0.0520645,-0.13265705,0.053964395,0.1258174,0.092442945,0.0041733384,-0.17126536,-0.013338737,-0.11838454,0.08097033,-0.023368996,-0.055970028,0.06645,-0.075383246,-0.110046506,0.06615145,0.09838408,0.047036745,0.06031812,0.07138645,-0.06280221,-0.102114566,-0.07135579,0.09002915,0.1221147,-0.13551939,0.050247494,0.12070225,0.028662205,-0.049516656,-0.03277269,-0.0018665362,0.044371534,-0.012846792,-0.11170075,0.0104325935,0.021184608,0.14324903,-0.059241094,-0.102077596,-0.018125866,0.16482471,-0.14135844,0.084625445,0.035663005,0.0066476204,0.1326223,-0.13896754,-0.043272283,-0.011494391,0.20720983,0.041025847,-0.021434251,0.014316767,-0.06886061,-0.06775964,-0.059784546,-0.06728156,0.013047861,0.013826689,0.043423872,0.15086704,-0.10655752,0.14422615,-0.13879454,0.25287667,0.06356892,0.09710239,0.06630707,-0.04027642,0.08738411,0.010720126,0.08383596,0.02863305,0.078852504,0.14794238,-0.03576373,0.019644212,0.069572575,-0.15381625,-0.05744184,-0.08568056,0.1326883,-0.21791136,0.13031715,0.03483623,0.09763248,-0.08952155,0.119683474,-0.09149027,-0.019016646,-0.06889436,0.042795233,0.09271539,0.0072671464,-0.045274764,-0.099970944,0.08932606,0.09393001,-0.05408057,0.048135865,-0.079911776,-0.17051072,0.096232146,-0.09230023,-0.07684053,0.07439852,0.092073366,0.06131451,-0.06960103,-0.040226966,0.059671167,0.0055310745,0.14834702,0.02934923,0.012034774,-0.04328174,-0.10859909,-0.06649304,0.061648995,0.07920861,-0.09147021
LUNG1-103,0.046650402,0.04894689,-0.102967694,-0.0012563393,0.08243116,-0.08725062,-0.08868892,-0.21975663,-0.02036158,0.16058439,0.044676892,-0.02286749,-0.13907146,-0.0128487125,-0.1030312,0.020253038,0.060537055,-0.075563274,0.028950041,-0.14746183,-0.1359864,0.055616587,0.15933692,-0.049395084,0.032429922,0.07427868,-0.17699604,-0.06912453,-0.08168434,0.073824726,-0.067058906,-0.08981654,0.09793571,0.11201793,-0.078981,-0.06998364,-0.064434215,0.00053056516,0.0427404,-0.0018902812,-0.07683865,0.035719663,0.0035629645,0.07029846,0.01869573,-0.05361528,0.011451881,0.15263435,-0.085075475,0.0857583,0.025277868,0.018924735,0.100552544,-0.075873375,-0.03863326,-0.0038005747,0.1389971,-0.03427274,0.010392576,0.14367563,-0.13652536,0.0011179186,-0.15191409,-0.11924985,0.038578767,-0.011922512,-0.011723191,0.21892446,-0.093811005,0.14911315,-0.10654729,0.2694347,0.055128742,0.09251495,0.14039493,-0.053057622,-0.05305603,-0.0019567418,0.021031588,0.08254816,0.020258658,0.10669219,-0.03359273,0.026285276,0.089393005,-0.08547211,-0.14118138,-0.035338268,0.07383943,-0.0952692,0.07921372,0.022357475,0.038229913,-0.14286828,-0.07908454,-0.10451063,0.08390207,-0.014372212,0.0022241008,0.08005247,0.009083112,-0.10147282,0.04675503,0.030183222,0.07362433,-0.0709876,0.018204305,-0.056448195,-0.06654054,0.08254493,-0.14499474,-0.07545732,-0.03554474,0.15181369,0.010936129,-0.17749621,-0.07681741,0.025464453,0.03140639,0.023113724,0.09486973,-0.058109,-0.05413259,-0.066197276,-0.023934908,0.008885156,0.07510084,-0.13455814
LUNG1-104,0.062984005,-0.05113028,-0.13999093,-0.05178483,0.12679395,-0.054293174,-0.20550475,-0.24057606,0.11562479,0.21115103,0.02122141,0.1199916,-0.29441142,-0.054995865,-0.16017628,0.0011920338,-0.15912035,-0.1062192,0.039895967,-0.18163632,0.06814666,0.20097291,0.25727716,-0.005461408,-0.051879354,0.17295969,-0.1988734,-0.22534075,-0.020467818,0.11995872,-0.014299275,-0.041199334,0.19794515,0.07335156,-0.03458563,-0.15024051,-0.0011667572,0.095522866,0.116265334,0.023978293,-0.08094061,0.029755808,-0.02888199,0.0032604933,0.08666418,-0.191286,-0.044345576,0.18174057,-0.0039666966,-0.06768455,-0.100648664,0.011180278,0.11511342,0.052871637,-0.081334755,0.03344048,0.14328316,0.14600909,0.10794102,0.07278487,-0.14185134,0.03911052,-0.18077216,-0.06457737,0.017692951,0.07907669,0.09743156,0.23593178,-0.19891123,0.34764764,-0.121080786,0.20047222,0.19410798,0.10974381,0.25193167,-0.15830082,-0.035701532,-0.053830862,0.043340687,0.017690253,-0.073285215,0.16180725,-0.016201392,0.16885084,0.2380712,-0.22263683,0.10510388,0.023088984,-0.057461984,-0.28302592,-0.0004892498,0.11676469,-0.028280139,-0.021900557,-0.109260604,-0.073288634,0.12451429,-0.03552322,0.1684075,0.086519934,-0.01571136,-0.13896227,0.001979109,0.059950493,0.19496378,-0.092911735,0.0287086,-0.09001573,-0.07609359,0.26880544,-0.0013474524,-0.043776084,0.050083343,0.21153393,-0.03629986,-0.057675272,0.0058377013,-0.021368794,0.12296453,0.103684574,0.0956793,0.047455274,0.064939484,-0.14261903,-0.06887767,0.06726627,0.12313376,-0.10363177
LUNG1-105,-0.002828503,-0.034383766,0.011097185,-0.022551693,0.061914966,-0.08771817,-0.044419296,-0.19137268,0.11616493,0.14348605,0.04744277,0.08707337,-0.23880976,-0.033046283,-0.05904688,-0.006728526,-0.027904417,0.057975262,0.11380292,-0.018242985,-0.048711296,0.18965274,0.11778072,0.07320692,0.07637842,0.057994366,-0.06860716,-0.08299694,-0.031854335,0.053380594,0.0013719089,-0.14384916,0.12693822,0.09661606,-0.020660829,0.00775449,0.087085664,0.01975332,-0.00041767955,0.047844604,-0.12619495,-0.045125354,-0.084427,0.03297346,-0.0027636774,-0.12653722,-0.042441607,0.26384956,-0.08159355,0.044313304,0.14527518,0.005694378,0.16271469,-0.042476967,-0.0094193835,-0.0018646047,0.10007993,-0.011106987,-0.057277054,0.11354919,-0.096967615,-0.055379167,-0.008965961,-0.048523255,0.10223317,0.071450144,0.022486992,0.098258644,-0.08090729,0.1686145,-0.13958056,0.18091717,0.0413558,0.07487005,0.068880074,-0.14406283,0.050122324,-0.012071725,0.077546,-0.009028316,0.07815862,0.091080636,-0.09440588,0.07661421,0.09751312,-0.13761811,-0.09272846,-0.086062245,0.10147321,-0.23636645,0.13256721,-0.02788163,0.05191946,-0.10263668,0.043643296,-0.1014939,-0.01700979,0.040246073,0.048016414,0.16920447,0.019792728,-0.11837922,0.011944491,0.06712817,0.16063099,-0.027109167,0.10537348,0.027244542,-0.09577433,0.2425653,-0.13287008,-0.063028574,0.1080002,0.15562803,0.075764075,-0.032280125,-0.12435126,0.057467163,0.035227895,0.07478867,0.05597227,-0.025558464,-0.029257564,-0.023062024,-0.009049125,0.035554197,0.23943442,-0.10732868
LUNG1-106,0.0795545,0.053112216,-0.048087597,-0.03380578,0.11427167,-0.09909573,0.08965583,-0.19754693,0.102007076,0.22146875,0.15124999,-0.006646268,-0.24777152,-0.010529812,0.064568445,-0.12811717,-0.056881275,-0.042017832,0.105231255,0.018801585,-0.020491995,0.19063327,0.15751676,0.116441734,0.111396894,0.071428016,-0.04629894,-0.05400721,-0.055485286,0.12791674,-0.0811747,-0.06633041,0.10971588,0.028243642,0.0015882328,-0.027870715,0.09013197,0.048000194,-0.03368123,0.07819649,-0.19212309,-0.09432934,0.02347862,-0.01050944,0.016747769,-0.063107386,-0.051418,0.24589056,-0.023738258,0.20373645,0.01637024,-0.03795737,0.065061286,-0.17339435,-0.050721873,0.09793061,0.10511749,0.0057893693,0.0316684,0.0941115,-0.025615525,-0.010990381,-0.01594795,-0.035965573,0.19605014,0.073939174,-0.009425424,0.04717338,-0.12708648,0.16075906,-0.068908095,0.12227304,0.08377606,0.087769866,0.0058156215,-0.1302441,0.010741945,-0.02747923,0.089066766,-0.05163457,0.05671787,0.11717787,0.056966394,0.14845547,0.14541596,-0.26614404,-0.04061477,-0.055510756,0.10222862,-0.1855346,0.09868026,0.04521959,0.044277467,-0.1341335,0.06977425,-0.010992523,-0.12670296,-0.08594786,0.13162601,0.026669689,-0.024351228,-0.07969085,0.034699094,0.1698385,0.1563938,0.019448742,0.07075937,-0.07834175,-0.22522317,0.09905694,-0.13221866,-0.073305786,0.09161091,0.2429094,-0.0686722,-0.122139625,-0.101510346,0.08291422,0.009423843,0.10821345,-0.051902324,0.10772233,-0.12493691,0.109176874,0.040539734,0.021958157,0.08466631,-0.082838915
LUNG1-107,0.07166484,0.1117745,-0.10408218,-0.048169784,0.1634155,-0.06708347,-0.08869288,-0.30043337,0.035713546,0.19337788,0.042738788,0.04661969,-0.16301079,-0.029030725,-0.07336854,-0.016087847,0.0134643875,-0.076541156,0.073003456,-0.16502906,-0.09177883,0.1593075,0.24079135,-0.009363778,0.00032018125,0.08674826,-0.21509495,-0.095128395,-0.0018824264,0.112312555,-0.08023128,-0.08386731,0.17733371,0.15616375,-0.049980357,-0.10159298,-0.055365086,0.06455155,0.059935234,-0.007927146,-0.16367528,0.10871785,-0.004480049,0.10335376,0.07893443,-0.1622785,0.048650023,0.14085574,-0.025903374,0.069130465,0.004829973,-0.037801825,0.078400925,-0.025244886,0.031197619,0.02408477,0.15927428,0.04562158,0.007715557,0.15242824,-0.1756737,0.015754933,-0.12876724,-0.09258424,0.06111847,0.038818076,0.018643115,0.23232418,-0.102159664,0.19784614,-0.08498084,0.2727024,0.12706228,0.111466974,0.15898022,-0.16172019,-0.11041777,-0.018225176,-0.018214103,0.05621735,-0.063461624,0.052715484,-0.05689015,0.036103103,0.13918701,-0.12057994,-0.1272451,-0.0262057,0.058525413,-0.12206004,0.07821013,-0.03995583,-0.05262459,-0.17766237,-0.11550854,-0.03034262,0.13334069,0.005378317,-0.010177761,0.099756956,0.0911649,-0.10779028,0.021737326,0.036643278,0.14543593,-0.078264505,0.021066539,-0.057612743,-0.0842982,0.07489096,-0.11730772,-0.059836764,-0.027185917,0.1964049,-0.0010382552,-0.09992208,-0.08724283,0.024225201,0.03000521,0.04755555,0.10392235,-0.0055734925,0.018579014,-0.057831135,-0.0015347004,0.078842655,0.07815168,-0.11472575
LUNG1-108,0.02143579,-0.0069619603,-0.040695842,0.054073963,0.06785072,-0.045229156,-0.025601804,-0.20081005,0.03532295,0.18890321,0.05641925,0.08528666,-0.1643927,0.01571599,-0.04513204,0.021471793,-0.07457459,-0.009068688,0.047066733,-0.09879717,0.010236949,0.11918962,0.18229544,0.01288537,0.0592127,0.062495213,-0.07500852,-0.037922397,-0.04120568,0.07429495,0.02707453,-0.11692605,0.097312994,0.063395366,-0.03621117,0.032034226,0.02625702,0.03239218,-0.004455015,0.045915943,-0.102910966,0.007587727,-0.020660706,-0.02138597,-0.043218732,-0.14639537,-0.036917742,0.08581451,0.024309568,0.027492054,0.10319018,0.0046740808,0.09005414,-0.05233219,-0.0672079,0.0057415664,0.07846337,0.009784494,0.012077138,0.090138815,-0.11506569,0.07134916,-0.060846634,-0.0796651,0.061374187,0.015237526,0.031323917,0.095542416,-0.051418584,0.10979791,-0.17536375,0.16502306,0.05352721,0.029456545,0.13573483,-0.1287111,0.0037157359,-0.003296075,-0.01975766,-0.012528257,0.022473693,0.020516342,-0.04367035,0.15749696,0.12773374,-0.08428913,-0.071330555,-0.031462144,0.062728465,-0.18145251,0.113956615,-0.019760992,0.05428605,-0.054658983,-0.052334964,-0.06473353,0.07873717,0.01337727,0.0824838,0.08618948,0.06587487,-0.1486008,-0.0143729225,0.07363286,0.14411885,-0.05174572,0.096325725,-0.035166305,-0.046869513,0.18371765,-0.127081,-0.09355832,0.0309609,0.109976746,0.059988543,-0.13330455,-0.08057572,0.006304182,0.08953829,0.067786835,0.1098711,0.062988594,-0.07586148,-0.09473955,-0.053051695,0.042894352,0.13729882,-0.018538445
LUNG1-109,0.03137849,0.08636482,-0.039789177,-0.019944943,0.09956447,-0.09693706,0.026163708,-0.14511256,0.04400769,0.113638625,0.084117815,-0.024033401,-0.11866179,-0.0040685534,-0.024082981,-0.03233374,0.0066602677,-0.011491101,0.031494305,-0.032866675,-0.035577245,0.113086075,0.058567055,0.013288644,0.08651878,0.07843096,-0.13541213,-0.014140755,-0.041147172,0.06114775,-0.020843571,-0.07902838,0.08826506,0.12258813,0.026048914,-0.019691654,-0.005917702,0.049145114,0.044770744,0.0025104983,-0.09984074,-0.027468802,-0.0127588995,-0.014772445,-0.013603985,-0.0039860206,-0.04111794,0.11653757,-0.033505198,0.09880839,0.057561733,0.08652453,0.08352189,-0.15840554,-0.028459733,-0.0017744675,0.092905946,-0.06942436,-0.03517274,0.11663774,-0.043110564,-0.023351476,-0.03628235,-0.1047783,0.05196567,0.0043832865,0.06004278,0.0516912,-0.10106242,0.111988194,-0.0770625,0.09257556,0.031694073,0.07023248,0.059071925,-0.09632778,-0.021860767,-0.017217208,0.02452477,-0.022600682,-0.00052297115,0.06459427,-0.021987803,0.056364596,0.092198774,-0.07979166,-0.12610377,-0.025965046,0.08337501,-0.12993132,0.100977056,0.055979118,0.011424229,-0.10525216,0.0385499,-0.021302506,0.035624452,-0.022586897,0.02171703,0.07462396,-0.013189692,-0.026011072,0.034389105,0.07298718,0.0789933,-0.0015741531,0.042044524,-0.06399883,-0.11733704,0.049407747,-0.07345519,-0.0705194,-0.016897108,0.08751585,0.021040507,-0.10104693,-0.043859728,0.07408672,0.08963549,0.08047615,0.027683623,-0.05217158,-0.08777101,0.03358958,-0.0048524216,0.015711017,0.10187121,-0.114628285
LUNG1-110,0.03102433,0.06888953,-0.06274174,0.060868923,0.09472162,-0.06980646,0.020735212,-0.20324391,-0.0042599104,0.23303327,0.08272931,0.051509857,-0.08762521,-0.00019654259,-0.01675919,0.011602557,-0.017862987,-0.08368777,0.08615597,-0.06895785,0.021834455,0.07435965,0.18597585,0.11599764,0.15534857,0.05013968,0.0050238,-0.13634616,-0.028901014,0.15923625,-0.041420445,-0.040454276,0.09837784,0.08444335,-0.075226106,0.015185861,0.07158902,0.049254168,-0.010163558,0.0290531,-0.19688614,-0.025965834,0.017625261,0.02732819,0.01228774,-0.10104063,0.016750127,0.12066671,-0.07180546,0.20764494,-0.06985272,0.020109914,0.11343502,-0.07226417,-0.11901207,0.019597046,0.053339187,0.025160678,0.06349109,0.07558228,-0.0763726,0.044784125,-0.0600946,-0.14204845,0.14728695,0.015764788,0.04821855,0.09101233,-0.09669052,0.17726609,-0.10778308,0.14743738,0.03854147,0.094136074,0.024394687,-0.14372711,0.04966016,0.004603661,0.004945755,-0.013079211,0.05032327,0.096775755,0.026962712,0.15759876,0.08763422,-0.18081912,0.00060102344,-0.04384777,0.04484092,-0.20498079,0.017498385,-0.025283884,0.074459866,-0.10869862,0.028860189,-0.09210737,-0.029593848,-0.08585316,0.1568412,0.10776634,0.004531645,-0.13344344,-0.04251401,0.09609866,0.18059346,-0.10429529,0.017091088,-0.0060859695,-0.19926132,0.04366281,-0.08546355,-0.052104454,0.011410566,0.23602974,-0.059242457,-0.15934432,-0.07381198,0.12140891,0.042726707,0.016742457,-0.027838126,0.115176514,-0.12936816,0.026543673,-0.023315355,0.053245626,0.027054932,-0.08728397
LUNG1-111,0.05540023,0.02056497,0.017282672,-0.05758345,0.2518062,-0.15336673,0.02777848,-0.1262306,0.097232044,0.0013103709,0.04718123,0.00035809726,-0.14837687,-0.039226256,-0.1723645,-0.025600407,-0.0116130905,-0.13284571,0.042939436,-0.03424793,-0.01225459,0.08009096,0.20897254,-0.0060472395,0.14414597,0.087925285,-0.2503668,-0.06598277,-0.08477686,0.21191594,0.048747487,-0.029383179,0.12302135,0.15903154,0.06223309,-0.078044236,-0.04852099,0.10000389,0.08635825,0.026151575,-0.06391592,-0.052891105,0.009187512,0.10752662,0.09216805,-0.06751889,-0.07343802,0.19283068,-0.0403259,0.17462239,-0.038836077,0.10892207,0.10283228,-0.15256837,-0.06345494,0.09793329,0.15518273,0.10919892,0.09198867,0.0649604,0.022777928,-0.108945884,-0.076827474,-0.030250277,0.07623937,0.054995764,0.20318124,0.107665345,-0.23509529,0.09569892,-0.18955694,0.19169688,0.04123855,0.12040525,0.20641646,-0.062611766,0.06938292,-0.017353669,0.20506659,-0.05948484,0.01861782,0.18187432,-0.0028682873,0.094616644,0.12092045,-0.20219032,-0.08724169,-0.1728442,0.14478433,-0.21983002,0.13552055,0.027895335,0.11603212,0.030086242,0.030236533,-0.060588174,0.061710797,0.0070377253,0.08982238,0.06558997,-0.07025105,-0.006935466,-0.022616133,0.08233346,0.052294534,0.04319852,0.043344177,-0.08755323,-0.13778275,0.17607531,0.03424558,-0.036324352,0.09774341,0.10290703,0.13124636,-0.18296328,0.06076425,-0.008667879,0.0384422,0.27847737,0.04990564,-0.11932829,-0.11735867,0.031709876,-0.19076529,-0.07334576,0.080417894,-0.066723675
LUNG1-112,0.05950231,0.048041962,-0.10710226,0.06884438,0.05945304,-0.07668947,-0.038871676,-0.20129699,-0.058014765,0.19784123,0.07521265,0.07856183,-0.055721786,0.025281932,-0.05600713,0.0037763654,0.047464676,-0.07244462,0.051504936,-0.0826211,-0.07880657,0.06323331,0.17184037,0.061517816,0.07951889,0.018047675,-0.056618936,-0.10073634,-0.06629806,0.11328577,-0.06701675,-0.11476727,0.12728587,0.10133456,-0.06939746,0.03468065,0.00039708614,0.040840723,0.024933625,0.019120619,-0.18938875,0.029101603,-0.022253053,0.07641587,-0.04516109,-0.10448921,-0.005912561,0.0869395,-0.06557249,0.10008416,0.07596142,0.0006191209,0.14282084,-0.024675203,-0.05414553,-0.022387348,0.116502464,-0.022150137,-0.024266427,0.080194876,-0.15098518,0.05190806,-0.048634376,-0.14583305,0.08741094,-0.077273436,-0.008600138,0.19899708,-0.076177,0.16710103,-0.111319706,0.19663449,0.04228173,0.07724137,0.07458784,-0.11262627,-0.043122493,0.010926494,-0.03249179,0.008326948,0.020315051,0.10574101,0.07076338,0.062532745,0.08242356,-0.096519426,-0.102099024,-0.022729408,0.024815597,-0.14660835,0.032660358,-0.03708671,0.049103178,-0.09039894,-0.034736678,-0.09067279,0.07174888,-0.044089105,0.01823802,0.11919832,0.03868839,-0.16180468,-0.040999964,0.028763387,0.12526569,-0.10289821,0.053890508,-0.0077468045,-0.10233398,0.015862145,-0.14571679,-0.06730669,0.00782267,0.15287167,0.035904422,-0.17219326,-0.08601655,0.04653317,0.037163615,0.013380397,0.05863089,0.06081152,-0.12010017,-0.028947998,-0.03556333,0.052231442,0.04885602,-0.09248202
LUNG1-113,-0.019430948,0.015804557,0.006350171,0.056580905,0.031443015,-0.018388372,0.040359743,-0.16072449,0.043109283,0.1037195,0.05973429,0.021673374,-0.09184682,0.0112450905,-0.03739488,0.018367568,-0.04046172,-0.03064124,0.039347153,-0.07516799,-0.04037636,0.06435209,0.10440296,0.012343704,0.03489224,0.055536848,-0.07440825,0.011991624,-0.051272124,0.06451817,0.012390779,-0.09851101,0.038241785,0.091152854,-0.0060034916,0.018524053,0.0035076216,0.07786928,0.024473462,0.03378451,-0.07997437,-0.006808087,-0.02335937,0.015889842,-0.03595743,-0.058171246,-0.04032789,0.08840796,-0.012264356,0.04977531,0.09966977,0.03987053,0.08989549,-0.083098486,-0.048897177,-0.047547407,0.086851925,-0.024022466,-0.027402781,0.07844138,-0.09344882,0.039578404,-0.040348783,-0.11636479,0.043980613,0.015187742,0.026827835,0.08528611,-0.07530781,0.101422966,-0.11667551,0.1408422,0.017157301,0.02381125,0.08077259,-0.067422375,0.009161822,0.004155111,0.0013698272,0.013435572,0.030267902,0.026624797,-0.06263307,0.10916287,0.0823994,-0.048373796,-0.083286166,-0.05220568,0.102500275,-0.14977421,0.09741741,-0.019925002,0.05451182,-0.09542995,0.010177769,-0.049468998,0.030962832,-0.014716953,0.008217919,0.06800276,0.011821142,-0.062650226,0.02078498,0.086837046,0.11965596,-0.008303255,0.074185446,-0.048476223,-0.06442238,0.11048284,-0.10395401,-0.12835619,0.018206788,0.06655022,0.045603197,-0.07994564,-0.076412,0.031005457,0.05675447,0.10468674,0.076150686,-0.0045247898,-0.11068377,-0.058348637,-0.068143405,0.05911948,0.11144143,-0.056381963
LUNG1-114,-0.01600387,0.055420525,-0.035013467,0.008009449,0.061663724,0.0033805072,0.034557782,-0.17847,-0.003927335,0.112364665,0.019374384,0.0044613034,-0.09638405,0.03983298,-0.026792478,0.017868327,0.024698153,-0.019833487,0.02173575,-0.07098768,-0.10829477,0.06544251,0.1092816,-0.012133777,0.01554475,0.0757741,-0.10720593,0.022701953,-0.03428075,0.03625361,0.011660585,-0.07705536,0.03735734,0.12724543,-0.037520725,-0.021466255,-0.07739738,0.065943055,0.01541419,0.015890196,-0.086748615,-0.030889936,-0.023478286,0.01016362,-0.0195104,-0.023093592,-0.007356614,0.07551331,-0.030270513,0.063454024,0.037479214,0.031025335,0.06946583,-0.07942443,-0.0011071935,-0.0709902,0.082958505,-0.030404957,-0.039426006,0.11129312,-0.055828612,0.016724454,-0.09170335,-0.11829071,0.029698964,0.07376148,0.034015324,0.106763616,-0.054177824,0.12428018,-0.11479142,0.1427376,0.042848844,0.025970351,0.06494427,-0.075507656,5.9710816e-05,0.038810953,-0.0019539075,0.03353817,0.029151823,0.01590825,-0.071608275,0.07735286,0.053631827,-0.025046103,-0.13592839,-0.06482537,0.13928129,-0.096140034,0.10967392,-0.043555334,0.06445153,-0.14376281,0.014978539,-0.07709634,0.022336528,-0.008517604,-0.03746664,0.0810286,0.018737864,-0.022367345,0.06282519,0.057121553,0.117987804,0.0028693117,0.043038093,-0.05325627,-0.045806143,0.06771959,-0.15268436,-0.097044036,0.028285522,0.1088409,0.03863386,-0.086591706,-0.08015691,0.034957565,0.02147666,0.09027781,0.076080844,-0.06915323,-0.054220952,-0.040759586,-0.03356434,0.064809896,0.093119435,-0.12593985
LUNG1-115,0.1794703,-0.066680714,-0.21598962,-0.09307205,0.13989587,-0.10674758,-0.2405642,-0.31013462,0.08366094,0.123397514,-0.021958642,0.06532332,-0.10478866,-0.10244403,-0.20026782,0.0636376,0.032109503,-0.16300876,0.114563905,-0.055715896,-0.17609273,0.28404057,0.24764916,0.0053322557,0.00013893843,0.121385135,-0.21373877,-0.15651536,-0.110142946,0.11909587,-0.06475141,-0.039195918,0.19878271,-0.03713435,-0.093988486,0.01528566,0.06569111,0.047272034,0.06325582,0.106355906,-0.21471488,0.09057983,0.19233629,0.29456952,0.11193875,-0.15784214,-0.033176247,0.31340152,-0.21431795,-0.042990074,-0.057815455,-0.09152409,0.18951306,-0.00032377616,0.031183664,-0.015309803,0.1902999,0.165086,0.0072469525,-0.013041489,-0.21593934,-0.023424052,-0.038291678,0.038860068,0.2741549,-0.09876328,0.02225567,0.45507506,-0.076626524,0.26957044,-0.16626912,0.37738997,0.10424334,0.25738707,0.22388428,-0.056132555,-0.069814466,-0.052598495,-0.037152294,0.12933065,-0.06643229,0.24777769,-0.014662147,-0.116220556,0.11761419,-0.29765195,-0.14627592,0.007553894,0.053028453,-0.28945392,0.11148842,-0.085922845,-0.0012653619,-0.107199416,-0.025606874,-0.13399994,-0.023386322,0.004296433,-0.03883585,0.16323227,0.019025864,-0.20152067,0.011890383,0.0049708486,0.10835522,-0.1407308,-0.012495153,0.04850511,-0.110577404,0.121524505,-0.11588369,-0.016600702,0.13135494,0.1641348,-0.0016189069,-0.167796,0.03813908,-0.12426259,0.11060159,-0.00893154,0.07600037,0.025565833,-0.050060555,-0.0082428,-0.051115744,-0.006036103,0.13798942,-0.060942583
LUNG1-116,0.456508,0.09948841,0.12560138,-0.5800154,0.37246048,-0.20093209,0.38349932,0.012580909,0.480519,-0.007753819,0.8333904,0.5194722,-0.8575505,-0.34275943,-0.031924766,-0.54708433,0.38204414,0.06624693,-0.002786152,0.3717264,-0.35240418,0.9979944,-0.3331382,-0.21365061,-0.25452152,0.48800042,0.044596124,-0.4093224,-0.039674096,-0.13021146,-0.37845722,-0.34555653,-0.13870037,0.108105555,0.35852498,-0.008067645,0.19963191,-0.047342353,0.69066423,0.4916821,-0.29825807,-0.121768385,-0.07384397,0.3264907,0.51194364,-0.40107673,-0.00926698,0.67042965,0.23783359,-0.267406,0.6366766,-0.06285762,0.15698567,-0.5665377,0.4649313,0.3136683,0.96251845,0.0012942888,-0.053410403,0.078725226,-0.4551928,-0.43260035,0.32117233,0.06606776,0.3260341,0.2455706,0.17578195,-0.18626693,-0.49450138,1.1112183,0.5646764,0.23072729,0.4990145,-0.03287956,-1.0011895,0.1803647,0.13874337,-0.13729498,0.48704562,-0.15894754,0.013273682,1.0954301,0.40897167,-0.22170928,0.45613137,-0.8137913,-0.6114171,-0.1858246,0.3330571,-1.0127652,0.39237872,0.951294,-0.28663236,-0.3680859,0.58742976,-0.27145723,-0.106161155,0.20838425,-0.037505217,0.4040548,0.045414258,-0.043621533,0.19609547,0.56947666,0.12791634,0.49536908,0.10780192,-0.026716337,-0.23112535,0.24173787,-0.36843595,-0.084407955,0.29312184,0.35016674,0.71413964,-0.103715114,-0.5318003,0.41663772,0.114232875,0.37938416,-0.0639891,0.19111112,-0.38461125,0.40112776,0.75739086,0.0011914521,0.83974534,0.04725062
LUNG1-117,-0.093165666,0.09373367,-0.122143865,0.008652385,0.11063473,-0.003057804,-0.09734086,-0.17582433,-0.015006591,0.281391,0.07536927,0.005721085,-0.16422462,-0.05103662,-0.18647343,0.1220621,-0.03465936,-0.087480046,0.12325077,-0.20866452,-0.036993552,0.027751304,0.14195752,0.05930722,-0.010156579,0.074689984,-0.08675502,-0.2630973,-0.025147099,0.15564702,-0.0058893855,-0.12729701,0.19976377,0.14937595,-0.1716793,-0.12784922,0.0041898154,-0.053538077,0.10497261,-0.043801803,-0.16572012,0.028652959,-0.07396595,0.046502613,-0.042311706,-0.12767124,-0.045974426,0.17758255,-0.15278769,0.21436322,-0.039508715,-0.031901367,0.18413025,-0.11501438,-0.068525374,-0.077371754,0.1741052,0.0013019182,0.064217106,0.04735447,-0.23472303,-0.03906109,-0.020369718,-0.13407975,0.00858481,0.011976898,-0.02285178,0.2096641,-0.20704922,0.27524626,-0.059796426,0.31549212,0.075972915,0.09933702,0.026390342,-0.16267353,-0.025255565,0.02605234,0.033010963,0.106697366,-0.028355248,0.2764464,-0.0074690506,0.06754238,0.08948013,-0.19229363,-0.016105935,-0.008481718,0.055325046,-0.3123842,0.02091635,-0.013309912,0.092169546,-0.052992113,-0.025583744,-0.11647853,0.11920608,-0.026087627,0.08728885,0.14432144,0.004239172,-0.048910893,-0.1758726,0.009787679,0.17255673,-0.16434225,0.029292125,0.0018628053,-0.2191518,0.13142833,-0.15005668,0.0039282143,-0.029282868,0.20618537,-0.034922462,-0.041113637,-0.07721761,0.06659807,0.005318351,0.08373102,-0.027646951,0.07497156,-0.022056565,-0.10751504,-0.13771851,-0.0032213628,0.0098178685,-0.16123828
LUNG1-118,-0.104798436,-0.0052395687,0.01860451,0.05026488,0.13761123,-0.04794437,-0.003340453,-0.116193056,-0.027526755,0.089915104,0.04338335,0.02388686,-0.18288931,-0.0382855,-0.17230044,0.058922406,0.0015172502,-0.03754919,0.07238991,-0.100771636,-0.050884254,0.01967705,0.18139538,0.0025250688,0.09013071,0.035076566,-0.018416485,-0.18271104,-0.036368016,0.16472866,0.10283926,-0.13047433,0.111512735,0.1604188,0.01363929,-0.013651207,-0.08616389,0.013731284,0.070333466,-0.0019585136,-0.11073093,-0.06323502,0.013549041,0.13071632,0.014962539,-0.14675039,-0.013708843,0.13276851,-0.14676589,0.12118079,-0.033818237,0.027111076,0.1669049,-0.04312226,-0.058606647,0.033326365,0.21372402,0.12379726,-0.015200939,9.839237e-05,-0.060536556,-0.005567804,-0.048326664,-0.10219544,0.01478141,0.045232892,0.07517093,0.17629153,-0.14346467,0.089552745,-0.15518242,0.26568595,0.018660132,0.09130745,0.12478877,0.026478022,0.10816626,0.04843421,0.14122465,0.02695337,0.060896054,0.20928894,-0.022482906,0.08397062,0.08863631,-0.18456283,-0.031132448,-0.084849216,0.16347635,-0.3340782,0.11664364,-0.080513604,0.12114172,-0.08449933,0.060183346,-0.07014449,0.04186504,0.025631022,0.13452503,0.1075187,0.0590972,-0.10936707,-0.104769446,0.06809529,0.108228244,-0.08267141,0.045382656,-0.08328149,-0.14391962,0.14205617,-0.07743175,-0.016838834,0.10350973,0.1100544,0.098294795,-0.07688373,-0.012803173,0.1436866,-0.08155086,0.16537303,-0.07133212,-0.005906813,-0.03959996,-0.13428617,-0.16256285,0.026228234,0.1012502,-0.09997935
LUNG1-119,0.19971466,0.32987338,-0.3500521,-0.11855527,0.24283028,-0.29511222,-0.0902757,-0.20205624,-0.07935841,0.29415315,0.09485367,-0.07812479,0.09653905,0.020817904,-0.09675192,-0.18589947,0.20289719,-0.097094625,0.20788881,0.049145952,-0.20924857,0.2944089,0.21494994,0.19807348,0.11779233,0.056822315,-0.35018066,-0.19162145,-0.06517548,0.05198073,-0.30245227,-0.06816142,0.24332047,0.16944303,-0.15238824,0.038471486,0.07485907,0.044340156,0.21649313,-0.17918071,-0.052810956,0.19730419,0.017173428,0.2588081,0.029893424,-0.026854396,-0.042499706,0.10978069,0.018658325,-0.058877684,-0.0029828325,-0.038202055,0.092414916,-0.02406546,-0.24776475,0.106159076,0.2213473,0.024797909,0.09008022,-0.06035932,-0.15004,0.077997565,-0.20435809,0.0891517,0.28081653,-0.08338794,0.076080166,0.5656209,-0.20205165,0.1349635,-0.21677163,0.20086074,0.28508306,0.1182177,0.1532458,-0.19039723,-0.10527526,0.08772313,-0.052886933,0.12992628,-0.09057354,0.15705712,0.15694149,-0.08387605,0.15846792,-0.2329465,-0.41069055,-0.060494274,0.04553576,-0.047533233,0.017005771,-0.17582604,-0.061126165,0.098148,-0.09608324,-0.040866133,0.011951635,0.046764255,0.07892938,0.12773691,-0.050872043,-0.164058,0.016685978,0.019199774,0.059181094,-0.059871934,0.0018038563,-0.012989808,-0.20559981,-0.026998416,-0.11407166,-0.026054457,0.013406251,0.2853581,-0.08877768,-0.45987898,-0.026664529,-0.13380909,0.15066622,0.05675883,-0.02361966,-0.043512598,-0.12772928,0.07989374,0.11925546,-0.0369007,0.078096,-0.14050826
LUNG1-120,0.12359502,0.0235705,-0.08966005,-0.021840021,0.19917683,-0.18051058,0.022622515,-0.16888185,0.12262809,0.21447131,0.16042924,-0.061635427,-0.30725852,-0.021945447,-0.0728037,-0.122560345,-0.07949048,-0.08801571,0.1629613,0.036984242,-0.02527793,0.24926591,0.17849094,0.11457315,0.15482607,0.16843021,-0.0068350546,-0.111939274,-0.100515515,0.12458592,-0.07579001,-0.077638075,0.08090663,0.050175704,-0.046692602,-0.039834253,0.04200607,0.040791996,-0.035043582,0.1277546,-0.21182856,-0.10025895,0.044239655,0.077683754,0.031126548,-0.16837217,-0.018402155,0.23651487,-0.0538417,0.1570073,0.040135585,-0.05591856,0.10274376,-0.19021223,-0.024968963,0.07448022,0.16010699,0.036420822,-0.0013072342,0.040300943,0.03533311,-0.15243754,0.0059895595,-0.0066041313,0.14992023,0.03691155,0.044367243,0.104653426,-0.07478015,0.186869,-0.10950987,0.16185687,0.105427295,0.13984999,0.006181199,-0.07497218,0.06431784,-0.042661957,0.11415359,-0.13798171,0.029826919,0.20709446,0.084852695,0.08864112,0.1454258,-0.2849869,-0.05689743,-0.016416715,0.09403832,-0.2387445,0.15952536,0.10650792,0.092878506,-0.09335823,0.08317231,-0.0837619,-0.16770321,-0.07494566,0.09414198,0.11499768,-0.0048615467,-0.091447696,-0.05748459,0.1693596,0.19804054,-0.08308576,0.12145439,-0.022711165,-0.2724418,0.08381342,-0.04991422,-0.045403093,0.15892145,0.23832718,0.009023697,-0.119975924,-0.075427115,-0.032970883,-0.03550951,0.13489524,-0.027228482,0.106769174,-0.10217385,0.085815705,-0.025209557,-0.034564078,0.15177296,-0.06341211
LUNG1-121,0.116725005,0.26261362,-0.24432515,-0.20381474,0.2009163,-0.1669002,-0.274631,-0.36747563,-0.064014785,0.2868163,-0.047562413,0.045564577,-0.1951823,-0.039897397,-0.08608839,-0.09471564,0.098886214,-0.049483277,0.16585821,-0.11768004,-0.11986025,0.26515526,0.27227253,0.027882457,0.0026401803,0.05822803,-0.3529529,-0.28143317,-0.017549083,0.036197644,-0.24799512,-0.028395053,0.20898879,0.2416524,-0.20384197,-0.28468806,0.012770515,-0.04280649,0.24457088,-0.14515027,-0.09246799,0.14402544,-0.10421025,0.095616415,0.016807076,-0.17563508,-0.002571417,0.041697685,0.0458382,0.0372059,-0.009407833,-0.06727216,0.17452917,0.041294523,-0.14032547,0.11526275,0.288925,0.04455336,0.071200535,0.07050397,-0.2597831,0.054100543,-0.21287434,-0.0056439005,0.07108735,0.023018105,0.05013683,0.4473272,-0.17077155,0.23229775,-0.15608495,0.27039763,0.26683784,0.052164294,0.19792056,-0.20392522,-0.16852817,0.08708057,-0.032792646,0.12743035,-0.16504589,0.12805483,-0.055195644,0.055151127,0.24583039,-0.22888474,-0.22358014,0.005982468,-0.06773365,0.03222403,0.055523165,-0.096351504,-0.13067266,-0.13125001,-0.18391886,0.044644468,0.20985857,-0.022594031,0.11604812,0.18702698,-0.0059194462,-0.14372717,0.04117984,-0.0438132,0.13631773,-0.016082965,0.05648757,-0.09693514,-0.067050084,0.123090364,-0.2707703,-0.039527047,-0.041889288,0.3178028,-0.18080366,-0.29304284,-0.08875553,-0.12718928,0.20079386,0.011819668,0.1570974,-0.0954613,0.121796235,-0.017549537,-0.009504765,-0.037816472,0.05405107,-0.1357275
LUNG1-122,-0.08102427,0.0036297552,0.021387916,0.032287423,0.10786332,-0.00886102,-0.051938467,-0.21786425,0.016254839,0.18258837,0.08876711,0.020298414,-0.29419947,-0.054357618,-0.16448505,0.05476706,-0.06303797,-0.06659553,0.14300781,-0.09544531,-0.028101608,0.06959084,0.13288012,0.058351636,0.05477837,0.07938317,-0.035298437,-0.17146352,-0.04500425,0.14677402,0.017605737,-0.14912505,0.12471788,0.16099213,-0.017808646,-0.10168979,-0.021796321,-0.060066573,0.0568067,0.022673475,-0.12045991,-0.07424163,-0.0668819,0.09893767,0.037900336,-0.10646635,-0.04939103,0.20169002,-0.1500245,0.14312366,-0.025708914,-0.026673779,0.14919181,-0.04296772,-0.018843127,-0.0012351051,0.15300691,0.09841601,0.013141599,0.029260766,-0.0482778,-0.0013589375,-0.022129769,-0.1070797,0.06492649,0.022661217,0.04781787,0.17068025,-0.1822074,0.16602635,-0.116889924,0.26363155,0.014197491,0.09065381,0.043261092,-0.012118876,0.02798104,-0.081302874,0.18743825,0.037214883,0.017827153,0.16701375,-0.032756235,0.02822721,0.17130366,-0.22508238,-0.05064214,-0.021882083,0.16279091,-0.33711419,0.124336794,-0.02006971,0.046206713,-0.14111833,0.06342825,-0.06351334,0.043026775,-0.033941552,0.13133691,0.12830064,0.07305883,-0.04895623,-0.11707667,0.085222624,0.20724222,-0.08293836,0.011337385,-0.056470357,-0.18481883,0.18508483,-0.067934416,-0.004466813,0.09665735,0.117276475,0.07762287,-0.0458164,-0.030375367,0.15287827,-0.102392286,0.1864939,-0.041768424,0.04600463,-0.013352897,-0.09300339,-0.09030339,0.035379525,0.108637586,-0.14988339
LUNG1-123,0.19158009,-0.025698982,-0.32836536,-0.1434407,0.2253603,-0.15675397,-0.26357567,-0.3188551,0.034549594,0.36641678,0.09953004,0.22389199,-0.24775228,-0.048572004,-0.078680515,0.008932053,-0.09220639,-0.18225643,-0.053151697,-0.15784305,-0.03073172,0.3647242,0.44931036,0.09319972,-0.01230441,0.12631242,-0.3157042,-0.40888405,-0.0011480153,0.23547913,0.0075811315,-0.0029539391,0.30850732,0.0411811,-0.06936656,-0.11857972,0.07955493,-0.06374134,0.10643542,0.17426702,-0.2365953,0.10102,0.0673762,0.09565165,0.13551956,-0.39703652,-0.021812193,0.33357543,-0.12825647,0.09259262,-0.09610667,-0.0779764,0.15853682,0.023513548,-0.037207544,0.050086156,0.14055651,0.13039207,0.2334384,0.006543979,-0.25285545,0.0009271391,-0.08524263,-0.023096293,0.18558419,0.0330469,0.09130076,0.39380872,-0.22452323,0.5179119,-0.22845829,0.36170885,0.17674404,0.23082688,0.32498682,-0.17303222,-0.2046387,-0.042867947,0.08086258,0.08490546,-0.12551457,0.3135373,0.12226568,0.0653815,0.20904058,-0.39624655,0.018447153,-0.058997143,-0.08419656,-0.5514044,0.08616331,-0.12551185,-0.080562554,0.017446436,-0.07994449,-0.1720343,0.10225804,0.032473203,0.01533184,0.2299248,0.013988955,-0.2892319,-0.2199845,-0.14932975,0.28364128,-0.23037851,-0.1245461,0.021635372,-0.10763866,0.18217869,-0.15149376,0.11023007,0.0364343,0.3525558,-0.013158631,-0.2851774,0.15172268,-0.000784941,0.16956908,0.006150216,0.07001169,0.28072965,0.06533812,-0.11716084,-0.06534415,-0.03551016,0.19283223,-0.17390224
LUNG1-124,0.0040768925,0.0667428,-0.1305214,-0.04208178,0.07967785,-0.017443318,-0.12693527,-0.22852829,-0.025219426,0.13234946,-0.0026568659,-0.030373368,-0.17400338,-0.03431668,-0.08486543,0.015686274,0.056891657,-0.09465302,0.09270541,-0.15231347,-0.108665764,0.11590904,0.17882437,-0.05666498,-0.02180168,0.09801632,-0.18965164,-0.10511584,-0.039027926,0.043532275,-0.080972925,-0.016807482,0.094558135,0.12492567,-0.13699365,-0.13834473,-0.07218465,0.017740108,0.10370659,-0.047832005,-0.028146788,0.033871688,-0.016848944,0.077018544,0.047736324,-0.04517639,0.024962375,0.07630041,-0.03777403,0.052444667,-0.06901049,0.013538845,0.094299555,-0.0023476072,-0.058096968,-0.028756492,0.18306515,0.020541891,0.044071283,0.11350031,-0.14348483,0.014558062,-0.20439935,-0.0931814,0.013105573,0.05054997,0.017169587,0.24543545,-0.12389359,0.16577795,-0.10994935,0.25664073,0.10101427,0.07006416,0.15678212,-0.08463187,-0.03816265,0.028218755,0.033468947,0.11538939,-0.014175579,0.106196456,-0.06972562,0.07194201,0.096313246,-0.11372638,-0.09260063,0.006526964,0.02370013,-0.08580977,0.07978454,-0.028085228,-0.00076606125,-0.15704103,-0.053643554,-0.057986014,0.081638366,-0.049608033,0.06300211,0.11338635,-0.012033256,-0.092043035,0.06635651,0.013650611,0.08535648,-0.050258372,0.009319358,-0.08981994,-0.07074451,0.10750559,-0.1418347,-0.074235216,-0.035397023,0.19766447,-0.095663965,-0.12647167,-0.07174964,0.025558539,0.08427024,0.05055593,0.04250778,-0.06697806,0.027687468,-0.10685309,-0.05875777,-0.0086459,0.030959565,-0.13687491
LUNG1-125,0.022222776,0.022297185,-0.0068119,-0.020530075,0.057198577,-0.017283972,0.022158366,-0.15389985,0.04199829,0.19989042,0.05277746,0.04337611,-0.19898413,-0.039323002,-0.03160823,0.039360154,-0.040486094,0.010537082,0.007561555,-0.03651832,-0.03860005,0.15948468,0.1110731,-0.0055322107,0.0038465038,0.06504585,-0.076912925,-0.022464417,-0.054436497,0.07154744,0.014211617,-0.08177525,0.078312345,0.10836946,-0.02210987,-0.0019025989,0.008589424,0.020824408,-0.018004531,0.03663584,-0.12121922,-0.029833304,-0.037248954,-0.030213635,-0.012993958,-0.044172995,-0.04600188,0.14815938,-0.0429058,0.06377078,0.07527861,0.045945004,0.10480694,-0.09386046,-0.041159905,-0.0366727,0.066519015,0.00948697,-0.04338482,0.10418799,-0.08912024,0.07396349,-0.052366354,-0.08337583,0.060524873,0.049715772,0.014536295,0.08634965,-0.094143175,0.13159883,-0.11256707,0.15011609,0.047020648,0.019561576,0.059088964,-0.115707815,0.028213348,-0.015578993,0.072077,0.006623052,0.01703206,0.07539527,-0.05481282,0.14420614,0.10187816,-0.08508665,-0.09252921,-0.04159649,0.107395634,-0.19556281,0.13165787,-0.0062713753,0.050132677,-0.09882869,0.019627623,-0.10709714,0.018530674,-0.044551972,0.06591646,0.07868307,0.010976343,-0.06397052,-0.006595798,0.08243985,0.13637048,0.012989666,0.053201504,-0.037187293,-0.090538576,0.1616866,-0.13225733,-0.085928075,0.052882083,0.098952085,0.030487906,-0.053093996,-0.10930629,0.0682238,0.013858625,0.07582171,0.05842732,0.0064738393,-0.06561123,-0.05292792,0.011401515,0.034172572,0.13384444,-0.041189592
LUNG1-126,0.05286619,0.1990214,-0.022023635,-0.13539657,0.14683011,-0.072074905,0.021328714,-0.20070806,0.065662265,0.2670014,0.06684364,-0.0007103309,-0.25222403,0.0025658198,0.021117441,-0.0439642,-0.027992913,0.057018943,0.041403875,-0.047701128,-0.030937636,0.18819964,0.10411348,-0.032789174,0.063063905,0.11805346,-0.20000313,-0.120571114,-0.050301615,0.005030403,-0.08801088,-0.049819596,0.15437864,0.10357793,0.0009027906,-0.13713723,0.06731869,0.009963508,0.07551563,-0.01987568,-0.08282384,-0.037085284,0.00042809546,-0.04115677,0.009849858,-0.03068113,-0.06744794,0.23805708,-0.0038980395,0.13608383,-0.0029791892,0.024969703,0.13214764,-0.18351524,-0.03790114,0.050313577,0.12415783,-0.021117924,-0.03611166,0.08059141,-0.12129773,-0.054122843,-0.026842518,-0.116017565,0.11217101,0.07388456,0.0369131,0.09404744,-0.15353234,0.17387128,-0.001976911,0.1485793,0.06768495,0.0679315,0.012677938,-0.11749366,-0.0834742,0.03355752,0.010183251,0.039548516,0.0013157353,0.10859363,-0.090262674,0.1249104,0.07220794,-0.21711384,-0.15292984,-0.04125313,0.13345306,-0.16618216,0.17727731,0.011340659,0.017528195,-0.13032842,-0.03547561,-0.031407595,0.04256969,-0.0009647338,0.06816886,0.121690825,-0.06658665,0.07118313,-0.0039342456,0.05998954,0.090673506,0.05567629,0.06677051,-0.07611527,-0.13245292,0.05784825,-0.1660048,-0.014032394,-0.0120661445,0.15566206,-0.090919174,-0.002483137,-0.11485255,0.017604165,0.07184309,0.13963944,0.018894928,-0.016636647,-0.040849224,0.08914591,0.005538184,-0.02169884,0.06616482,-0.19989774
LUNG1-127,0.028864514,0.09331682,-0.037706133,-0.025693566,0.0746373,-0.033134554,0.02515458,-0.19800386,-0.007950002,0.211323,0.0028049313,0.026087001,-0.1948019,-0.017596453,0.0054945275,0.039083254,0.00557468,-0.019884273,-0.0554891,-0.07095671,-0.09540439,0.12578748,0.14635248,0.0058195274,0.017726466,0.06971111,-0.09268843,-0.05053535,-0.07814057,0.03974741,-0.0036226697,-0.109736264,0.07720755,0.15604179,-0.0016527586,-0.011343107,-0.058864124,-0.0057779495,-0.027136583,0.0012048148,-0.13560903,-0.045064513,-0.022740293,-0.014269996,-0.024440514,-0.086252384,-0.008196423,0.11632195,-0.04536274,0.04796855,0.064320765,0.016526017,0.09096315,-0.103632376,0.013456296,-0.043488096,0.048629407,-0.001391571,-0.047767468,0.11476402,-0.079186454,0.05800177,-0.08020895,-0.106149405,0.056066133,0.057332613,0.015870173,0.14258587,-0.06321277,0.14239253,-0.12914348,0.16653809,0.029787492,0.044025708,0.07431868,-0.12858945,-0.05267612,-0.013956297,0.048404466,0.009906199,0.012352787,0.014284575,-0.045177694,0.07750494,0.0715906,-0.0893132,-0.14421222,-0.054301385,0.107904896,-0.15694235,0.14696234,-0.013044954,0.049286984,-0.104990736,-0.009478752,-0.089313775,0.06838807,-0.045092937,0.020873077,0.06529597,0.026215777,-0.050859492,0.027446467,0.05755163,0.13985702,-0.012294732,0.047691107,-0.06325801,-0.07532378,0.056787618,-0.1844419,-0.05545442,0.03583508,0.12518838,0.030036144,-0.09838604,-0.08285255,0.036277518,0.03116303,0.05790927,0.03924602,-0.016958304,-0.0717099,-0.0061228555,0.013109729,0.06554786,0.10038781,-0.1569471
LUNG1-129,0.047199115,0.07499494,-0.020142421,-0.022391021,0.1010261,-0.0831774,0.09128701,-0.16889597,0.08958479,0.18789335,0.1229531,0.014957719,-0.1750663,-0.02003704,0.004011981,-0.091724515,-0.022745576,-0.06470159,0.12221484,-0.04165921,0.023321804,0.09669027,0.10312134,0.11589374,0.113405205,0.08097567,-0.069919586,-0.09124156,-0.027076028,0.13282134,-0.06987409,-0.032459214,0.09938539,0.086865306,0.03505934,-0.025834307,0.1186472,0.090391375,0.0018265117,0.0015651081,-0.12955122,-0.03858811,-0.025426444,-0.014065983,0.042616524,-0.017484346,-0.08535296,0.22723106,-0.048624024,0.18191263,-0.016758375,0.022033073,0.11419766,-0.11900379,-0.11240013,0.060920417,0.12387699,-0.0022521988,0.01261488,0.10107615,-0.025791038,-0.009507537,-0.0037292396,-0.061411172,0.17621174,0.080258965,-4.8168004e-05,0.022013415,-0.15130942,0.1435528,-0.06174191,0.107334316,0.07901469,0.06264234,0.019080266,-0.12965697,0.06512327,-0.017241891,0.03584975,-0.069445975,0.08687916,0.11290873,0.031736158,0.14939341,0.115488864,-0.22701897,0.013160311,-0.0898005,0.092412,-0.16855629,0.046947636,0.0701164,0.051088467,-0.15110067,0.08203994,-0.015693678,-0.08510109,-0.09978238,0.11761113,0.017591164,-0.05563879,-0.038379088,-0.005091559,0.143484,0.136165,0.031781442,0.038329206,-0.089612395,-0.23925266,0.07910833,-0.082215756,-0.07588872,0.07434028,0.20460114,-0.09075237,-0.07489252,-0.06135098,0.11169982,0.07041825,0.13089141,-0.038256533,0.06309858,-0.12207709,0.10501985,0.021981824,0.043604042,0.052122,-0.07783904
LUNG1-130,-0.023370901,0.06314689,-0.0140334545,0.033524204,-0.0049606096,-0.016532883,0.015076395,-0.13934527,0.020057743,0.11790351,0.036344122,-0.017543562,-0.1032968,0.044271663,-0.0155741945,-0.0040408066,-0.0045014364,-0.0008704532,0.029317878,-0.048867315,-0.0798731,0.084237605,0.09309262,0.0066050757,0.057002522,0.038458697,-0.042943053,-0.010581329,-0.037955817,0.021622427,0.0038012601,-0.07731754,0.06895526,0.11602852,-0.055501558,0.014220163,-0.062980816,0.03646935,0.005344907,0.0048228195,-0.08451936,-0.07097259,-0.049518585,-0.0017410684,-0.044671558,-0.024631016,-0.028653495,0.07863005,-0.05550377,0.10134231,0.04853994,0.06745291,0.070778534,-0.07059034,-0.026994346,-0.06362052,0.07564545,-0.061279178,-0.016813375,0.10207428,-0.045817185,0.035991237,-0.038960878,-0.10027762,0.033371136,0.06277972,-0.00836904,0.078881316,-0.09045781,0.093105674,-0.057856333,0.14943516,-0.018096477,0.031001888,0.02426247,-0.104871765,0.039305393,0.027942047,0.03655816,-0.009158418,0.035357077,0.043367147,-0.060225204,0.08855026,0.074340045,-0.051304504,-0.10556703,-0.028245997,0.113588236,-0.12095574,0.11182493,-0.039281525,0.08349409,-0.12560974,0.04529094,-0.066245,0.014017345,-0.041631006,0.019057006,0.0932631,0.0041136257,-0.05015416,0.03549041,0.04921004,0.12665184,0.017508224,0.046397753,-0.050485376,-0.06860481,0.099270895,-0.14248529,-0.11688998,0.026284344,0.1177787,0.010476913,-0.076403305,-0.10443704,0.079231225,0.010640802,0.061030015,0.036564928,-0.026577592,-0.039223447,-0.04608041,-0.027588919,0.05159729,0.0853508,-0.13037162
LUNG1-131,-0.045791436,0.07436104,-0.024933897,0.0030621365,0.13727632,-0.021710627,-0.028475873,-0.20034006,-0.00030697323,0.21161103,0.050964423,-0.026552048,-0.23059934,-0.037755325,-0.08151881,0.023935817,-0.019550078,-0.0345258,0.12949763,-0.05053512,-0.0533911,0.09346265,0.12465114,0.041425854,0.053432815,0.072382554,-0.06473795,-0.15224215,-0.033950467,0.13076869,-0.016076174,-0.1257864,0.13349804,0.2096188,-0.016238093,-0.109920286,-0.040418826,0.016516834,0.061219215,-0.011076689,-0.13549417,-0.07350955,-0.03558403,0.08890142,0.020604871,-0.03834744,-0.057075106,0.15576595,-0.08880992,0.15425362,-0.039359584,-0.036866978,0.13072619,-0.06974473,-0.067347236,0.0020670965,0.1813001,0.0736785,-0.024649072,0.03343563,-0.017862093,0.004411958,-0.026408326,-0.09306048,0.07642039,0.07649939,0.05149552,0.1531311,-0.15945049,0.12526613,-0.048032116,0.21221572,0.01022695,0.07595959,0.033388507,-0.047770333,0.022010572,-0.0424829,0.12331492,0.013588719,0.03541956,0.12531313,-0.023245554,0.067226425,0.120726444,-0.21772741,-0.12803712,-0.012123417,0.14682184,-0.2771238,0.0934077,-0.04728088,0.04813355,-0.14331315,0.056485675,-0.014691686,0.015237568,-0.07137491,0.110894695,0.114224225,0.047500208,-0.059392244,-0.044689618,0.081254296,0.18823393,-0.05664423,0.020955782,-0.096585065,-0.16794693,0.11447613,-0.050235573,-0.0061641186,0.062338334,0.10934852,-0.007457195,-0.04081706,-0.088503286,0.13458337,-0.07858032,0.16498014,-0.049010344,0.035536744,-0.009535433,0.0066134855,0.0016767643,0.028049894,0.068356186,-0.18894559
LUNG1-132,0.020825446,0.072100505,-0.0009690635,-0.023286678,0.097862385,-0.04341206,0.05184532,-0.18111967,0.071535565,0.19426161,0.098170385,-0.0016491488,-0.19664283,-0.04382263,-0.023712121,-0.0045006475,-0.028098332,-0.005251806,0.033206932,-0.04462316,-0.019123891,0.13577813,0.11430242,0.007842626,0.02134512,0.09080714,-0.084745534,-0.04119502,-0.04862172,0.06075681,-0.0032561468,-0.08342146,0.10056084,0.13191351,0.018189028,-0.056558877,0.049003396,0.07607512,-0.021322196,0.023594752,-0.1302789,-0.001956705,-0.019108078,-0.012727194,0.009607069,-0.04748007,-0.040020283,0.1544503,-0.011048347,0.074924655,0.056511663,0.031422853,0.11153827,-0.084485814,-0.042771395,0.011270367,0.062666975,0.012798764,-0.046070006,0.12431097,-0.07970518,0.046852164,-0.03300803,-0.11726449,0.0984019,0.030245818,0.053385682,0.071930856,-0.11558634,0.15331525,-0.08039164,0.11853923,0.052564632,0.03998123,0.073998384,-0.13010569,-0.029491,-0.01892446,0.020582704,-0.006747544,0.018801138,0.027285809,-0.06444132,0.16198671,0.08433235,-0.10447219,-0.081286326,-0.046093836,0.09528996,-0.18856853,0.102751724,0.02221489,0.01862843,-0.11813867,0.0068871286,-0.03461937,0.003538346,-0.07194632,0.06964049,0.04119498,-0.007554531,-0.0140791945,-0.005915936,0.11352749,0.13235922,0.0048840903,0.051046573,-0.05524651,-0.13730976,0.09517549,-0.11301541,-0.057191763,0.024936296,0.10387386,-0.019473497,-0.022925043,-0.12682605,0.06585446,0.03754297,0.10148687,0.03586197,0.026785128,-0.06994424,-0.00061048847,0.008177809,0.036684442,0.11646062,-0.053436562
LUNG1-133,0.025676403,0.0024986565,-0.028086102,-0.071723245,0.23140207,-0.12756711,-0.03713931,-0.113685705,0.11822421,0.017876118,0.09990157,0.008073613,-0.17378765,-0.061676204,-0.19784978,0.050823048,-0.04697919,-0.075727224,0.08479628,-0.117689,-0.048112582,0.15433475,0.1445334,0.03358003,0.078932926,0.1617041,-0.20590591,-0.0607977,-0.043748233,0.059929762,0.08164895,-0.020085428,0.10631714,0.16360846,0.0029580668,-0.12274746,-0.044444587,0.056630567,0.080513574,0.0021462757,-0.07661982,0.054224305,-0.042024035,0.14626592,0.07143045,-0.07201528,-0.04733054,0.17469117,-0.066509746,0.081728175,-0.023836732,0.07259143,0.11141066,-0.1321828,-0.051378854,-0.020260539,0.19724157,0.04724163,0.031097408,0.06779322,0.003075203,-0.10783436,-0.054631073,-0.045043625,0.005844444,0.08821097,0.15363875,0.101591736,-0.19105466,0.19411594,-0.092057034,0.22528419,0.09330855,0.13300881,0.13384232,-0.10615074,0.098955244,0.055512838,0.13947383,0.0034201965,0.0109927505,0.14765677,-0.03429993,0.06429985,0.15528417,-0.19707744,-0.0680832,-0.112688854,0.05848396,-0.26565158,0.15481216,0.03712032,0.077376,-0.0046114177,0.09669421,-0.11794938,0.046220336,-0.08027016,0.072820224,0.11155394,-0.09940287,-0.015278187,-0.052244432,0.044397213,0.09836415,0.013645548,0.03702695,-0.079256386,-0.11439893,0.17508005,0.013412654,-0.10071483,0.058559284,0.08975022,0.034821417,-0.107668646,-0.028981306,0.02465124,0.046289623,0.20988384,0.065166056,-0.044891242,-0.06688693,-0.062830284,-0.09829901,-0.019923635,0.09990298,-0.08801544
LUNG1-134,-0.08573152,0.03882636,0.048600513,-0.023396835,0.073562354,0.010065056,-0.090623,-0.16658732,0.02669921,0.21849933,0.016978476,0.024327353,-0.28648686,-0.057426177,-0.12967792,0.024613805,-0.011644251,-0.0113390945,0.17280415,-0.08465627,-0.02430595,0.07397749,0.15866545,-0.0052290037,0.038264256,0.051340953,-0.029271405,-0.19816348,-0.021245245,0.16483979,0.015471112,-0.16764195,0.15811032,0.21065724,-0.019153083,-0.15980527,-0.039807174,-0.02115627,0.1404275,-0.032018553,-0.07531497,-0.11773255,-0.06925316,0.14349675,0.08613191,-0.07886721,-0.08383976,0.22310609,-0.14260331,0.16020802,-0.08134081,-0.02600398,0.14909661,0.008699745,-0.05922712,0.021563046,0.16068864,0.16599843,0.032489862,-0.00017991662,-0.03887207,0.008091463,-0.06587354,-0.085033864,0.03652806,0.093544915,0.0361033,0.20947826,-0.22805956,0.1333858,-0.08875395,0.2970544,-0.017729491,0.057276443,0.11149133,-0.0027384162,0.059764303,-0.036291756,0.19609416,0.07585439,0.07234065,0.16868553,-0.09214851,0.05934649,0.15139636,-0.21834971,-0.07593521,-0.049348876,0.16085418,-0.344044,0.10208239,-0.09081615,0.013241772,-0.1746857,0.037870687,-0.003203704,0.09322206,-0.020544661,0.16200614,0.1837392,0.06306953,-0.11452825,-0.08946773,0.06645747,0.2336674,-0.014578838,-0.03758599,-0.09387083,-0.11660144,0.21242803,-0.068210505,0.027809538,0.11996233,0.19616866,0.03129039,0.0038427506,-0.10028887,0.2262198,-0.14559388,0.19266796,-0.06345654,0.019272655,0.045983933,-0.07193716,-0.083381444,-0.008604571,0.10717872,-0.24161258
LUNG1-135,0.034007527,0.043486647,-0.0963667,0.0109243505,0.113587976,-0.104648754,-0.09563894,-0.26169625,0.027003223,0.13780329,0.035887286,0.0065664947,-0.1639909,-0.05183819,-0.093016714,0.0015722523,0.07086931,-0.08517518,0.045276158,-0.16737509,-0.08562584,0.059996065,0.15643875,-0.0438833,0.050496493,0.053242195,-0.14667965,-0.07251694,-0.09673526,0.06509834,-0.076313205,-0.09486537,0.1374479,0.09842114,-0.0505415,-0.10108129,-0.046537112,0.024317844,0.031501666,-0.011596816,-0.09914459,0.05164679,-0.02153632,0.1033298,0.038046792,-0.072234936,0.04233055,0.17936566,-0.09008225,0.04246539,0.014348526,0.05790858,0.10887204,-0.061341364,-0.0054980963,0.04499512,0.12871826,0.010637715,-0.0074251667,0.16345254,-0.16872925,-0.028785795,-0.13904297,-0.11095281,0.043860007,-0.022591136,-0.010762863,0.23264387,-0.07254006,0.1700784,-0.108207256,0.28881913,0.052698944,0.10181435,0.1344122,-0.08105176,-0.045395374,-0.039177585,0.07752532,0.083420366,0.044998225,0.07243657,-0.029850211,-0.021834537,0.10671617,-0.10588032,-0.119464025,-0.01821182,0.056652293,-0.09718579,0.074080616,0.045545995,0.036452867,-0.1666708,-0.065690555,-0.08708852,0.042153493,0.0047146864,-0.020789307,0.07726762,-0.01464303,-0.10247612,0.023088891,0.073986016,0.087820366,-0.10211506,0.034456693,-0.029003523,-0.05498763,0.09332681,-0.13960798,-0.052826345,-0.040300332,0.16325316,0.015600976,-0.12613258,-0.040768992,0.027158726,0.021229975,0.032871705,0.07300324,-0.06282355,-0.037849974,-0.113232665,-0.0048440024,0.0035148785,0.058792375,-0.14117604
LUNG1-136,0.058483936,-0.03201089,-0.028080748,-0.01705467,0.14712973,-0.13856576,0.10348942,-0.10338555,0.10722823,0.08723065,0.14198247,0.02554679,-0.2178615,-0.03685008,-0.08818579,-0.071043625,0.03634949,-0.059466317,0.08628389,-0.03789159,-0.06422182,0.11326049,0.056890447,0.11412611,0.07380879,0.11681412,-0.016296577,-0.075010784,-0.041716434,0.09254596,0.010844549,-0.078476295,0.07299433,0.012527049,0.093451604,-0.022232316,0.09048514,0.05771687,0.036695756,0.018162966,-0.10073461,-0.034948938,-0.014664788,0.07184952,0.006489344,-0.07700551,-0.003702458,0.26874515,-0.11385159,0.04062651,0.082356386,0.039712556,0.11638131,-0.13615724,-0.036078524,0.020973109,0.16719958,0.0066258125,-0.019196177,0.06199795,-0.04285269,-0.05302071,-0.054725632,-0.09456966,0.048223104,-0.014202345,-0.011196442,0.038521197,-0.11485878,0.1311984,-0.13563459,0.1761887,0.12669112,0.06199768,0.070110925,-0.011852168,0.08826827,-0.00010792981,0.07146836,-0.04572794,0.098898366,0.16967419,-0.01585599,0.05200325,0.103240006,-0.18919124,0.019197777,-0.076096565,0.06302759,-0.2346409,0.074979395,0.13817453,0.090486534,-0.107625335,0.14618365,-0.09040871,-0.05864647,-0.02682668,0.037758593,0.0659875,-0.013069812,-0.059606746,-0.047655955,0.13375005,0.10086134,-0.00058326684,0.095648,-0.06367188,-0.22488673,0.09135479,-0.0570363,-0.077082984,0.029396057,0.19900432,0.04605455,-0.06976927,-0.029498048,0.09284977,0.028913885,0.11920279,0.00767754,0.024290591,-0.15284841,-0.068259045,-0.04018787,0.05166782,0.12697479,-0.005438909
LUNG1-137,-0.017909922,0.06732438,-0.0861702,-0.010284841,0.09487673,-0.048809618,-0.07758289,-0.24582106,-0.018240955,0.15316446,0.020356882,0.009714723,-0.17022282,0.010425657,-0.055196784,0.0031699948,0.018630616,-0.058272533,0.06177531,-0.13433382,-0.08943439,0.089472935,0.17550898,-0.044356495,-0.01345171,0.10382268,-0.1687634,-0.05592943,-0.036560886,0.055921562,-0.08269551,-0.061327923,0.09410842,0.1682902,-0.08805929,-0.10346832,-0.058501538,0.026682748,0.07442089,-0.03629821,-0.09781213,0.0062550567,-0.023273434,0.050607048,0.014074314,-0.07252516,0.03176616,0.071529135,-0.043729175,0.09069356,-0.008385897,0.015952932,0.08688162,-0.035466783,-0.0263496,0.0040716752,0.14347248,-0.01611043,-0.0070608035,0.13896877,-0.14020553,0.006639648,-0.129023,-0.106941104,0.026892632,0.020536628,0.01623362,0.18195951,-0.10508086,0.17631286,-0.07406455,0.21568948,0.09539473,0.07676709,0.110165365,-0.11984812,-0.058499977,0.00590136,-0.010870194,0.05953928,-0.0065902025,0.061050158,-0.061713863,0.06627478,0.113967486,-0.07635065,-0.100465074,-0.012553379,0.071905516,-0.07017469,0.064053036,-0.009057678,0.012684282,-0.15808576,-0.06755989,-0.023704303,0.10049135,-0.029911106,0.033659182,0.10655178,0.013183053,-0.06714373,0.04817896,0.025274318,0.10582113,-0.05960674,0.04494395,-0.091756105,-0.070936605,0.08605696,-0.14744513,-0.055871908,-0.018345818,0.15016761,-0.0046710353,-0.12701365,-0.06779286,0.031025436,0.06767948,0.03598488,0.09516364,-0.07605709,0.014536127,-0.069524825,-0.042222586,0.024883874,0.07716245,-0.13423732
LUNG1-138,0.08156954,0.042010307,-0.05234994,-0.015628897,0.16579156,-0.12155135,0.054324426,-0.15091473,0.09320618,0.12406477,0.10068948,-0.010988653,-0.16421437,-0.004630007,-0.092569396,-0.026938256,-0.00429974,-0.0723158,0.09294306,-0.050574586,-0.04824541,0.10238187,0.087309435,0.103436306,0.13652724,0.11134787,-0.087579794,-0.04438234,-0.08239174,0.11143268,-0.02707548,-0.055281892,0.08106403,0.060650647,0.010540094,0.002375953,0.035604376,0.04923726,0.052296452,0.045688942,-0.120968536,-0.048784584,-0.048456527,0.076127216,-0.00062649697,-0.059533846,-0.04398029,0.21072313,-0.1298918,0.07586822,0.021508671,0.054533415,0.06239634,-0.08772418,-0.03762143,0.010465324,0.118442655,0.014339883,0.01445191,0.07478607,0.001875252,-0.06970827,-0.081071205,-0.07499458,0.10175978,-0.012680028,0.04627008,0.08881775,-0.10509276,0.098801,-0.13532758,0.16643983,0.053557556,0.07404802,0.07304149,-0.04456345,0.061012752,-0.039555825,0.10731237,-0.033727318,0.044314682,0.118063204,0.015974179,0.073938355,0.12368092,-0.14530778,-0.06779701,-0.07155334,0.09815851,-0.16095327,0.084089994,0.05734785,0.10693379,-0.06750251,0.08524899,-0.07069737,-0.09370191,-0.016724326,0.05831653,0.036507566,-0.05475337,-0.06266105,-0.021767806,0.125514,0.08494596,-0.002601888,0.046907544,-0.045265093,-0.21113051,0.074227504,-0.04610695,-0.06384124,0.027162176,0.17764392,0.06544037,-0.10182349,0.03035682,0.028957833,0.040829413,0.13437057,0.024452101,-0.014501799,-0.14374179,0.007828513,-0.0354542,0.024179753,0.09383325,-0.06541695
LUNG1-139,0.08765312,0.02442691,-0.04323854,-0.010381475,0.13917041,-0.12692511,0.057035968,-0.21691796,0.07871859,0.2530431,0.14981312,-0.028320473,-0.34220803,-0.035762474,0.05101049,-0.12852868,-0.106008545,-0.07343162,0.077879444,0.05748725,0.0076270476,0.25849167,0.20403865,0.12384581,0.13208862,0.12985891,0.00060618296,-0.07805372,-0.056342892,0.11546727,-0.0712286,-0.11914921,0.06594137,0.059010148,-0.03799366,-0.049293786,0.04471088,-0.0031875093,-0.044364646,0.15886885,-0.2528804,-0.14013828,0.027168967,0.007244721,-0.0037314557,-0.17075604,-0.0027703475,0.23329708,-0.04173632,0.23236942,0.06503519,-0.061501116,0.07255069,-0.23506778,0.0073971897,0.09522025,0.11107528,0.023713209,0.028676216,0.10659246,-0.010177766,-0.077645004,0.007234124,-0.057645157,0.15402825,0.03692101,-0.007323511,0.06762171,-0.08039267,0.22017309,-0.091145314,0.16564211,0.044264007,0.09832168,-0.046969965,-0.1300697,0.003982148,-0.072410904,0.15000355,-0.08622603,-0.018951401,0.1711737,0.08114219,0.08997982,0.17581937,-0.28467387,-0.052504543,0.016223736,0.13961388,-0.21450152,0.16899428,0.06257992,0.05985378,-0.14203599,0.037782058,-0.039803073,-0.12861153,-0.07055372,0.1399641,0.11768046,0.015938915,-0.103926554,-0.0121756755,0.18485942,0.24807963,-0.075389385,0.099977285,-0.06899194,-0.24790479,0.10180467,-0.13088758,-0.071083784,0.12532625,0.21871567,-0.002521269,-0.16960777,-0.11888561,0.0039032027,-0.06364743,0.08907204,-0.020223547,0.14760403,-0.11536381,0.09165495,-0.012995273,-0.021613277,0.13848677,-0.069308385
LUNG1-140,0.034625188,-0.045177884,-0.008511178,-0.01833304,0.16760771,-0.2034466,-0.0007211119,-0.042210132,0.105688594,0.04989337,0.14576024,0.0043563917,-0.20928265,-0.04037022,-0.1428639,-0.0569601,0.048094064,-0.036474466,0.040981784,-0.043677732,-0.055867553,0.12518218,0.04480416,0.026367184,0.100838825,0.099416174,0.040531125,-0.18139815,0.057504624,0.09152507,0.14061497,-0.124954544,0.13420753,0.056699082,0.07959547,-0.012929659,0.029159863,0.030866787,0.052184448,0.00096099265,-0.082621224,-0.05892474,-0.05838771,-0.010464686,-0.08038859,-0.10401111,-0.021896016,0.27078497,-0.06056948,0.105293766,0.16507377,0.069337085,0.18953499,-0.18171957,-0.07456344,-0.018256828,0.20225006,-0.05977191,0.008393317,0.19194272,-0.11036829,-0.07436235,0.039778262,-0.13041078,0.0072941408,-0.022210527,0.009636898,0.022906817,-0.06271802,0.17105946,-0.15191475,0.18177617,0.16786397,0.05779838,-0.0054192394,-0.07021473,0.15327446,0.08113687,0.05338719,-0.07032198,0.067382924,0.29277027,-0.014112458,0.07565271,0.09612636,-0.23187666,-0.026362948,-0.095185645,0.024746243,-0.30342883,0.12603848,0.1660794,0.11627773,-0.10173746,0.08737804,-0.1868898,0.089399114,0.04989737,0.06287925,0.10668832,0.077555284,-0.18842682,-0.08744498,0.063009135,0.046110485,-0.03059956,0.18660638,0.031092998,-0.23818606,0.18150683,-0.04767988,-0.12889595,-0.0008387305,0.28070262,0.10844717,-0.079650596,-0.117801115,0.106099725,0.043469325,0.037203804,-0.01742138,0.030014262,-0.13384445,-0.13406259,-0.083244056,-0.019548431,0.24818152,0.03108912
LUNG1-141,0.034805562,-0.030188955,-0.026206404,-0.045285128,0.10617083,-0.09568681,-0.10117886,-0.04174093,0.09456661,0.07222583,0.16719905,-0.06388133,-0.17886922,0.01946793,-0.076969095,-0.065529235,0.010494078,0.0082124,0.0730718,-0.023806453,-0.056759838,0.19772476,0.08659357,0.018643644,0.07512768,0.10054538,-0.05644884,-0.069384925,-0.025718827,0.08938316,0.07277942,-0.05168368,0.15513346,0.06863871,0.03133502,-0.07962387,0.04238447,0.035017513,0.034259234,0.056737494,-0.08885006,-0.094731025,-0.10764769,-0.041730404,-0.05865406,-0.05810984,-0.016338727,0.16821529,-0.06087804,0.13540861,0.175434,0.10479857,0.08335224,-0.11285985,0.00461141,-0.025044255,0.13988462,-0.085817724,0.017549288,0.17426705,-0.11122619,-0.07396754,0.024829363,-0.11421346,-0.030565849,0.006144773,0.010337539,0.047071084,-0.116062686,0.1491115,-0.15906677,0.09501392,0.06733942,0.018543595,0.08072376,-0.09585216,0.104263134,0.04104653,0.09238349,-0.06405339,-0.023011342,0.25997454,0.007273689,0.12227121,0.17743465,-0.12497921,-0.11113535,-0.036875993,0.029346619,-0.21947165,0.20446745,0.047190282,0.09836814,-0.08262342,0.010615129,-0.13560209,0.055767268,0.07881967,0.034685716,0.06472157,0.0301365,-0.15492882,-0.040013008,0.030576859,0.051895387,0.050064087,0.1453685,0.00967871,-0.10024272,0.22150517,-0.038638536,-0.158824,-0.011023805,0.25553608,0.072623745,-0.12061372,-0.11491269,0.08666352,0.022834959,0.10012229,-0.002169326,-0.0045735687,-0.14302057,-0.07039533,-0.087248355,-0.06042636,0.25234097,0.021720946
LUNG1-142,-0.020229788,-0.0074832328,-0.037979897,0.0117861405,0.1916902,-0.11704319,-0.0043212473,-0.16310719,0.045849763,0.16820514,0.20045799,0.020628825,-0.2596232,-0.12190188,-0.14135548,0.012249404,-0.06386334,-0.12441313,0.043933794,-0.08605944,-0.020445243,0.14161393,0.0593012,0.10584874,0.08793175,0.15009966,0.03144202,-0.2106491,0.02358456,0.12342462,0.10732464,-0.10830873,0.1215664,0.048696794,0.024485782,-0.11400808,0.0344291,0.0025366452,0.041724157,0.05615111,-0.14801648,-0.020226263,-0.08260348,-0.030415542,-0.019138608,-0.16966973,-0.07636813,0.20563582,-0.041019022,0.14994338,0.06866152,-0.004465852,0.14516433,-0.20763022,-0.013434241,-0.061056223,0.19116318,-0.035781715,0.07378866,0.091487646,-0.081691764,-0.0665,0.01789673,-0.13019429,0.03257379,-0.0341234,0.009089489,0.08283448,-0.12012772,0.18307304,-0.15521446,0.22570193,0.12796971,0.02750819,-0.0692553,-0.1050549,0.06731722,-0.015487976,0.123970814,-0.05572189,-0.095236264,0.30373412,0.024708346,0.07134861,0.20539916,-0.31127912,-0.04630757,0.016632982,0.03731152,-0.29772463,0.13636929,0.13220322,0.105048224,-0.09225355,0.07432234,-0.14833051,0.09385645,-0.037192736,0.14467713,0.11171764,0.0998469,-0.0969136,-0.17053118,0.029150542,0.13717192,-0.0661619,0.11862357,0.005065743,-0.24345246,0.17473872,-0.06672567,-0.14384624,0.019440511,0.21050012,0.061120696,-0.14211491,-0.1169741,0.03240886,-0.0021314453,0.07163234,-0.008329902,0.087683186,-0.1991205,-0.1574415,-0.07398079,-0.016975522,0.15388885,0.063921936
LUNG1-143,0.045793287,0.026955802,-0.039401527,-0.010885671,-3.619492e-05,0.020401426,-0.013785444,-0.17568466,0.005368447,0.13371898,0.04088294,0.054478303,-0.1417127,-0.0022724643,-0.02594132,0.04294009,-0.02236734,-0.0007251762,-0.025096629,-0.061558917,-0.10518646,0.14533398,0.11770503,-0.02110935,-0.01918935,0.0667161,-0.05010839,-0.0078976825,-0.04126142,-0.0070204213,0.023537599,-0.066271596,0.020543262,0.10812044,-0.056175657,0.05522515,-0.085146576,-0.023263156,0.030304804,0.038682356,-0.06723077,-0.053397883,-0.052057046,0.011550494,0.010948129,-0.07596669,-0.018658675,0.08569926,-0.061262943,0.023428123,0.081319116,0.060088187,0.07270458,-0.055704433,-0.013509113,-0.08715694,0.07281806,-0.043415986,-0.035178587,0.09963997,-0.09279346,0.059961706,-0.0557816,-0.06799943,0.07036966,0.04700145,-0.02307386,0.11716538,-0.060889807,0.15621142,-0.12637739,0.20844737,0.020826045,0.03043466,0.04795025,-0.0795864,0.012638229,0.01430544,0.0871893,-0.0012353025,0.009702042,0.09971806,-0.055584334,0.04092032,0.13701469,-0.0671616,-0.11381068,-0.044681888,0.11641112,-0.17364156,0.19269712,-0.03429203,0.05332298,-0.104027614,0.06110984,-0.14145505,0.054960772,-0.02769723,-0.0053582042,0.075648725,0.010760263,-0.08895977,0.0024033748,-0.0125239715,0.138789,0.037007846,0.03834614,-0.041278087,-0.019722138,0.1484985,-0.2050756,-0.14735949,0.049349558,0.12996408,0.087741464,-0.15848048,-0.09130861,0.06414192,0.041629322,0.037653834,0.092574745,0.00030753762,-0.058336113,-0.08851871,0.027282532,0.06722267,0.16636097,-0.102530524
LUNG1-144,-0.00094394013,0.0025908202,-0.010969812,0.028895393,0.10983653,-0.10490695,0.07862972,-0.22502828,0.054231178,0.2300809,0.08105187,0.032959938,-0.21670836,-0.014516823,0.0719794,-0.07570054,-0.08996243,-0.016139846,0.043064624,-0.01820764,0.0034471191,0.15883929,0.164941,0.09520318,0.11085006,0.0031519867,-0.037190147,-0.0703628,-0.02887787,0.0895626,-0.01197973,-0.14654249,0.11423566,0.037859105,0.0066177584,-0.025819212,0.10218884,0.051458627,-0.042801794,0.063847855,-0.20240515,-0.07011498,0.008361224,-0.023612652,-0.08112541,-0.106208585,-0.019371338,0.21034425,-0.040273298,0.2089707,0.07387251,0.0007715225,0.10739734,-0.16230261,-0.051960204,0.09631583,0.083552614,-0.01479876,0.02230968,0.09292087,-0.100489095,0.012271665,0.025549067,-0.10226193,0.15319149,-0.002357658,-0.005374849,0.084869824,-0.11843722,0.19083571,-0.12010977,0.15210348,0.031784963,0.09150862,0.016492944,-0.14984992,-0.0024823789,-0.04055349,0.028144578,0.019427113,0.031515412,0.08993261,0.012551576,0.14328885,0.15175654,-0.21423247,-0.06622742,-0.037188545,0.093791604,-0.18607643,0.122200206,0.007728381,0.059793692,-0.1302988,-0.014236771,-0.0001897905,-0.05776781,-0.044989876,0.15133277,0.08606234,0.03251148,-0.08394283,0.0058853365,0.1641606,0.1923258,-0.061140012,0.087267205,-0.022147764,-0.17814286,0.11074771,-0.16634797,-0.09452988,0.06968826,0.1519919,-0.049341798,-0.15252961,-0.1388854,0.042791113,0.018379122,0.047591127,-0.02463074,0.11463973,-0.14032105,0.022103537,-0.042630937,0.028145727,0.10392091,-0.04720165
LUNG1-145,-0.06899478,0.013526425,-0.052098364,-0.018257365,0.10235609,0.010299921,-0.07134446,-0.19805816,0.009723044,0.20880374,0.045490064,-0.004534051,-0.26013112,-0.09756445,-0.13003366,0.016111286,-0.06771517,-0.09431106,0.070418805,-0.09682085,-0.028722774,0.08521531,0.12055647,0.04015513,-0.0032911003,0.07770672,-0.124045,-0.18345714,-0.029627446,0.20930283,0.011376014,-0.097106956,0.1634006,0.12634385,-0.0050974227,-0.09911915,-0.066043705,-0.0014481321,0.06373777,-0.009330966,-0.14342251,-0.03640259,-0.051427823,0.0031333454,0.03189157,-0.06106666,-0.08434178,0.21527979,-0.07685247,0.1829454,-0.026303954,-0.00012256205,0.0982852,-0.10918826,-0.0041916408,-0.035219375,0.14856404,0.057620995,0.08266373,0.063840464,-0.06921676,0.048427075,-0.039747115,-0.12426534,0.056372367,0.06648667,-0.0067317076,0.14695464,-0.21206947,0.15664506,-0.10521636,0.21697435,0.04964431,0.014233096,0.028930955,-0.073817104,0.035017617,-0.046690702,0.17425683,0.03752462,-0.017168827,0.20219763,0.0091665685,0.041797444,0.17234111,-0.23852853,-0.068985194,0.019267682,0.10966467,-0.3337237,0.062934995,0.031680733,0.042342424,-0.09247035,-0.006787166,-0.070483945,0.123740084,-0.01838433,0.148122,0.1106782,0.09575724,-0.10128103,-0.090971194,0.04283211,0.17465848,-0.052888226,0.008189816,-0.069683395,-0.19202343,0.20386559,-0.04012787,-0.015305843,0.0109699145,0.11894949,0.030012317,-0.05769153,-0.056419097,0.12582,-0.08951912,0.14439228,-0.092891015,0.07459967,-0.040434375,-0.10011801,-0.08517226,0.01988399,0.058495924,-0.074441545
LUNG1-146,-0.057086248,0.07801196,-0.08439394,0.076308854,0.15365706,-0.06276693,0.01509878,-0.15914866,0.01401385,0.10747258,0.10020146,-0.002671048,-0.059126817,0.0007283464,-0.116256356,0.05753999,-0.009215777,-0.046402656,0.06020008,-0.117730744,-0.11448434,0.008210275,0.120969445,0.041178975,0.03406607,0.05393516,-0.06488393,-0.12202304,-0.060828112,0.097508445,0.055023007,-0.12963927,0.053966608,0.17859316,-0.014122104,-0.072369196,-0.05389558,-0.007600501,0.042809624,-0.01348225,-0.14413986,0.025322013,0.011144176,0.13416943,-0.06045371,-0.08295719,0.017090209,0.12869385,-0.17166227,0.113095544,0.054311886,-0.0067236833,0.11986007,-0.14046556,-0.039467245,-0.025236528,0.21677738,-0.005175531,-0.06160614,0.06489636,-0.09212938,-0.08189985,-0.013659647,-0.10499484,-0.005586661,0.007470714,0.0043069087,0.17133322,-0.09949898,0.14572841,-0.07878926,0.23528317,0.048113238,0.10367006,0.058600783,-0.07692073,0.0015115952,0.039659664,0.007834673,0.010854147,0.0067640506,0.14149694,-0.047610756,-0.00058960915,0.046641722,-0.11720519,-0.083578736,-0.07503793,0.15805674,-0.15327741,0.08988552,-0.033196807,0.10567735,-0.08862095,0.08307913,-0.05677216,0.010960534,-0.08137436,0.0038497485,0.08395194,-0.003972401,-0.003123913,-0.06987036,0.03411621,0.10120458,-0.09661207,0.055648234,-0.09515689,-0.1556577,0.026669659,-0.11759381,-0.091006964,0.026382348,0.08567198,0.04732217,-0.0847323,-0.07408053,0.036810033,-0.020131491,0.12696724,0.05721594,-0.03536328,-0.02770139,-0.062342294,-0.08790074,0.07174003,0.037013657,-0.15836461
LUNG1-147,-0.037025586,0.05382187,-0.05995346,0.059744447,0.1424072,-0.06916247,0.0072222725,-0.1731292,0.030988738,0.1430914,0.09588615,-0.028015759,-0.17095676,0.0018989183,-0.113988414,0.036289793,-0.020613465,-0.07451686,0.07668802,-0.08584013,-0.098377585,0.05155108,0.103284255,0.0881054,0.05750661,0.046751752,-0.053616814,-0.12925595,-0.053595103,0.08891481,0.058233857,-0.12526445,0.07737079,0.114399716,0.011614498,-0.0466121,-0.017544564,0.0067337323,0.02407528,0.0063180244,-0.122075185,-0.004345186,-0.0015958995,0.08969833,-0.052743457,-0.09782093,0.0020179283,0.15354481,-0.1511704,0.11074496,0.03492614,-0.03141836,0.13633922,-0.13740489,-0.038118705,-0.031003013,0.18465215,-0.00084901974,-0.022059588,0.054964148,-0.0797546,-0.021415327,-0.010873822,-0.09239457,0.038471397,-0.0031917207,0.029115608,0.16506173,-0.093679324,0.17416072,-0.110395655,0.24067679,0.043067712,0.11687363,0.04063066,-0.052607432,0.018690811,-0.028591197,0.06925109,0.025466114,0.0057017654,0.14090523,0.004597202,0.016262397,0.10073331,-0.16695185,-0.072680704,-0.030812413,0.11287884,-0.18973118,0.11768346,0.020348147,0.08874867,-0.11667978,0.080598496,-0.09169037,-0.018508248,-0.07311637,0.013352467,0.08931033,0.0208082,-0.052272502,-0.06346133,0.07718091,0.111038506,-0.08528538,0.05405214,-0.06733477,-0.18447867,0.0705642,-0.114454105,-0.099491686,0.03586518,0.092199884,0.010649238,-0.09410921,-0.04160871,0.040519197,0.0071979687,0.11278896,0.039680447,0.037130542,-0.048588324,-0.08405959,-0.051257808,0.07088216,0.06908105,-0.100934446
LUNG1-148,-0.00845924,0.027299203,-0.024093535,0.00049450994,0.038713787,0.0027161054,0.011417016,-0.14884129,0.018765278,0.14524347,0.027040083,-0.0055293813,-0.13845074,0.021198396,-0.026707672,0.0381759,0.01112967,-0.009832643,0.006899923,-0.06860483,-0.08017187,0.11623945,0.097318575,-0.03054874,0.022748038,0.06858233,-0.09708372,0.012008328,-0.064095914,0.026049713,0.006404763,-0.06870661,0.049647447,0.12160069,-0.046901703,-0.0348645,-0.033099428,0.039246358,-0.0061733695,0.01975668,-0.088533774,-0.023774501,-0.03176844,-0.0030613095,-0.02833813,-0.018583313,-0.026796728,0.10642649,-0.06322228,0.057563737,0.050953176,0.048844706,0.09326517,-0.074252546,-0.017245831,-0.07824221,0.07684891,-0.039545245,-0.062480167,0.11792712,-0.07069095,0.026965752,-0.05862757,-0.09893329,0.03304653,0.07082002,0.01044672,0.09695992,-0.070278354,0.12184719,-0.08519446,0.14585151,0.017686103,0.0437825,0.049413644,-0.09545305,0.011181778,0.011132261,0.011829534,0.034210533,0.05089255,0.0440196,-0.08889922,0.108195886,0.06127734,-0.05074638,-0.11542606,-0.04366805,0.11710516,-0.14180684,0.12656607,-0.003447121,0.07838637,-0.14863373,0.025116796,-0.09418326,0.013082301,-0.025414208,0.00697631,0.08789092,-0.0017191432,-0.034448966,0.049569145,0.059664294,0.118366435,-0.007493699,0.04677266,-0.047272842,-0.03068515,0.095835246,-0.1373831,-0.088763736,0.043662205,0.10742915,0.012025097,-0.06312814,-0.10139039,0.052469343,0.02942327,0.09224437,0.06058557,-0.042067863,-0.072576,-0.05048392,-0.014762584,0.051400322,0.09964208,-0.1172588
LUNG1-149,0.3046709,0.12264743,-0.067300245,-0.36026222,0.50781983,-0.4882013,-0.2154328,-0.3394885,0.37004104,0.12501216,0.35661703,0.27490747,-0.483373,-0.17458606,-0.3941779,-0.21692935,0.054645777,-0.23751716,0.35985714,-0.04051344,-0.32996088,0.76400787,0.18739206,0.40170434,0.27737406,0.50038415,-0.1991136,-0.45186308,0.14443526,0.017633367,-0.30751505,0.028651632,0.15231249,0.07852473,-0.13536873,0.088934615,0.5277458,0.008522715,0.15473643,0.16403192,-0.51570326,-0.010616727,-0.2004691,0.31087235,0.38655338,-0.503109,-0.08482875,0.6723692,-0.19359729,-0.04379075,-0.053640775,-0.12861156,0.4009468,0.043033265,0.0813915,0.114244655,0.41662395,0.024770625,0.27081397,0.09184945,-0.20705986,-0.27206272,-0.20699923,0.14280897,0.29447293,0.1989196,0.22799176,0.292356,-0.13448542,0.51970464,-0.17908725,0.5206495,0.5654487,0.24099126,-0.050145216,-0.08203544,0.22017632,-0.035313215,0.19356951,0.052461267,-0.08364018,0.49245554,0.29644597,-0.04760141,0.5331631,-0.6961586,-0.28183573,-0.19977486,-0.08693703,-0.27039397,0.24900234,0.20322296,0.12130464,-0.21181992,0.103953324,-0.4587454,-0.3246532,0.26460898,0.009072503,0.27389455,-0.121572435,-0.38498178,-0.12737924,0.17582965,0.15660094,-0.07822061,0.045937,0.28159815,-0.40648142,0.15458935,-0.1399109,-0.10361107,0.38255307,0.8176377,0.16343087,-0.24842934,0.027488407,-0.14738265,0.31394303,0.015098259,0.11642786,-0.016503088,-0.3604744,0.06286073,0.21763048,-0.1629946,0.61112857,-0.09097249
LUNG1-150,0.08580244,0.037180554,-0.0666506,0.0022053495,0.14958787,-0.1303113,0.08649465,-0.17559129,0.07243137,0.19390765,0.15476882,-0.0054028556,-0.24794629,-0.024144128,-0.01623403,-0.1158891,-0.027110424,-0.07288983,0.105826564,-0.0057418346,-0.023186155,0.14863902,0.12724668,0.103856586,0.11231493,0.096667916,-0.039630283,-0.088516705,-0.050616316,0.124558985,-0.04640527,-0.051473312,0.10713637,0.032668587,0.028601378,-0.03404852,0.084583,0.07018076,-0.0313234,0.040697373,-0.14703031,-0.06075383,0.030621506,0.0070542786,0.023087088,-0.07486725,-0.04587641,0.23761517,-0.05838111,0.16213043,0.03573884,-0.018493682,0.081090555,-0.15516229,-0.06455955,0.07220958,0.13242756,0.001470238,0.01009405,0.06452303,0.0015497683,-0.040074572,-0.024349442,-0.051484052,0.138383,0.037812732,0.008169193,0.047962744,-0.12015264,0.12394532,-0.11176762,0.14750822,0.09537394,0.08556085,0.042085927,-0.08003199,0.064617634,-0.042840347,0.05853398,-0.08478192,0.06895149,0.13132358,0.05568634,0.12847684,0.13679713,-0.22232227,-0.023161817,-0.059718188,0.078408584,-0.1838857,0.089258894,0.08591061,0.073251806,-0.12712403,0.08511096,-0.036528677,-0.09379923,-0.077749014,0.09664531,0.052724622,-0.0020601111,-0.073442586,-0.030516565,0.16282243,0.13171801,-0.0009534098,0.075995944,-0.070709094,-0.24428166,0.086706705,-0.08519516,-0.07498097,0.09032702,0.22090656,-0.04637573,-0.098089434,-0.059599526,0.06993812,0.022298446,0.114831924,-0.028755553,0.07974991,-0.122313306,0.042379253,-0.0068385545,0.0062396936,0.0881035,-0.021734051
LUNG1-151,0.05396162,-0.015651025,-0.0029262379,0.0013068318,0.17790793,-0.12071954,0.024248268,-0.12769024,0.14687723,0.08266132,0.13208337,0.023695894,-0.120982125,-0.06988513,-0.155207,0.015027984,-0.0827925,-0.10074063,0.054842517,-0.1414627,0.023190439,0.08587013,0.08081749,0.086393856,0.12004696,0.16698056,-0.11037147,-0.046413615,-0.02078449,0.07722942,0.050672237,-0.087088585,0.059890598,0.07193685,0.061565697,-0.061603732,0.030902427,0.070649266,0.052510284,0.020807253,-0.091810435,-0.020905476,-0.034059644,0.03293806,0.020479452,-0.13511027,-0.03581048,0.20009819,-0.089380935,-0.010076478,0.07933426,0.08820681,0.09730272,-0.17003426,-0.026699325,-0.0019478127,0.106491275,0.016845085,0.02176496,0.09598628,-0.037675034,-0.07887018,-0.10931922,-0.1094504,-0.0015395246,-0.00866982,0.0656676,0.060054056,-0.08573981,0.12462737,-0.15848401,0.19250266,0.05294763,0.08900519,0.15194124,-0.04968029,0.03320641,-0.0156478,0.08531565,-0.01800456,-0.0037894957,0.12746656,-0.020357449,0.04655038,0.13242318,-0.162874,-0.01691246,-0.078529224,0.049045686,-0.20560871,0.09111318,0.12140881,0.106161594,0.009924166,0.03765645,-0.10247684,0.004712444,0.024649471,0.02853325,0.0006035045,-0.04943958,0.00031866133,-0.045299634,0.110519424,0.09998555,-0.058529273,0.11895214,-0.071961515,-0.09451983,0.14384876,0.034182355,-0.14053907,-0.03374958,0.09762267,0.07960461,-0.109484866,-0.013507741,-0.018824533,0.05645619,0.1821821,0.10770285,-0.052914254,-0.19323376,-0.08300562,-0.08584595,0.062148534,0.12441343,-0.0546525
LUNG1-152,0.05763839,-0.003439486,-0.10946244,0.019323941,0.086275056,-0.11518973,-0.11734184,-0.17708337,0.045212336,0.073964894,0.07106356,-0.044377826,-0.07394398,-0.043606184,-0.1640589,0.06808548,0.06100686,-0.11685696,0.06113269,-0.16355109,-0.18061551,-0.014632538,0.1177526,-0.06653412,0.05781667,0.06870333,-0.13915862,-0.030297823,-0.10021069,0.07278784,0.0010391986,-0.07065525,0.077727035,0.023525637,-0.036622856,-0.013571911,-0.08203721,0.009649404,0.036268096,0.03445659,-0.093165495,0.055615015,0.06535165,0.15262488,0.02038249,0.0046964027,0.0070892656,0.18441132,-0.15024105,0.05345039,0.01740767,0.021952456,0.10332255,-0.10145294,-0.02272018,-0.058528922,0.16312265,0.005986944,-0.0024178326,0.11804031,-0.13297364,-0.04601989,-0.105521366,-0.1414415,0.08107376,-0.07202584,0.016831473,0.26410136,-0.08651306,0.15643129,-0.11105761,0.28410205,0.057596732,0.15751813,0.1579305,0.0028784275,-0.025913212,-0.0021366403,0.05581381,0.13369577,0.047521967,0.16355522,-0.0007208958,-0.045767732,0.046727285,-0.13169126,-0.114230305,-0.071453586,0.09326358,-0.17000341,0.088166706,0.024314292,0.09978859,-0.076604575,-0.028392807,-0.16101918,0.0052347537,0.017858937,-0.028626885,0.033696722,-0.050717216,-0.12285073,0.034491472,0.056785665,0.00088798255,-0.08488742,-0.0028783008,-0.013856392,-0.12102682,0.04927539,-0.06883912,-0.0675241,-0.02272258,0.1256542,0.02110115,-0.102853686,0.01740263,0.018064372,0.04412613,0.079533435,0.05180845,-0.057559013,-0.08218159,-0.11669737,-0.056717232,-0.02972997,0.06174153,-0.15530387
LUNG1-153,0.078515574,0.05638732,-0.06482032,-0.05302623,0.061545633,-0.03840209,0.020520154,-0.15438315,0.020925984,0.01880594,0.019701237,-0.039334062,-0.09968427,-0.03248173,-0.08939679,0.024851836,0.06926112,-0.12414166,0.008536581,-0.100048,-0.08963537,0.01671059,0.12247417,0.014475235,0.052003257,0.07428048,-0.17901349,-0.0053676814,-0.024243366,0.075095505,0.03406641,-0.06690447,0.080369145,0.06964369,0.009256013,0.014498882,-0.13010493,0.02047756,0.10324942,0.018233107,-0.040295362,-0.00018300116,0.048854522,0.078211814,0.058776565,0.008660063,0.03065797,0.11408827,-0.08063396,0.023244832,-0.009949915,0.03758585,0.051234845,-0.08245583,0.018156737,-0.020366378,0.110875696,0.016672872,0.07935412,0.15178448,-0.088338286,-0.009769827,-0.17485249,-0.11389229,0.05355405,-0.05836311,0.06649401,0.21616098,-0.077047065,0.111998335,-0.19807628,0.16619584,0.060138207,0.099026754,0.1961348,-0.045325182,-0.020680606,-0.029983431,0.09270357,0.09046416,0.009369921,0.06834008,-0.016043201,-0.0520088,0.07459244,-0.088505164,-0.19141158,-0.07969041,0.1193455,-0.1381326,0.14244185,-0.0549976,0.0863039,-0.04004973,-0.024150003,-0.083692126,-0.00015731715,0.08810209,-0.0077534188,0.0534041,-0.018453766,-0.11518355,0.1404532,0.016881343,0.054335393,-0.039218735,0.020885538,-0.07113023,-0.11652483,0.05635584,-0.09645165,-0.042779732,-0.07936722,0.09794161,0.107508495,-0.19443919,0.022629078,0.08542641,0.056239147,0.11112644,0.031014673,-0.10464918,-0.08656502,-0.051674847,-0.034750316,-0.020218514,0.10033181,-0.09943825
LUNG1-154,0.04238662,0.12175355,-0.027648522,-0.008150533,0.1416068,-0.036210246,0.0477651,-0.1463814,0.024093581,0.0614051,0.03771026,0.023676693,-0.06569606,0.010999385,-0.030825634,-0.007905704,0.01917355,-0.075191654,0.018780097,-0.041692913,-0.052827723,0.066444255,0.12761772,0.04571394,0.066621535,0.057188634,-0.2064098,-0.006140016,-0.07540559,0.11550117,0.014912831,-0.07836173,0.08280529,0.15673071,-0.010845449,-0.05650589,0.0067552477,0.07904077,0.15590054,-0.00072624534,-0.040172167,-0.042196427,-0.008474164,0.06703093,-0.020987539,-0.035097912,-0.03863775,0.1560656,-0.042899594,0.07744214,0.017243363,0.049711324,0.059478633,-0.080720365,-0.06150008,0.0148001835,0.14453949,0.037734233,0.05482487,0.07487247,-0.03850921,-0.040026985,-0.11505297,-0.08368666,0.074453,-0.0002660025,0.10967319,0.12399157,-0.119189925,0.085774705,-0.17470689,0.14099187,0.061965924,0.049581703,0.20605302,-0.051737837,-0.027161196,0.014305839,0.09344659,0.025048316,-0.0015080832,0.029791668,-0.045127515,0.0448108,0.07354014,-0.07840734,-0.15470451,-0.115773514,0.1035089,-0.11686058,0.100810304,-0.07371235,0.04845277,-0.01846584,0.0040422175,-0.049833618,0.0753033,0.022862878,0.04535138,0.08571224,-0.05254456,-0.061037783,0.04305894,0.07941754,0.09242301,0.074311465,0.015688788,-0.12443207,-0.10338899,0.12632363,-0.110295154,-0.052407507,-0.009639472,0.09436536,0.06663936,-0.21768184,0.0485881,0.00025374442,0.077931695,0.18788382,0.09514449,-0.09350405,-0.05783403,0.053220764,-0.07083694,-0.02288466,0.093601964,-0.10926981
LUNG1-155,0.008145701,0.0041545667,-0.02011887,0.050206922,0.031753108,-0.019705836,-0.00339403,-0.21002916,0.010893717,0.13232504,0.04516858,0.030774184,-0.09486791,0.008486588,-0.02925397,0.01919904,-0.040701605,-0.04130853,0.039962742,-0.067697294,-0.050858624,0.07638095,0.13663098,-0.011945784,0.062899396,0.057741046,-0.07436851,0.019674607,-0.04901333,0.08205783,-0.0025008102,-0.11740947,0.04706914,0.100485004,-0.033137053,0.03787484,-0.051123433,0.038820427,0.025097575,0.03920666,-0.11824417,-0.0062024035,-0.011589199,0.025039703,-0.034115948,-0.084560625,-0.023695335,0.0618797,-0.01193659,0.06300065,0.092899986,0.035156913,0.07411197,-0.08225684,-0.0015291721,-0.022713631,0.07832851,-0.023298794,-0.03370904,0.092697605,-0.12386993,0.021388415,-0.059280194,-0.0910011,0.07699423,-0.01437591,-0.010006234,0.1251226,-0.031459752,0.10722728,-0.1332039,0.15696427,0.022249002,0.032376103,0.059762236,-0.09100683,-0.005812051,-0.0074429857,-0.017433474,0.009982336,0.01220851,0.03260696,-0.038135435,0.06425051,0.11928697,-0.032494735,-0.117976755,-0.034413517,0.1337192,-0.11123296,0.091726854,-0.025920179,0.03301665,-0.098457165,-0.013756122,-0.038636737,0.063645005,0.011837482,0.0041259397,0.06795031,0.031258024,-0.10328427,0.027971663,0.052013077,0.12638621,-0.02704891,0.079026796,-0.046055652,-0.054129746,0.09707214,-0.13698292,-0.11623932,0.0099377185,0.08118059,0.110128574,-0.12659574,-0.08430396,0.037018783,0.061456233,0.04129275,0.09279393,-0.01903776,-0.09638628,-0.036256697,-0.047256693,0.05240109,0.114289865,-0.06060667
LUNG1-156,0.12593442,0.05837203,-0.07156129,-0.04382685,0.14227141,-0.10753128,0.124354556,-0.20951328,0.09909714,0.20610666,0.16024986,-0.034093875,-0.28582507,-0.0292717,0.07833655,-0.17610064,-0.035247058,-0.017913759,0.091517776,0.025971077,-0.033996772,0.21169257,0.15080482,0.06770782,0.07881898,0.08010137,-0.031145914,-0.06476376,-0.04302244,0.11458757,-0.16336925,-0.08209883,0.11110242,0.065215066,0.040746458,0.008262794,0.042494368,0.0046490263,0.009801809,0.107374124,-0.21288626,-0.11195937,0.03300163,-0.0037241317,0.038179636,-0.047886252,-0.020558868,0.23380324,0.02121538,0.20723107,0.06365224,-0.07054476,0.046319224,-0.21128848,-0.021081075,0.107059136,0.12596706,-0.0039017089,-0.026425283,0.13087256,-0.0068649757,-0.010985237,0.035683326,-0.043842517,0.2057584,0.09215936,-0.009260848,0.010245368,-0.123044804,0.1909399,-0.033895224,0.11383782,0.07930435,0.07485095,-0.09491136,-0.09212107,-0.025465995,-0.05243627,0.11442141,-0.109881684,0.06090322,0.15721944,0.09623253,0.12438951,0.13568547,-0.288696,-0.09499253,-0.03864798,0.13155998,-0.23544927,0.12031913,0.105545014,-0.020504743,-0.14949119,0.11383864,0.01784691,-0.10269576,-0.103244066,0.120208405,0.04441178,0.0018958626,-0.078857034,0.037136506,0.17143846,0.1290055,0.03025715,0.08983379,-0.09173184,-0.24786039,0.1122888,-0.14569873,-0.049099464,0.079916894,0.23367012,-0.0057382453,-0.13098909,-0.11565225,0.13524412,0.007971264,0.100314066,-0.09407217,0.12127969,-0.11284339,0.1710953,0.09228296,0.0059321,0.11435642,-0.10370363
LUNG1-157,-0.05226613,0.17593473,-0.06686579,-0.04388731,0.19382879,-0.0014438666,-0.07488171,-0.2487343,-0.0004367754,0.20650354,0.04347062,-0.06195781,-0.22218539,-0.074385196,-0.124838516,0.050658412,-0.008982373,-0.06241431,0.10007504,-0.118383616,-0.04051629,0.09925043,0.2044841,0.039565515,0.01653105,0.030835677,-0.16428134,-0.24382374,0.021765769,0.14406627,-0.00629859,-0.08653976,0.2175776,0.2226176,-0.016129943,-0.17095044,-0.033110183,0.005473323,0.1199759,-0.047839142,-0.13512498,0.0006872453,0.003474079,0.122002594,0.033965494,-0.049775355,0.0037075775,0.1568535,-0.065601885,0.19541167,-0.1335577,-0.041787714,0.15928921,-0.09654541,-0.11030881,0.025442958,0.21570581,0.118769236,0.0609308,0.055743203,-0.12956344,0.05366832,-0.027148811,-0.101160094,0.057629175,0.056332096,0.062754266,0.19196105,-0.23684886,0.15750298,-0.05737502,0.26579398,0.07723668,0.116547,0.09299836,-0.11386874,-0.033684447,-0.045894433,0.14107186,0.08320181,-0.07585346,0.16040166,-0.024717614,0.0064109713,0.12966877,-0.27044952,-0.16146576,0.01645432,0.11416369,-0.32893986,0.120883964,-0.11971025,0.024694424,-0.11615123,-0.009828016,-0.036768045,0.052471124,-0.052298866,0.123170584,0.10143634,0.0735181,-0.08719888,-0.07612392,0.040915046,0.13273126,-0.12748933,-0.0020298585,-0.13193892,-0.19358839,0.11894491,-0.034187995,-0.0032417774,-0.04059726,0.13645002,-0.07055587,-0.091443,-0.06780006,0.11547017,-0.065541394,0.14662755,-0.08275701,0.040119007,0.018655501,-0.07370122,-0.04446335,0.01272513,0.058177613,-0.17616847
LUNG1-158,0.30062532,0.3507566,-0.21000206,-0.20988488,0.12513845,-0.15379265,-0.23092628,-0.32381964,-0.2405411,0.29289377,0.009597529,-0.064197354,-0.17199358,-0.04719019,-0.0966858,-0.11993822,0.07942661,-0.04946328,0.039126,-0.19423603,-0.39020452,0.21289635,0.27431172,0.046947353,-0.075652786,0.028184453,-0.46155563,-0.27211323,0.07884772,0.095515296,-0.28920463,-0.13227713,0.07383748,0.37932995,-0.18968566,-0.18804705,-0.32316133,-0.036859356,0.43441612,-0.11716127,-0.038183082,0.1298405,-0.082145005,0.0717348,0.23269394,-0.33067337,-0.09870317,-0.063051745,0.07029473,0.18572903,0.0056002513,-0.18733558,-0.02581115,0.06557499,-0.05784356,0.052780308,0.27122542,-0.03923838,0.28196606,0.012326367,-0.23342115,0.10326042,-0.3452753,-0.06867028,0.065245755,-0.0012325495,0.029989492,0.516288,-0.23380856,0.3047246,-0.123694085,0.23516855,0.37832823,-0.005780868,0.1615773,-0.0456562,-0.2551244,0.069187105,-0.04249952,0.20980999,-0.33765477,0.19681779,0.079569325,-0.056417592,0.24352202,-0.25048357,-0.3691697,-0.16444847,-0.055409826,-0.064633586,0.07369069,-0.22635257,-0.30715027,-0.10469783,-0.32499117,-0.010038073,0.41280484,-0.040447474,0.08708211,0.14233077,0.11075138,-0.31020892,0.25129285,-0.17073631,0.17279026,0.04464244,-0.1538474,-0.18733996,-0.007488303,0.038749214,-0.23033169,-0.11361283,-0.11521988,0.31854475,0.047549665,-0.53703475,-0.06415598,0.13422136,0.08894478,0.10838679,0.18603042,0.08288343,0.0869724,0.08895232,0.061649293,0.10305444,0.22618535,-0.09613959
LUNG1-159,-0.026778616,-0.055954494,-0.006271269,0.091603726,0.02893496,-0.040541053,-0.0041480884,-0.1328749,0.03842207,0.083270006,0.05527572,0.026915014,-0.14994386,0.037509345,-0.06446822,0.043633886,-0.035635702,0.016392771,0.019930515,-0.077531226,-0.056206465,0.07457034,0.10510002,0.033756763,0.07398179,0.040927943,-0.053082157,-0.034596138,-0.055909116,0.031520404,0.059425138,-0.124362424,0.060487825,0.060011253,-0.008773226,0.040297873,-0.017883796,0.05112042,-0.024240833,0.047243338,-0.043308467,-0.021000702,-0.0059788637,0.023297064,-0.049325503,-0.08415776,-0.031557027,0.1138989,-0.06715461,0.009729348,0.15854003,0.031020207,0.08067957,-0.028346831,-0.05195406,-0.046685062,0.06990216,-0.03761874,-0.053750943,0.088281736,-0.11564306,0.0047701187,-0.037092935,-0.11133692,0.04167462,0.005177403,0.0058301464,0.094638705,-0.039632455,0.11738061,-0.12849039,0.18529406,-0.0033945292,0.028071174,0.07466662,-0.08022842,0.056373365,0.031542893,0.03693721,0.0029568598,0.058466878,0.040563874,-0.08468439,0.09655718,0.07642603,-0.04514318,-0.06379584,-0.07751733,0.10083369,-0.19312012,0.14546975,-0.021269172,0.07597792,-0.08268271,0.048745867,-0.07353902,0.022349633,0.027550459,0.01200489,0.1097186,0.022420155,-0.07659906,0.024517668,0.05783908,0.13135655,-0.011744747,0.108992085,-0.023504555,-0.0461155,0.19638038,-0.12569275,-0.13831234,0.024388924,0.08612132,0.094601884,-0.054363202,-0.10530789,0.051304817,0.04009486,0.11208855,0.062488094,0.0019628853,-0.061932456,-0.09590238,-0.07777015,0.04432715,0.16192466,-0.054120757
LUNG1-160,0.074507,0.08198343,0.025943197,-0.026811726,0.2882221,-0.1460205,-0.00060354173,-0.13820693,0.121712625,0.122422814,0.10984607,0.062395453,-0.13109744,-0.05899614,-0.09019181,-0.038237374,-0.06375952,-0.076346226,0.0635201,-0.025875371,0.009434164,0.13632883,0.23287526,0.041218013,0.110085286,0.05812916,-0.20607463,-0.017364137,-0.16267161,0.22543763,0.01427998,-0.06772081,0.15579772,0.14215723,0.03145606,-0.09885416,0.06645949,0.099394746,0.12712798,0.056366924,-0.11329226,-0.043529913,-0.02455186,0.078413844,0.020712968,-0.13041888,-0.077467725,0.25318497,0.01233004,0.14419937,0.039962854,0.09005539,0.07906407,-0.11887031,-0.07390606,0.099322364,0.1411579,0.10091985,0.10086621,0.030422851,-0.00092867017,-0.070045836,-0.07306776,-0.046473682,0.088558465,0.02743192,0.18176988,0.067403086,-0.23767275,0.08145112,-0.19781356,0.13412893,0.060291324,0.08201956,0.24411389,-0.074151844,0.00084840413,-0.007807089,0.17511845,-0.07187452,-0.031853817,0.14106546,0.0050909966,0.12262353,0.08475123,-0.2043804,-0.087438695,-0.14317948,0.0237372,-0.21720217,0.13830745,-0.0036050081,0.062100615,0.11098303,-0.008104581,-0.07026266,0.057585694,-0.016800335,0.117136255,0.05668226,-0.04791749,-0.06811759,-0.09092765,0.14952195,0.08012284,0.053632684,0.0681959,-0.1048623,-0.105576396,0.26219213,0.026015192,-0.07721613,0.0018610656,0.079680264,0.0504376,-0.1979467,0.028137352,-0.054340817,0.054607287,0.25071287,0.106809646,-0.035378747,-0.12808174,0.06470458,-0.13292122,-0.054320015,0.059428424,-0.036042854
LUNG1-161,-0.07499881,0.081288636,0.0019628499,-0.06953911,0.30590945,-0.007161461,-0.022411712,-0.32292616,0.0027757175,0.23449594,0.11399667,-0.033344854,-0.31743425,-0.1338537,-0.11453463,0.05478949,-0.033464573,-0.08222069,0.18249863,-0.108856425,0.0037884898,0.11471571,0.2920907,0.059121355,0.022056941,0.08252057,-0.12445745,-0.37186918,-0.0017312616,0.21915469,-0.06874571,-0.12279509,0.28438574,0.2763367,0.03942979,-0.31783384,0.05303323,0.09264216,0.1718041,0.016905898,-0.20349179,-0.033533588,-0.06873116,0.18758622,0.114197515,-0.09064924,-0.15179344,0.22067568,-0.024946868,0.30599162,-0.21157938,-0.053859904,0.19716468,-0.035767097,-0.1436106,0.07480179,0.2723926,0.1610218,0.0708563,-0.045348816,-0.048939902,-0.039211236,-0.028945114,-0.07955471,0.12945251,0.046880126,0.11609038,0.14785714,-0.35951427,0.15558383,-0.105082095,0.22525892,0.054873604,0.056877382,0.06493267,-0.08180755,-0.016651748,-0.09882674,0.21553603,0.03579562,-0.06510867,0.29148173,0.050063208,0.08770498,0.22256374,-0.38843858,-0.19115421,0.009490252,0.21884409,-0.5019119,0.022378266,-0.13877037,0.0056283027,-0.12993048,0.0063283537,0.11824375,0.053394683,-0.07956934,0.28829265,0.09777903,0.07560006,-0.06263765,-0.16509786,0.0365772,0.22175229,-0.13863055,-0.02974625,-0.11121142,-0.23347355,0.19810194,0.06927871,0.048344076,0.023384897,0.22589031,0.011404839,-0.10040583,-0.080684274,0.27809292,-0.19379532,0.2525162,-0.20695525,0.12204486,-0.102945775,-0.054913253,-0.07973465,-0.043847874,0.07912694,-0.15713006
LUNG1-162,0.078580804,-0.042029925,-0.08379984,-0.0069671944,0.16833715,-0.18333906,0.029502947,-0.12822971,0.14712824,0.12216352,0.18887034,-0.015108094,-0.27204674,-0.026068605,-0.13638225,-0.10207913,-0.047722284,-0.09119174,0.13253132,-0.0051463842,-0.049232826,0.21601123,0.11448791,0.1185623,0.10738331,0.18001309,-0.0047316514,-0.119042,-0.05455094,0.12165207,0.011867279,-0.10043368,0.053858448,0.051909775,0.048702158,-0.029797003,0.05980703,0.057297956,-0.009073792,0.09743035,-0.20031671,-0.047722545,0.015326947,0.095926024,0.016425285,-0.17080781,-0.0066849366,0.23899877,-0.06990422,0.07130678,0.112114966,-0.013065111,0.14435111,-0.19876269,0.011656862,0.04337156,0.17406279,0.0098847225,-0.003205847,0.038897477,-0.0143783055,-0.15002248,-0.034693517,-0.05212332,0.064990655,0.004082227,0.015604369,0.06217303,-0.06654893,0.17557466,-0.1294736,0.17252299,0.12251799,0.10987367,0.037859276,-0.04092486,0.09401951,-0.030165639,0.09268065,-0.11965126,0.030907158,0.21168037,0.03594985,0.06649429,0.1334615,-0.24687959,-0.028015539,-0.04376217,0.086711034,-0.28374606,0.12911208,0.14323702,0.061574396,-0.09479822,0.12513989,-0.081171446,-0.10311963,-0.021045957,0.044127695,0.111066595,0.017715782,-0.08739257,-0.07328668,0.13047573,0.14590009,-0.06461002,0.13556677,-0.016146448,-0.2285142,0.098777734,-0.042932406,-0.07161482,0.08741197,0.20249406,0.06491399,-0.09299826,-0.051549904,0.013284199,0.014161313,0.114969,-0.013325542,0.06271961,-0.14990675,-0.026801787,-0.043751165,-0.0013328046,0.19573343,-0.01036974
LUNG1-163,-0.044407595,-0.005552385,-0.038960658,0.025756862,0.07475139,-0.056252558,0.016160455,-0.113944635,0.02621573,0.12959512,0.079578556,0.020341001,-0.18528536,-0.058577843,-0.09273323,-0.017790008,-0.040118843,-0.01966554,0.04531442,-0.060929324,-0.061477646,0.09372492,0.020267941,0.06434364,0.040368535,0.035290178,0.0335148,-0.104748346,-0.007508956,0.096268624,0.06436316,-0.13092199,0.12683645,0.040438585,0.019572176,-0.0046387315,-0.01863952,-0.038534284,0.04438343,0.0018125698,-0.1139753,-0.066089965,-0.057534415,-0.07614784,-0.05070869,-0.06451167,-0.049668342,0.18992707,-0.11074515,0.113973364,0.09918676,0.03446824,0.10479936,-0.17715733,-0.0044367444,-0.04624459,0.13694704,-0.05977969,0.027714599,0.10159847,-0.09611113,-0.0040673465,0.02557477,-0.10464969,0.02737974,-0.014763121,-0.04826103,0.08205214,-0.07745294,0.13719293,-0.08716313,0.20233274,0.055584077,0.030314485,-0.033591732,-0.07398675,0.05111981,0.033866867,0.10147385,-0.009585179,0.039176375,0.17500822,-0.026667364,0.052432157,0.11699731,-0.16639058,-0.0636939,-0.017002879,0.047850035,-0.24890654,0.114971966,0.1216797,0.105175376,-0.08369433,0.063003376,-0.13119659,0.082842,0.00553542,0.08044258,0.11219325,0.079729974,-0.11370692,-0.06399741,0.06004882,0.109654814,-0.03131479,0.120223776,-0.011450287,-0.18340617,0.1649079,-0.11151084,-0.108930245,-0.0013044178,0.13600698,0.067688584,-0.07334361,-0.09917468,0.09176637,0.014013239,0.034153916,0.0038496964,0.0323473,-0.08987166,-0.098252565,-0.05376,0.005047545,0.10376086,-0.032614507
LUNG1-164,0.025891263,0.06641389,-0.045375474,0.045086525,0.077046186,-0.06603726,0.075462215,-0.19228236,-0.008423792,0.23935103,0.10397022,0.045242466,-0.13798907,-0.02882903,0.025854938,-0.07233641,-0.030737827,-0.015464786,0.017701231,-0.04743228,0.012936704,0.10750119,0.16408592,0.09129537,0.1396639,0.020928994,-0.034483343,-0.07847383,-0.0271166,0.14131348,-0.0010239119,-0.06671962,0.104539774,0.0850897,-0.036918506,7.401779e-05,0.05062032,0.06595603,-0.013919171,-0.0054864604,-0.17209953,-0.05503428,0.022737347,-0.03233898,-0.04917875,-0.06818317,0.0043879654,0.153935,-0.028246995,0.204674,0.008027837,0.0031409413,0.07879633,-0.1303767,-0.0724492,0.094985634,0.033329345,0.0042500496,0.06168202,0.09163805,-0.08786232,0.054584313,-0.104201116,-0.12352072,0.123379156,-0.019202072,-0.025717258,0.06761458,-0.11398492,0.11983123,-0.14437754,0.12448013,0.048883956,0.025107732,0.054784745,-0.16962382,0.07392071,0.00038850168,0.017376797,0.036234744,0.02220606,0.075880505,0.019627884,0.17580977,0.15661952,-0.17594087,-0.059195496,-0.040275898,0.0725623,-0.14233343,0.043972325,-0.052910287,0.053351775,-0.11066758,-0.04677085,-0.008867786,-0.003696465,-0.047672626,0.17293108,0.086633734,0.04388032,-0.11188007,0.009749308,0.105236135,0.1388505,0.018106978,0.042305693,-0.0710471,-0.17077914,0.08923014,-0.14162943,-0.086588174,-0.022350222,0.1988805,-0.029960502,-0.1979209,-0.116316915,0.10157915,0.019094842,0.045879494,-0.036415413,0.056817234,-0.14003892,-0.019233929,-0.028810345,0.046089448,0.044882685,-0.012716271
LUNG1-165,0.05111,0.06395696,-0.02422762,0.02296435,0.23522803,-0.10207321,0.032205388,-0.12360437,0.1350788,0.14844605,0.13565528,0.023143,-0.18251887,-0.08996443,-0.042806976,-0.076219305,-0.027693577,-0.0983824,0.08713418,-0.041004796,0.01734373,0.147141,0.12368619,0.0924213,0.14401466,0.11119018,-0.113344476,-0.04528781,-0.09288612,0.14156133,0.012276823,-0.08020009,0.10660122,0.10199426,0.024787262,-0.085525416,0.07948041,0.0882501,0.06663569,0.0076874746,-0.07472448,-0.054570444,-0.031772956,0.08953155,-0.0007060878,-0.07152888,-0.025879495,0.26386783,-0.084458366,0.076521546,0.056043293,0.0547365,0.04374406,-0.16041577,-0.08275542,0.07011609,0.10602126,0.059181757,0.064579055,0.048763722,-0.0201266,-0.11184659,-0.114484996,-0.0721106,0.09437291,-0.029641256,0.09094219,0.09775944,-0.16529872,0.07394883,-0.15410867,0.17875987,0.0341749,0.070650965,0.20028296,-0.064254194,0.012513066,-0.045796968,0.19182691,-0.02207101,-0.0010575987,0.1087069,-0.028706647,0.094947144,0.11476243,-0.16457666,-0.027249493,-0.07707654,0.06217783,-0.14161326,0.04426173,0.011010496,0.08223837,0.017571598,0.024370898,-0.051134333,-0.008280475,0.013500344,0.07921758,0.011985406,-0.09707751,-0.024916232,-0.071538694,0.14684871,0.0860299,0.01923158,0.063432336,-0.117801584,-0.14243478,0.19591182,0.00038708,-0.06301797,-0.034661658,0.12744662,0.0444741,-0.16125771,0.04242195,-0.017535403,0.05897627,0.22145605,0.07319228,-0.05867189,-0.14513648,0.019253239,-0.07710919,-0.032367095,0.10541116,-0.066611536
LUNG1-166,0.00019166805,-0.049991734,-0.022031102,0.04924345,0.14425823,-0.0929164,-0.032509558,-0.19156341,0.13145064,0.19222847,0.1053778,0.123894155,-0.24539685,-0.06012138,-0.05722729,0.03393936,-0.081842735,0.015159127,0.052232817,-0.15641013,0.014542658,0.14731483,0.17013362,0.096540965,0.08408123,0.05040212,-0.052905075,-0.1396808,-0.020532154,0.05485486,0.046035815,-0.10016407,0.1353299,0.0451985,-0.0035531893,0.015394099,0.13588831,0.046412304,-0.0176462,0.018719615,-0.06630195,0.045264214,-0.031783555,0.023237258,-0.017169997,-0.15872608,-0.047378294,0.22108132,-0.01738973,-0.015834346,0.17289045,-0.0110090375,0.13275874,0.009317882,-0.08971912,0.029109992,0.10616344,-0.02359588,0.022955429,0.12136805,-0.20368347,-0.009654488,-0.08529906,-0.11292358,0.07092129,0.0077155884,0.009035688,0.09381735,-0.08450139,0.15876332,-0.21853922,0.25188643,0.04915903,-0.023771662,0.18129237,-0.11654152,0.056301404,0.04021481,0.059115864,-0.0009822622,0.081085905,0.06564228,-0.058496334,0.21629861,0.15092266,-0.16029559,-0.009360824,-0.10951272,0.03916872,-0.24037158,0.14309643,-0.03258993,0.061790083,-0.04739675,-0.007470701,-0.11892823,0.020535469,0.051825322,0.06857063,0.08538719,0.019711465,-0.12783447,-0.06394737,0.090703696,0.10006971,0.00044138916,0.1679765,-0.0040237457,-0.087494135,0.30660662,-0.09511133,-0.15118816,-0.005753476,0.17065364,0.09091083,-0.0971085,-0.17435096,-0.0023280606,0.102828026,0.112264,0.10227596,0.046407625,-0.11061847,-0.099489346,-0.052368894,-0.0007097423,0.21648401,0.008510657
LUNG1-167,-0.01001259,-0.04747293,-0.0142404325,0.09990461,0.08694028,-0.059175104,0.0027925596,-0.1709294,0.05281763,0.13803838,0.09555106,0.08731751,-0.1345855,-0.00250886,-0.077868,0.06684001,-0.09132936,-0.016663745,0.06554942,-0.13238804,0.01739214,0.053331316,0.16844413,0.049246132,0.060055226,0.07642906,-0.07160261,-0.02855175,-0.040491533,0.1104603,0.030431341,-0.13736197,0.08482617,0.07664833,0.017282669,0.04171084,0.05276442,0.04052801,0.03460891,0.04493346,-0.09931218,0.01741761,0.0076707974,0.020411614,-0.03657184,-0.15025137,-0.039235834,0.11305946,0.026246473,0.006910756,0.13839132,0.008175559,0.0917263,-0.06716606,-0.09916954,0.020254053,0.08359386,0.028901584,0.01100241,0.07019738,-0.15180248,0.046305973,-0.07587539,-0.12717168,0.031236365,-0.016529579,0.030470805,0.045026932,-0.06983124,0.110262685,-0.15508634,0.17564493,0.049804445,0.040496778,0.14427093,-0.0991849,0.010847423,0.021077866,0.025627771,0.0010227002,0.054844618,0.04578561,-0.032466535,0.1618447,0.099615745,-0.10670462,-0.040803317,-0.072320804,0.069468826,-0.2725488,0.09420095,0.013336588,0.07849531,0.031990223,-0.013400834,-0.079702355,0.07589536,0.022837404,0.07671114,0.07051802,0.05903008,-0.1336494,-0.07023018,0.083752304,0.13327844,-0.05809494,0.15398756,-0.048293266,-0.057444267,0.22037491,-0.019754708,-0.12201318,-0.022406973,0.048690036,0.10566988,-0.08901104,-0.09095056,0.028287198,0.07939264,0.16102599,0.086684145,0.058570594,-0.14762874,-0.111611396,-0.084307455,0.05558858,0.15056616,-0.0130267665
LUNG1-168,-0.020349164,-0.037786067,-0.009532945,0.063789785,0.033729967,-0.076249614,0.024160817,-0.16328216,0.044221506,0.15893179,0.04402267,0.031943962,-0.18100415,0.021230469,0.0072980747,-0.026179858,-0.06818475,0.01856792,0.015126061,-0.03553997,-0.020932399,0.12034468,0.13475177,0.06996602,0.097194165,0.007352911,-0.029160157,-0.03731527,-0.03400355,0.06594227,0.055059835,-0.15081388,0.08753131,0.06449172,0.010514874,0.020308835,0.04038574,0.068616405,-0.027294775,0.044252634,-0.15021977,-0.04108642,-0.0023493022,0.006677771,-0.06846076,-0.10948021,-0.0063528046,0.13978823,-0.06436707,0.12742017,0.121256456,0.029104153,0.120257266,-0.11002506,-0.03533549,0.018867828,0.05714702,-0.036360737,-0.025837185,0.09285744,-0.11518834,-0.00064500794,-0.009196661,-0.107934125,0.080032185,-0.028173808,-0.007211875,0.071396634,-0.052582927,0.12050355,-0.11695388,0.15335216,-0.005127128,0.03652294,0.07042978,-0.12748286,0.03939777,-0.007748304,0.013094905,-0.0041692555,0.03141062,0.06659591,-0.050908428,0.118616804,0.096033596,-0.09882879,-0.05319375,-0.039169624,0.10620636,-0.17325644,0.10287115,-0.050764974,0.06864634,-0.10998134,0.0031676702,-0.026865413,0.016353425,-0.0033688564,0.06514317,0.12681006,0.018848019,-0.102431774,0.026339762,0.07505509,0.15636593,-0.045541644,0.08321568,-0.044756025,-0.07856883,0.15217417,-0.15681028,-0.10303663,0.025681594,0.107508704,0.036358617,-0.11923534,-0.12703837,0.04424397,0.045335546,0.023091163,0.025227308,0.037727326,-0.1270382,-0.031271785,-0.07212468,0.05037737,0.14799082,-0.021395542
LUNG1-169,0.028189521,-0.005095426,-0.022089444,0.018676389,0.08945736,-0.13238227,0.037962068,-0.12951261,0.07781012,0.093895316,0.12986097,0.007897906,-0.14415139,0.02094258,-0.1255585,-0.035459016,-0.053675815,-0.05390288,0.055970684,-0.04636404,-0.058964454,0.09145856,0.10226172,0.053513676,0.1021355,0.075021796,-0.08937201,-0.04832925,-0.038440663,0.09727616,0.036076408,-0.092768274,0.048487887,0.09401596,0.035079986,0.019589655,-0.030311227,0.065335974,0.019028414,0.06328806,-0.13041708,-0.0019045882,0.009059697,0.055767827,0.0022211187,-0.0878054,-0.03349061,0.13102397,-0.039678145,0.07436871,0.10422504,0.029073093,0.13373858,-0.13771117,-0.04169123,-0.014801759,0.16064423,-0.018638551,-0.015895698,0.07203337,-0.03395139,-0.004474435,-0.02854165,-0.08554937,0.04684459,0.0038784146,0.040822413,0.058447585,-0.11412963,0.12520608,-0.0961051,0.17341644,0.03509194,0.09600757,0.059723787,-0.051764477,0.03991598,-0.0036472743,0.034144066,-0.05073568,0.023464784,0.12267239,0.00719212,0.061654117,0.117603146,-0.122820616,-0.04072854,-0.06479223,0.09263551,-0.19155325,0.11770288,0.08303494,0.018550199,-0.10207014,0.064225376,-0.058999237,-0.02158732,-0.058545012,0.024537819,0.091109686,-0.012174267,-0.066476256,-0.030058227,0.100074,0.113500364,-0.01333851,0.055511497,-0.060274273,-0.1534222,0.08006957,-0.042972412,-0.12106504,0.06615151,0.07008645,0.03253051,-0.07428145,-0.075843535,0.042187355,0.029859489,0.111525916,0.036514968,0.018521547,-0.09191419,-0.04605262,-0.05535462,0.049851395,0.094330564,-0.038031757
LUNG1-170,0.113755666,0.11951587,0.0361914,-0.15638414,0.28411856,-0.19589269,-0.026029862,-0.3479678,0.12025921,0.3412196,0.29952335,-0.041217823,-0.43972147,-0.1086322,0.04923913,-0.16900072,-0.1636379,-0.07799905,0.14503673,0.079737306,0.053058643,0.37151736,0.36888316,0.12368519,0.21939614,0.20107839,-0.163889,-0.27376992,-0.042916335,0.17972505,-0.13588394,-0.01820296,0.21142307,0.13507015,0.020699807,-0.27909324,0.2226433,0.07480055,-0.043833457,0.20135427,-0.2741331,-0.09891732,0.0123839155,-0.020026822,0.13544324,-0.2514584,-0.04487126,0.37085143,0.03541611,0.33911523,-0.033938818,-0.1262182,0.15875316,-0.1833153,-0.025796311,0.20564131,0.19890544,0.07615308,0.12810516,0.13383305,-0.026485598,-0.11817639,-0.016587622,0.008321941,0.25699902,0.09871643,0.11653924,0.036507376,-0.23554704,0.23030764,-0.17867655,0.10639572,0.13615893,0.11646782,0.06672479,-0.22696427,-0.005593283,-0.11713311,0.18187666,-0.09520909,-0.12954995,0.29572105,0.13000154,0.10826856,0.2769596,-0.44507116,-0.10097404,0.019064307,0.1712051,-0.30181903,0.20872411,0.0077287834,0.05944951,-0.11568655,-0.09993197,-0.040875852,-0.2275095,-0.047160752,0.22861636,0.14552209,-0.034743965,-0.118264124,-0.106231235,0.15687847,0.23227221,-0.08354802,0.05221474,-0.09733783,-0.2858299,0.22146168,-0.0085924715,-0.05630871,0.15705712,0.3491608,-0.11934554,-0.20649876,-0.12609252,-0.00473205,-0.071288854,0.23495081,-0.04158567,0.16056061,-0.12293995,0.10605907,-0.019179396,-0.10276296,0.2665304,-0.027170144
LUNG1-171,0.018699445,0.014078384,-0.0060190856,-0.019246943,0.03325902,-0.017012548,0.05198592,-0.120285764,0.040764403,0.16394243,0.061652645,0.028803043,-0.1981947,-0.06447558,-0.01723868,-0.018783983,0.0020070886,0.018536579,0.022592638,-0.00833844,-0.05880542,0.15273643,0.06676554,-0.024581838,0.010591991,0.057103503,-0.024982354,-0.022247963,-0.04079368,0.03828458,0.00974624,-0.07151748,0.08323563,0.06253149,-0.031184752,0.02381825,0.006598223,0.027460847,0.0035683997,0.043429524,-0.110595435,-0.05045434,-0.038074154,-0.039516896,-0.03426691,-0.043980528,-0.051292256,0.15492971,-0.02894406,0.084138565,0.10953055,0.059289247,0.08048387,-0.1263499,-0.034434605,-0.014642715,0.0803199,-0.024811432,-0.03067499,0.09720776,-0.07018384,0.05120444,-0.019438038,-0.12558687,0.083668806,0.045455325,-0.005441226,0.091016114,-0.09305012,0.15464884,-0.088912904,0.15231824,0.027028415,0.04232056,0.0082057975,-0.089108594,0.03734368,0.017281046,0.0752182,-0.0030512922,0.04485854,0.11075235,-0.04442894,0.15028441,0.09045474,-0.11083312,-0.11036359,-0.03942645,0.09027257,-0.20520818,0.122777894,0.014651811,0.06095969,-0.1022006,0.026988907,-0.10178427,0.012327202,-0.04271008,0.072539836,0.088967614,0.0009824384,-0.06878021,0.0009807572,0.107386865,0.10975403,0.02945492,0.0848387,-0.021072749,-0.123208776,0.143376,-0.14652081,-0.07370433,0.044695716,0.12400073,0.045909993,-0.03604099,-0.12158552,0.07679192,0.014930133,0.051033635,0.029686674,0.0183556,-0.061922543,-0.027178848,0.0060531124,0.0017400682,0.11494676,-0.019992523
LUNG1-172,0.054501906,-0.10653522,-0.024410198,0.076337345,0.2708826,-0.20446002,0.06982317,-0.14153512,0.16761893,0.11830543,0.19049597,0.054761976,-0.27533966,-0.14092013,-0.16893406,0.023908451,-0.07095707,-0.1914832,0.07205981,-0.12019143,-0.03312061,0.18999597,0.18356422,0.14623666,0.1505908,0.20308018,-0.0020733327,-0.15033045,-0.07286912,0.053619243,0.10188059,-0.112731166,0.06387736,0.0514895,0.07678674,-0.02602616,0.054989878,0.058910318,-0.028408257,0.036110505,-0.107741445,0.039693296,0.030229308,0.18763718,0.04877705,-0.24948502,-0.04100173,0.28887093,-0.11582339,-0.089951254,0.08680296,0.0018369146,0.12471633,-0.13699186,-0.011619601,0.051506184,0.14922231,0.017929643,0.04686101,-0.0097261965,-0.083752945,-0.19769898,-0.18258435,-0.07538659,0.01788453,-0.040205956,0.033867493,0.1382404,-0.06983225,0.14222957,-0.20410994,0.33149365,0.109364584,0.11210572,0.15565857,-0.05837651,0.13999876,-0.05244276,0.13242292,-0.014163485,0.05871263,0.15730642,-0.031322856,0.026748419,0.10822037,-0.2416964,0.0011434853,-0.11764488,0.10516724,-0.28230813,0.12170953,0.09758935,0.13305694,-0.030639794,0.10734736,-0.14853281,-0.104595594,0.005965501,0.0047954936,0.10608627,0.005585022,-0.015940212,-0.11143976,0.11892395,0.12084404,-0.07506281,0.15148053,-0.049168177,-0.16722181,0.14966361,0.0041041896,-0.14403942,-0.0045191273,0.16036782,0.1507425,-0.07525557,-0.057305917,-0.037735306,0.03987154,0.21090314,0.10701656,-0.012533821,-0.19060317,-0.16820307,-0.10702645,0.005253382,0.177638,-0.009865589
LUNG1-173,0.12866378,0.06577046,-0.07488957,0.0010174811,0.19617637,-0.14253533,0.04684923,-0.19011116,0.07653497,0.20352897,0.10195529,-0.033680968,-0.1866762,-0.015906654,0.01031445,-0.0877132,-0.029887518,-0.08987045,0.07757095,0.020713247,-0.026841316,0.21539307,0.18054172,0.1298113,0.16089123,0.092333525,-0.065820105,-0.035416298,-0.08485749,0.1579569,-0.033039335,-0.054207288,0.10036876,0.07394707,0.012721818,0.021789653,0.052199777,0.07190572,0.007632766,0.05638123,-0.2175687,-0.046459828,0.050823145,0.08428127,-0.005284965,-0.1029866,0.017412947,0.16853896,-0.06867579,0.16131796,-0.0051832646,0.00027427822,0.025268454,-0.13351202,-0.015410838,0.09665592,0.07674645,0.024721324,0.03468668,0.06538761,-0.043766815,-0.03916379,-0.07936404,-0.041170526,0.15221897,-0.04492896,0.043116223,0.12203237,-0.074596375,0.08633533,-0.14736961,0.12768787,0.075273946,0.08089165,0.08456888,-0.13592711,0.044562247,-0.087175325,0.08783865,-0.0045449845,0.0058811195,0.105717376,0.051183358,0.07034494,0.1564866,-0.17364974,-0.12831387,0.009535208,0.09677029,-0.11845312,0.068560705,-0.030952053,0.08161774,-0.07122441,0.008504236,-0.018819787,-0.078482255,-0.034553517,0.1300588,0.08403903,0.015963402,-0.17066418,-0.004690796,0.10510312,0.119284645,-0.0433873,0.03214148,-0.052849494,-0.22063509,0.04857919,-0.038247168,-0.036038846,0.029479386,0.2353468,0.023204269,-0.2047155,-0.035228517,0.028356466,0.032991286,0.06023361,-0.02516523,0.05258833,-0.15305892,0.03658787,-0.018429853,0.008171521,0.12254128,-0.009710021
LUNG1-174,-0.024587793,-0.07065138,-0.014207285,0.057651542,0.09364228,-0.07143707,0.00320068,-0.17510122,0.05052502,0.13332835,0.082433105,0.08430332,-0.16732702,-0.013204277,-0.1293833,0.10023211,-0.11292066,-0.0020446982,0.042001545,-0.084179334,-0.033477347,0.10002746,0.1769999,0.032503843,0.06573734,0.08579956,-0.08575811,-0.024627082,-0.062622875,0.063347176,0.055635273,-0.13897395,0.07702706,0.06797149,-0.0019220747,0.024628129,0.05446178,0.031744298,-0.005383095,0.058368605,-0.10462597,0.021253347,0.01783152,0.043188512,-0.030974936,-0.1407358,-0.052725516,0.15237466,-0.03137043,0.020534694,0.13539334,0.01450189,0.13661343,-0.07435413,-0.0800529,0.0051038787,0.10547598,0.02198577,-0.04078573,0.028560571,-0.11938957,0.019383078,-0.04157643,-0.11606893,0.046045948,0.018464757,0.0730728,0.0840721,-0.072749935,0.14120482,-0.16842863,0.18430597,0.036307905,0.098179445,0.1478121,-0.092297986,0.024082165,0.020392299,0.0485163,-0.0065157525,0.036199667,0.07500754,-0.041945092,0.12876725,0.081786685,-0.11899853,-0.04481893,-0.07079238,0.071541235,-0.30307806,0.15405405,0.008864231,0.08766812,0.017887115,-0.0021675304,-0.09822328,0.020980302,0.004201118,0.07444966,0.0633898,0.031880703,-0.07953134,-0.07120154,0.10252676,0.15274796,-0.07179758,0.14395358,-0.024780426,-0.04582768,0.20865074,-0.062542155,-0.10788837,0.06442688,0.008819308,0.06707992,-0.054482423,-0.09087505,0.0006306246,0.04956144,0.15334906,0.0762848,0.06059079,-0.12462807,-0.08696013,-0.11337045,0.055768665,0.11991969,-0.018152837
LUNG1-175,0.081989534,-0.030187227,-0.063603036,0.015547615,0.21364973,-0.18682846,0.07035582,-0.1758754,0.11815638,0.1396625,0.14460225,0.015516393,-0.27383596,-0.020420462,-0.07922882,-0.06721732,-0.021020357,-0.075763084,0.13005576,-0.0006216839,-0.0702963,0.18741268,0.12506872,0.12593094,0.12038581,0.14599895,0.0093289465,-0.11001859,-0.102111116,0.10327312,-0.023188211,-0.117278896,0.08554303,0.013509978,0.038654037,-0.019332357,0.074646756,0.048545543,-0.023780439,0.07778842,-0.17321244,-0.07248688,0.025699474,0.12248004,0.011365779,-0.15561599,-0.0020587873,0.27562717,-0.12793504,0.063482866,0.05683519,-0.021882735,0.104149185,-0.14333695,0.014015548,0.045020513,0.15156281,0.028513908,-0.020947782,0.018566877,-0.010449958,-0.14843807,-0.04481783,-0.0398794,0.08243907,-0.028384838,0.03499847,0.10459407,-0.065907374,0.1339016,-0.14953431,0.1932118,0.12179874,0.10819772,0.052954488,-0.033467636,0.07820333,-0.04514852,0.09213116,-0.07549392,0.07400925,0.15188856,0.025655888,0.034778014,0.110697635,-0.22791816,-0.041037276,-0.04111991,0.0997787,-0.22482145,0.10187191,0.100763865,0.12703533,-0.09603353,0.12345039,-0.07569891,-0.12861916,-0.02627664,0.052885354,0.114832684,0.018887877,-0.072077096,-0.06240935,0.15065119,0.14951405,-0.07851907,0.12269074,-0.0074137747,-0.23538595,0.072532475,-0.072484344,-0.041505203,0.121460445,0.22533858,0.06925726,-0.07705033,-0.027381357,0.022639565,-0.018879611,0.12158316,-0.00043672696,0.031901836,-0.1396167,-0.01687004,-0.055750675,0.015062101,0.16432172,-0.0628425
LUNG1-176,0.09448403,0.031196497,-0.074269794,-0.028586015,0.108471036,-0.07417256,0.13360319,-0.20402072,0.0771111,0.18903185,0.1368785,-0.026485424,-0.23494977,-0.0073600337,0.023990594,-0.1392754,-0.03126914,-0.022979755,0.088130794,-0.0077635907,-0.068766825,0.17000061,0.121850766,0.10326052,0.07909301,0.077476256,-0.041238684,-0.036334008,-0.050661292,0.097028844,-0.12937929,-0.07736237,0.12567842,0.03158328,0.027777374,0.017721824,0.030945767,0.008229228,-0.024163742,0.06369218,-0.18800798,-0.11035255,0.018751226,0.014547672,0.035047397,-0.030065687,-0.034540627,0.24284533,-0.059843644,0.13711278,0.025888491,-0.047443435,0.04930046,-0.14796129,-0.02269271,0.081132516,0.108864434,0.015699267,-0.0043789335,0.09311209,-0.0079466365,0.03683833,0.009309716,-0.040918358,0.18714365,0.08897933,-0.030956924,0.050666198,-0.117441505,0.1853311,-0.04245608,0.1553944,0.076909214,0.079707965,-0.040566668,-0.07891829,0.005648922,-0.033296898,0.1119835,-0.033523403,0.09549962,0.10255982,0.06438291,0.101889126,0.14216582,-0.24716945,-0.08488446,-0.039411224,0.116437204,-0.22298755,0.10845611,0.08075606,0.026698992,-0.13819362,0.09351534,-0.020405928,-0.119418815,-0.08946854,0.084516,0.024015673,0.008642673,-0.06676993,0.023902694,0.16590387,0.13124922,0.029008549,0.05347168,-0.06784458,-0.23433067,0.09295438,-0.14182347,-0.05317442,0.079070136,0.21751454,-0.012643341,-0.102850966,-0.083050355,0.1288476,-0.003302019,0.11279689,-0.07598751,0.111674294,-0.10796109,0.08507366,0.07196698,0.05061891,0.09094889,-0.10664756
LUNG1-177,-0.00361697,0.0195175,-0.01207445,0.00030133128,0.082423076,-0.037572786,0.06784463,-0.13436092,0.041913744,0.07021758,0.0984808,-0.022366103,-0.13044983,0.006300498,-0.0740023,-0.013646749,0.031927742,-0.06123586,0.02802013,-0.10213576,-0.06468164,0.06112122,0.064154655,0.06871097,0.0789257,0.10038157,-0.08692874,-0.012907788,-0.044032946,0.0029814504,0.03603462,-0.04345458,-0.00065065175,0.06647361,-0.0050520897,-0.04180626,-0.0056826808,0.049360156,0.06123644,0.027755747,-0.038546763,-0.018329188,-0.035132475,0.030201953,-0.023127303,-0.0024756268,-0.01131597,0.12895274,-0.1252963,0.02520812,0.061954156,0.06079315,0.048903164,-0.09083358,-0.032619275,-0.048904676,0.10526021,-0.053586338,-0.028542632,0.10645257,-0.0526178,-0.05289252,-0.10521096,-0.1586923,0.028092816,-0.010811258,0.00071391463,0.09843059,-0.08673103,0.16582906,-0.12820715,0.17766172,-0.013650371,0.03917958,0.061615385,-0.026456032,0.024916068,0.0068982956,0.08299155,0.054710798,0.030597158,0.06366644,-0.05514856,0.03446683,0.123194836,-0.07901787,-0.07369694,-0.046986498,0.116798885,-0.096696675,0.14217164,0.03902118,0.096146025,-0.14827915,0.07798403,-0.080055274,-0.05594267,-0.0018844176,-0.023024138,0.072235554,-0.048865907,0.015340965,0.03940478,0.080105096,0.09969146,-0.014130808,0.051080868,-0.08840342,-0.13037531,0.06821044,-0.12126002,-0.1355502,-0.050349005,0.109748065,0.062944904,-0.14111009,-0.026928477,0.039239384,0.062704414,0.12805751,0.08960796,-0.071905285,-0.0912105,-0.07066922,-0.04355982,0.041343264,0.112721786,-0.078441195
LUNG1-178,0.0037825778,-0.027006086,-0.012218822,0.030145261,0.044420533,-0.0021137744,-0.02235359,-0.18498619,0.05910405,0.15364338,0.07703683,0.049491778,-0.19425309,-0.020459294,-0.050454788,0.02803862,-0.04339832,-0.04264263,0.030181877,-0.110267445,-0.024668273,0.14763433,0.14696796,-0.037737567,0.006492935,0.08076765,-0.07458158,0.010297049,-0.037455015,0.057244416,0.03743378,-0.06725356,0.06773825,0.07665281,-0.030019937,-0.034037605,0.025901686,0.052532233,-0.02077738,0.05085482,-0.08886876,0.0007069297,-0.018218994,-0.014268609,0.014730334,-0.092867635,-0.0284075,0.12781578,-0.030555435,0.03559035,0.081797786,0.022673557,0.09707181,-0.041439455,-0.02773181,-0.053441443,0.06840418,0.021354608,-0.012145504,0.12833458,-0.10771487,0.07431631,-0.054531973,-0.1073339,0.03015948,0.06348847,0.027917024,0.07172477,-0.07286672,0.13772127,-0.10850279,0.18520364,0.03811713,0.05292853,0.10716134,-0.10730998,-0.011148972,-0.034205563,0.01640627,0.02877216,0.014527112,0.0273974,-0.100636564,0.16573095,0.1171782,-0.07990884,-0.055191092,-0.033023033,0.09220589,-0.1990746,0.15313384,0.010955283,0.058760364,-0.14013949,-0.012818575,-0.092147924,0.045359537,-0.02742488,0.029795049,0.0733313,0.04999129,-0.08288259,0.013097601,0.09617587,0.1438182,-0.027823724,0.039686095,-0.05402009,-0.028141543,0.17410257,-0.10162926,-0.1361294,0.041203283,0.118892655,-0.010356214,-0.04535662,-0.11403145,0.023213103,0.06494179,0.1009841,0.10863138,0.01067818,-0.07361263,-0.10177475,-0.029231261,0.05794371,0.13785133,-0.043374904
LUNG1-179,0.10333196,0.057967775,-0.10824385,-0.03209047,0.14181885,-0.1576983,-0.0945904,-0.26104555,0.0787095,0.1227498,0.07637755,0.013822958,-0.0849525,-0.036769725,-0.12740694,0.038723648,0.031254213,-0.104348466,0.08004191,-0.11874585,-0.09769116,0.10897255,0.16575028,0.05664629,0.07400624,0.1035634,-0.14517657,-0.10279352,-0.1332694,0.078156665,-0.08014539,-0.07360272,0.13672605,0.026583921,-0.015881348,-0.001442194,0.028218519,0.06927383,0.023718335,0.03935786,-0.16703075,0.09058838,0.07047388,0.16305095,0.021616038,-0.15386784,-0.0041974112,0.18551806,-0.1179759,0.03526619,0.027256247,0.021441204,0.14586261,-0.077131055,0.0122613795,0.0015588552,0.16808057,-0.0050326474,-0.025046447,0.035828836,-0.16580695,-0.06999197,-0.027250916,-0.06445416,0.12969254,-0.07072979,0.017892525,0.26133522,-0.07344487,0.16339955,-0.115650445,0.2653322,0.07093793,0.1820736,0.12478196,-0.08108766,-0.043561425,-0.026354993,-0.0057672723,0.050673723,0.02535383,0.123609975,0.035970263,-0.08384962,0.092645824,-0.17983684,-0.17277016,-0.018065544,0.07651781,-0.18912467,0.10172515,0.0117973145,0.08129502,-0.083584435,-0.018474784,-0.09439994,-0.033676483,0.004645331,-0.027891852,0.08463086,-0.040432796,-0.09304631,0.008107863,0.04488025,0.06793679,-0.1226394,0.05597485,0.008765694,-0.1363064,-0.010672048,-0.083044395,-0.047104836,7.687509e-05,0.115443096,0.009738018,-0.1268757,0.0068398677,-0.027109526,0.05147638,0.045498416,0.049077682,0.020867586,-0.08914167,-0.032286216,-0.018692346,0.019787256,0.07251605,-0.09346364
LUNG1-180,0.12879848,0.055641264,-0.0040486474,-0.1717444,0.29267043,-0.21822026,0.0031703934,-0.32620597,0.07181645,0.3871656,0.1603044,-0.018885978,-0.43309078,-0.15167382,0.0063234717,-0.10302538,-0.13137043,0.024605662,0.08338167,0.05030097,0.023129001,0.33810627,0.39089486,0.080206156,0.1983709,0.112295955,-0.21017116,-0.21293369,-0.09249027,0.18505535,-0.12127385,-0.094067134,0.2352187,0.14880174,-0.026518794,-0.19102785,0.07028909,-0.06007038,-0.050766267,0.18732733,-0.2114539,-0.13321105,0.032149196,-0.029823506,0.09586323,-0.16485451,-0.055733368,0.40402624,-0.042827945,0.29844743,-0.038400352,-0.09031252,0.12172808,-0.16955325,-0.056839477,0.20660083,0.10882587,0.15334508,0.0776442,0.08686106,0.0023389314,-0.09303648,-0.03912777,-0.011432435,0.24074814,0.09250893,0.08937183,0.116575934,-0.23242433,0.25457785,-0.18373975,0.19030373,0.061061163,0.10096949,0.09978272,-0.19976868,-0.025967695,-0.05835116,0.27182743,-0.032920897,-0.034048475,0.2444321,0.045433715,0.08184069,0.18166026,-0.40250885,-0.15454248,-0.023109205,0.20158306,-0.3424338,0.22651872,-0.050224524,0.012652397,-0.07402393,-0.13164577,-0.08663406,-0.10954355,-0.0459666,0.22379556,0.16847509,0.0051218388,-0.11023057,-0.114744715,0.15366028,0.25982893,-0.06408349,0.01132448,-0.078097634,-0.27378115,0.25588095,-0.05199189,0.038971744,0.0986995,0.2795158,-0.016703501,-0.17171806,-0.061818767,0.033863805,-0.15914176,0.220198,-0.052067958,0.11462681,0.040200666,0.08974724,-0.03170141,-0.14088008,0.19790742,-0.13499823
LUNG1-181,0.0043204427,0.082023494,-0.12177423,0.00014320761,0.16784199,-0.097456776,-0.05389417,-0.26548544,-0.007209735,0.16540046,0.07710482,0.046392344,-0.15635307,-0.03537997,-0.07420368,0.0820474,-0.023275316,-0.08441989,-0.053837642,-0.16250071,-0.09968948,0.09983669,0.19048366,0.06806092,0.0037466213,0.079559915,-0.12234424,-0.14308453,-0.07817134,0.07173528,-0.017428514,-0.13685764,0.17401925,0.14457813,-0.032736324,-0.09933571,-0.06123214,-0.020258013,-0.008059633,0.019730622,-0.1986487,0.06732093,-0.08462046,0.024097264,-0.024497164,-0.18479839,-0.0043863356,0.13059953,-0.075981505,0.06901997,0.07161008,0.011939205,0.10723895,-0.055324223,0.033009227,-0.00985913,0.14273311,-0.038498387,-0.018974286,0.107198894,-0.15517852,-0.014469467,-0.02639701,-0.1252473,0.024664763,0.013983032,0.0036480539,0.19276488,-0.114782825,0.20857003,-0.10630814,0.25427002,0.03609368,0.08626583,0.053814314,-0.15757082,-0.12987903,-0.028884877,0.05808494,-0.0066945255,-0.045492195,0.100852,0.020741686,-0.004797332,0.1550202,-0.12381184,-0.14690153,-0.0042316783,0.050008614,-0.20205763,0.11214013,0.0006731581,0.051203948,-0.10898983,-0.024253309,-0.057243213,0.10034001,-0.01587271,-0.024240244,0.07674134,0.07854527,-0.06883721,-0.07260575,0.0026633963,0.16658452,-0.1308207,0.063401945,-0.055680394,-0.11102061,0.04595426,-0.15844527,-0.0682947,-0.04505939,0.13705367,0.05694757,-0.12699488,-0.08857584,0.022145916,0.0036014747,0.05010039,0.08234469,0.07064694,-0.065152645,-0.0785317,0.0037368126,0.10595738,0.09232294,-0.14175402
LUNG1-182,0.05430858,-0.04611659,0.03659975,-0.15235156,0.108418524,-0.05317235,0.028309539,-0.102289654,0.098877005,0.28934702,0.18746483,0.06701225,-0.19166872,0.052601606,-0.14541006,-0.0642672,-0.08148204,0.010331647,0.060378004,-0.16004393,-0.03785241,0.18714839,0.12692437,0.028987221,-0.025810331,0.16713366,-0.25637758,-0.0763186,-0.05962591,0.08885324,-0.055646587,-0.12721118,0.09704685,0.18833065,0.019645631,-0.1941475,0.03576192,0.08516586,0.23509625,0.010860964,-0.12027753,0.1036355,-0.09716079,0.014642686,0.047052853,-0.15472093,-0.12340909,0.28567004,-0.10381487,0.20221004,0.12972419,0.010801822,0.13922179,-0.16643932,-0.020703763,-0.054665692,0.23822916,-0.1793417,0.050368186,0.030658107,-0.17850882,-0.18127358,-0.0405398,-0.022869296,0.055897556,0.08194832,-0.032332502,0.12025915,-0.2537442,0.34111875,0.008462034,0.15786545,0.02659208,0.09206242,-0.030738346,-0.14873491,0.06471715,-0.0019718139,-0.000116416486,0.046184033,0.009746928,0.27251637,-0.06367066,0.08264879,0.13852936,-0.1423062,-0.061355308,-0.117051855,0.031667825,-0.14204326,0.062179025,0.13449422,-0.03298457,-0.09115759,-0.08254439,0.0052888207,0.12180387,0.0603868,0.10149645,0.23311657,-0.10465025,0.016054329,-0.032636985,-0.043068066,0.16370259,-0.024154343,-0.08690993,-0.06424609,-0.07921626,0.15540627,-0.09555065,-0.061071903,0.049451474,0.1469318,0.03879299,-0.080984406,-0.13012266,0.16079444,0.06642161,0.12566634,0.11741261,0.10745557,-0.04481457,-0.009544,-0.03285119,0.014476262,0.067460835,-0.046414614
LUNG1-183,-0.039056785,-0.017305005,-0.0009921193,0.04757287,0.03738196,-0.04599767,0.010118008,-0.18445693,0.082128495,0.17179385,0.028232805,0.043803275,-0.15536545,-0.031697303,-0.03645372,0.04749144,-0.052367575,0.020863451,0.07777208,-0.06966502,-0.013322428,0.14370103,0.10749516,0.04988025,0.06023247,0.030201454,-0.09872284,-0.10816189,-0.034281727,0.031163843,0.03677107,-0.13796785,0.09760675,0.0570148,-0.028888615,0.008943018,0.11245741,0.096385665,-0.042087886,0.040983096,-0.06954886,0.0017986558,-0.035573676,0.03908039,-0.051327255,-0.101200014,-0.049472168,0.1874528,-0.06965557,0.056651555,0.123802274,0.0028477982,0.15186188,-0.036413446,-0.105817124,-0.046432897,0.09958335,-0.022000577,-0.044228744,0.07246437,-0.13964397,-0.017966624,0.004265082,-0.118711054,0.11382143,0.014908478,0.035430066,0.13038257,-0.08452815,0.17824003,-0.11519696,0.2280224,0.012240361,0.049796555,0.124831356,-0.12525085,0.028115613,0.04007988,0.019462036,0.0487715,0.06882393,0.074862644,-0.11353275,0.14508784,0.09956077,-0.09880938,-0.059676055,-0.06309806,0.09629125,-0.18527168,0.1177451,-0.05167543,0.057328943,-0.12145844,-0.029434424,-0.100907914,-0.006176265,0.0095115565,0.033573955,0.12803112,-0.018417977,-0.06109651,-0.0076755024,0.071830556,0.1652314,-0.0146385655,0.06642426,0.007552039,-0.096726134,0.22566503,-0.16978402,-0.10751343,0.03625238,0.07187711,0.015975907,-0.051755898,-0.11481744,-0.011881985,0.07534197,0.09750068,0.07649012,0.029098243,-0.04644729,-0.046775505,-0.03738141,0.011642158,0.17726415,-0.073467754
LUNG1-184,-0.017560365,-0.052121,0.0141272135,0.0733514,0.08746026,-0.10254541,0.020318642,-0.12089187,0.09197571,0.12911347,0.10834331,0.04859972,-0.19324347,0.0006657876,-0.07640819,0.0319625,-0.057172466,-0.0033898018,0.028303277,-0.08407183,-0.00048626214,0.08580369,0.10972762,0.05449535,0.09803021,0.06596242,-0.052714754,-0.07905302,-0.03779133,0.07281714,0.07728711,-0.13013326,0.0780272,0.06240679,0.024716854,-0.0063963644,0.04036353,0.073329955,-0.0034415303,0.053105094,-0.07312693,-0.030339908,-0.010531321,0.03440865,-0.026772723,-0.122245446,-0.021292802,0.21060887,-0.06497103,0.0038708746,0.13997889,0.038196143,0.13037875,-0.073351644,-0.07930948,0.007075377,0.1054186,-0.011789408,-0.0148835555,0.118391454,-0.118791826,-0.037354678,-0.07666817,-0.12626335,0.039312195,0.003708193,0.0189102,0.04527845,-0.073740974,0.15413553,-0.13474032,0.2082242,0.029301997,0.04665628,0.0993118,-0.069057964,0.08329354,0.013966253,0.05341122,-0.014110602,0.075080514,0.09535654,-0.07208999,0.12066734,0.077550285,-0.09852067,0.025393583,-0.11425886,0.08187865,-0.22363736,0.10395865,0.046473,0.06410793,-0.0743009,0.06468324,-0.110790625,-0.005149902,0.012300305,0.04111078,0.098433875,0.00067338184,-0.09079047,-0.02645541,0.10641986,0.12789473,-0.014428407,0.14336962,-0.033787303,-0.08241938,0.20621154,-0.07008541,-0.15180695,0.04007086,0.1140437,0.07526004,-0.026254365,-0.12749821,0.020190634,0.021141788,0.12826699,0.0661383,0.0039263666,-0.10057519,-0.12491643,-0.06814027,0.039713662,0.17517254,-0.052141227
LUNG1-185,-0.0056127068,0.009433072,0.0025718007,0.03786321,0.056946285,-0.082567126,0.046922408,-0.1021077,0.07173236,0.09111206,0.09618263,0.004517108,-0.11314488,0.025298212,-0.08125102,-0.041946296,-0.031449363,-0.021085776,0.030273924,-0.07801669,-0.038265307,0.06875362,0.08589801,0.042437326,0.09363274,0.06742774,-0.06178715,-0.018002562,-0.036864385,0.087396815,0.03671006,-0.09375094,0.03011138,0.06253358,0.006721385,0.028224422,0.015450556,0.07028526,0.038556285,0.046869107,-0.08323163,-0.03889875,-0.031754628,-0.002326794,-0.029770711,-0.07044199,-0.037755094,0.1319169,-0.0667627,0.05839985,0.11820224,0.06528824,0.09019851,-0.1129636,-0.082966864,-0.022040762,0.101301074,-0.047906753,0.0074134395,0.11293785,-0.05802643,-0.0045424253,-0.06119422,-0.1398242,0.042933766,0.0032101348,0.013960183,0.046913113,-0.07300486,0.14511959,-0.09883202,0.16150214,0.011944685,0.053798325,0.06977174,-0.06490207,0.048591208,0.04358495,0.022683473,-0.028682414,0.05049394,0.09509851,-0.024418883,0.11053167,0.089906774,-0.09203153,-0.017213557,-0.06626551,0.079082265,-0.1486466,0.10519738,0.07380389,0.06871321,-0.1093318,0.041409038,-0.08788867,-0.005642712,-0.030329702,0.030371692,0.09298863,-0.016062496,-0.06587125,0.002780702,0.10863431,0.104729325,-0.0073480215,0.08966487,-0.054972168,-0.12435748,0.09961328,-0.08052968,-0.14684863,0.018925223,0.10370667,0.053462595,-0.07518458,-0.05704192,0.009619683,0.06812994,0.11131464,0.061970208,-0.0032022,-0.116416186,-0.06056194,-0.08047745,0.043833382,0.103567265,-0.048415095
LUNG1-186,0.15108395,0.11042502,-0.08981457,-0.074723564,0.16415654,-0.15404166,0.10274726,-0.2347272,0.072417036,0.26834443,0.14363998,-0.07469658,-0.31867373,-0.01239159,0.07040019,-0.17432752,-0.07055193,0.0115912175,0.026637409,0.015999563,-0.04589323,0.26154226,0.19984072,0.03563654,0.10219814,0.09130892,-0.13564852,-0.12169478,-0.036891863,0.11102429,-0.16438061,-0.09684105,0.17393568,0.12903187,0.060095623,-0.020974971,-0.030480418,-0.024005368,-0.034925267,0.062714905,-0.19855641,-0.10580389,0.041095667,-0.030653326,0.022644438,-0.056377172,-0.043097865,0.23521802,0.035791658,0.1900143,0.0054721907,-0.06639624,0.051605567,-0.18625231,-0.06810449,0.16522646,0.07600723,0.04090128,0.01639137,0.14443666,-0.02361669,0.026129954,-0.041931257,-0.057963178,0.18635184,0.077860266,-0.0006653853,0.074826375,-0.13054535,0.1684902,-0.0063198768,0.14429191,0.03731562,0.049341485,-0.051240325,-0.16395667,-0.044719536,-0.03795887,0.14747438,-0.04201472,0.026195243,0.116961755,0.08274673,0.14076437,0.109006636,-0.28337198,-0.19435138,-0.01512943,0.13510726,-0.24783318,0.13746136,0.038861528,-0.021808207,-0.14726533,-0.0023855213,0.016416002,-0.092537805,-0.10678319,0.16572323,0.039001103,0.037721846,-0.06411453,0.04605686,0.14091691,0.104215756,0.045233257,0.04713525,-0.104027,-0.24841742,0.038438663,-0.11439377,-0.04403471,0.010170136,0.21868193,-0.051544875,-0.12203485,-0.15215962,0.113907106,-0.020351015,0.12597701,-0.106423475,0.10118161,-0.04571021,0.14728561,0.076822616,-0.008312039,0.11248181,-0.14013185
LUNG1-187,-0.031395562,0.057568133,-0.073855996,0.060526755,0.090423875,-0.018991377,-0.014408141,-0.15570419,0.018683404,0.09263088,0.045903362,-0.045394227,-0.09526847,-0.012398571,-0.08879845,0.054879684,0.007923029,-0.048162974,0.031818893,-0.11923982,-0.11996631,-0.009246722,0.07787421,0.031832997,0.03026129,0.022147045,-0.06196219,-0.0625451,-0.07023447,0.073176876,0.019173045,-0.09898924,0.06031043,0.09528479,-0.0020598546,-0.040509023,-0.062164012,-0.0064725764,0.005547365,0.0065561663,-0.12501413,-0.029956697,0.014859233,0.06485973,-0.0449417,-0.0114757065,0.025718883,0.14394355,-0.1615965,0.087152,0.025665868,0.0014520362,0.105750956,-0.14656919,-0.014523556,-0.041180287,0.12415311,0.0037687868,-0.03572771,0.11413279,-0.085644774,-2.6486814e-06,-0.028864501,-0.12530205,0.026226815,-0.008888293,-0.012034319,0.15797825,-0.05852326,0.1645771,-0.09240249,0.20431507,0.026433188,0.09523842,0.071227595,-0.047793344,-0.024875753,-0.0066296095,0.07157468,0.06951748,0.011914983,0.097736545,-0.04510571,-0.0009959489,0.045991607,-0.1175189,-0.0877623,-0.045586888,0.11200856,-0.1607636,0.09228893,0.006852763,0.08673337,-0.106035784,0.036969885,-0.10163871,-0.01248551,-0.038252138,0.0029974803,0.04691482,0.0026305532,-0.052772276,0.015372798,0.07477337,0.086246505,-0.070307285,0.044286206,-0.063541934,-0.12991734,0.053926352,-0.12632203,-0.07174473,-0.0080586,0.09193823,0.008455656,-0.07440345,-0.029380886,0.036690205,0.0036346782,0.09801863,0.02998916,-0.04143962,-0.03550669,-0.063212596,-0.051382914,0.04862833,0.044819675,-0.16657467
LUNG1-188,-0.05679349,0.009811949,-0.0026370455,-0.023823194,0.12761334,-0.0022438914,-0.031682603,-0.21296379,0.014316478,0.19783571,0.016161516,-0.007882774,-0.30776617,-0.0868442,-0.17331669,0.018423522,-0.018744605,-0.055565566,0.17078939,-0.060702004,-0.03692271,0.074114695,0.12972483,0.0049938876,0.030502241,0.062038638,-0.051154256,-0.18685275,-0.03049719,0.19267301,-0.020718515,-0.14193475,0.14116678,0.17380857,-0.014315927,-0.092072405,-0.07945289,-0.035953686,0.08747273,0.002088394,-0.13440198,-0.107561596,-0.028433794,0.1319631,0.082503736,-0.056144603,-0.07077826,0.2127209,-0.1295754,0.16682473,-0.06623974,-0.050573796,0.16022903,-0.061544985,-0.025292803,0.010396466,0.17265451,0.1508508,-0.0016372018,0.02435838,0.0040847175,0.0095018875,-0.020649422,-0.09592669,0.07903942,0.06273934,0.06293434,0.19852418,-0.18961257,0.17141345,-0.076152354,0.27198535,0.018222217,0.083484076,0.04281118,0.017108202,0.040937524,-0.0878781,0.18681717,0.043853767,0.061369803,0.18827099,-0.036809094,0.06255394,0.12896892,-0.24521895,-0.08853107,-0.028790705,0.17671233,-0.36065462,0.10250756,-0.0103943935,0.034257066,-0.16168123,0.059043538,-0.02421281,0.028160136,-0.03464658,0.14990093,0.14252318,0.08400051,-0.06997995,-0.07180943,0.108838126,0.18779063,-0.057863235,-0.005719818,-0.06449473,-0.21435465,0.16111535,-0.032155804,0.055078663,0.12548247,0.10386311,0.060908888,0.02165635,-0.04871946,0.17325503,-0.10833433,0.20121467,-0.09412677,0.034068003,0.012031376,-0.027930278,-0.07125032,0.007142581,0.06764772,-0.18196893
LUNG1-189,0.15648118,0.114482634,-0.06881683,-0.09863331,0.23342273,-0.18850142,0.044061456,-0.2672489,0.1047622,0.2799226,0.14888558,-0.09920881,-0.31436658,-0.04122211,0.044478282,-0.14006183,-0.10438534,-0.045596555,0.17300647,0.06940341,0.04310609,0.26423556,0.26456246,0.12273624,0.1878207,0.13069342,-0.15089765,-0.14577025,-0.0807599,0.15166305,-0.16580871,-0.046600103,0.17697112,0.12651065,-0.0010063276,-0.076171845,0.04758783,0.014004934,-0.008784232,0.11787219,-0.20960805,-0.11205374,0.06262938,0.039534125,0.050729953,-0.09206975,-0.06431054,0.26677597,0.0007692203,0.24808905,-0.05475814,-0.0838564,0.07990302,-0.20042206,-0.0945057,0.15327086,0.15528321,0.06552911,0.034950633,0.09098831,0.036382567,-0.096299775,0.006279699,0.02008672,0.21972862,0.072973676,0.06064522,0.07400039,-0.15014142,0.17929924,-0.060871888,0.14634643,0.06404479,0.118843265,0.019986212,-0.18820542,0.009951827,-0.07831587,0.19181898,-0.09336135,0.023776617,0.18179628,0.10521726,0.06268634,0.17044443,-0.32701463,-0.1337974,0.011232778,0.15281829,-0.22290976,0.132898,0.0273242,0.038381487,-0.08928849,-0.0062157772,-0.018620446,-0.16359597,-0.1176699,0.17869279,0.120655775,-0.016485339,-0.12615559,-0.047478467,0.1579553,0.19158867,-0.061197415,0.050852012,-0.08515704,-0.31930384,0.1171394,-0.00015088916,-0.017385852,0.09219442,0.24934778,-0.06738788,-0.14674605,-0.07361914,0.03404078,-0.049699455,0.16916218,-0.062849,0.11915879,-0.026539199,0.15413941,0.019128777,-0.07992221,0.11930193,-0.13219604
LUNG1-190,0.04116766,0.068156056,-0.04857309,0.023602385,0.13982935,-0.10937968,0.075984254,-0.17051214,0.043518506,0.23582718,0.14505026,-0.03193387,-0.1727055,-0.002353914,0.021791957,-0.06989328,-0.036037214,-0.037309498,0.053683847,-0.039849725,-0.008177409,0.12997353,0.12984052,0.07719744,0.10629046,0.071980685,-0.09045103,-0.06625409,-0.029166847,0.11289798,-0.037131347,-0.06943663,0.13696322,0.1446288,0.047291324,-0.048592493,0.03142484,0.059722498,-0.0024544923,-0.006323207,-0.12437911,-0.022409739,-0.009280261,0.0046654195,-0.006653672,-0.01912829,-0.029904827,0.12990265,-0.009071045,0.13299286,0.011531282,0.016136019,0.056526456,-0.13902901,-0.1095092,0.0890072,0.11841805,-0.00823066,-0.0051615164,0.100977235,-0.035664767,0.039675146,-0.04073305,-0.05472032,0.123135656,0.026287723,-0.011108719,0.066780165,-0.15678053,0.12567215,-0.05849795,0.11332761,0.05229486,0.06581437,0.04548386,-0.1550326,0.021065483,-0.048723757,0.033685923,-0.029451873,0.03794285,0.060404833,0.03643612,0.12996024,0.1398891,-0.1787885,-0.063762195,-0.03720961,0.083540455,-0.17871329,0.05201845,0.0464507,0.0135923475,-0.09593016,0.05823464,0.023769733,-0.047095433,-0.12615763,0.13365,0.041404925,0.0053565153,-0.040943127,-0.011457287,0.10019939,0.1251775,-0.002700569,0.039212603,-0.11285948,-0.2060098,0.052339107,-0.06204475,-0.07891456,0.025014725,0.13088906,-0.06308545,-0.13509712,-0.104375675,0.12121271,0.041229684,0.09615229,-0.02685088,0.042526707,-0.091596134,0.037126318,0.051871426,0.04001614,0.06316757,-0.07166733
LUNG1-191,-0.053020123,-0.07413147,0.019957568,0.06956733,0.070838906,-0.05081666,0.016479447,-0.15841532,0.04329505,0.12203606,0.08007334,0.028461806,-0.16929469,0.0036440715,-0.11167361,0.07283164,-0.097256675,-0.025686182,0.067380816,-0.0678283,-0.01565862,0.0772161,0.14373922,0.05337203,0.07747198,0.07364787,-0.06473372,-0.03609661,-0.05759858,0.081074655,0.053094476,-0.15144542,0.075187355,0.091106184,0.0012654848,0.005952023,0.01601113,0.04850553,-0.011447886,0.052788716,-0.102031946,-0.027302086,-0.017163303,0.046881862,-0.03369108,-0.10546219,-0.046501614,0.16174716,-0.065197945,0.049558394,0.12482101,0.01056071,0.123157606,-0.053513933,-0.062900305,-0.01630067,0.09060705,0.010877639,-0.05333109,0.06164909,-0.083655685,0.0078009143,-0.023287822,-0.12345867,0.054187313,0.012928382,0.047205362,0.08068636,-0.06663832,0.13259873,-0.13184541,0.17497627,0.00755994,0.06531457,0.08404121,-0.07763912,0.044918545,-0.014090685,0.07006293,-0.0112586655,0.047830172,0.06460264,-0.05008446,0.095065914,0.077442236,-0.09555525,-0.038091056,-0.057284378,0.09294307,-0.26680738,0.12970875,-0.0031831646,0.07265543,-0.04856545,0.025342306,-0.07714904,0.007653618,-0.01202702,0.0636852,0.09003022,0.056406982,-0.0757846,-0.04930561,0.10036155,0.1787082,-0.07684839,0.11242288,-0.03092473,-0.080792725,0.19924608,-0.054143794,-0.095945805,0.058289375,0.023195077,0.075047866,-0.04250777,-0.10174106,0.057289153,0.008340377,0.15858284,0.04843713,0.0542261,-0.09929549,-0.077180356,-0.10215153,0.063968346,0.15520999,-0.046729088
LUNG1-192,0.014677193,0.07977159,-0.06108072,-0.07442262,0.16606288,-0.08041078,0.0075425133,-0.21288675,0.0852883,0.19967675,0.12548605,-0.041292414,-0.23744754,-0.0545431,-0.039333876,0.025824305,-0.050086938,-0.018818043,0.015889833,-0.071205765,-0.03932124,0.17862839,0.12196128,0.019901915,0.019000128,0.09683627,-0.18258032,-0.10224765,-0.026586384,0.0698881,-0.013041252,-0.09440106,0.17093275,0.2018354,0.017975546,-0.13723424,0.018613178,0.05219633,0.020603158,-0.0023695733,-0.15480721,0.04167068,-0.03753965,0.018947866,0.008795049,-0.061012395,-0.033097934,0.1906519,-0.016543716,0.10499452,0.025419038,0.0126440115,0.12575835,-0.13001174,-0.0007563792,0.021826297,0.12574092,-0.023181932,-0.045260064,0.1525349,-0.10425817,-0.019185055,-0.036964986,-0.07649029,0.057615332,0.038914125,0.0536581,0.10346903,-0.15730077,0.18982184,-0.042162996,0.15358546,0.08872202,0.076929,0.044461153,-0.18654183,-0.05608975,-0.07686718,0.03229208,0.011105236,-0.031989098,0.09528326,-0.04109767,0.104421206,0.13887449,-0.13419472,-0.13152683,-0.029911255,0.0802256,-0.23602547,0.08818066,0.06076529,-0.020710714,-0.13063549,0.0131571805,-0.005482505,0.047170706,-0.074752316,0.07880247,0.053918347,-0.013708245,-0.025631478,-0.024975821,0.068542734,0.13011283,-0.01947364,0.044410475,-0.059955705,-0.14426774,0.10121983,-0.07408385,-0.045150682,-0.0038334988,0.12745231,-0.02480406,-0.049489565,-0.13287283,0.10354406,0.031928837,0.10394347,0.005727157,0.025029555,-0.061316587,-0.024594868,0.060399763,0.030274674,0.13643496,-0.0815583
LUNG1-193,0.02817091,0.10292798,-0.020364981,0.055083018,0.12553787,-0.0742418,0.06424677,-0.23679999,0.009701457,0.28115806,0.13483971,0.02194491,-0.20811415,-0.0066225044,0.0886074,-0.08436817,-0.045531016,-0.049678057,0.030321479,-0.008369647,-0.01770851,0.12437202,0.18022579,0.083122306,0.13629536,0.034854904,-0.049714833,-0.10255017,-0.041571725,0.10888444,-0.06980237,-0.10047686,0.13159174,0.10128794,0.014991805,-0.02217114,0.048841495,0.044103898,-0.053681914,0.030681249,-0.18554845,-0.07871769,-0.010449871,-0.03799607,-0.0511051,-0.08010881,-0.028734393,0.16151693,-0.017302603,0.20924246,0.043098617,0.0058739632,0.058409065,-0.13090369,-0.06092433,0.09910987,0.087616846,-0.031586334,0.004822325,0.09443933,-0.07460243,0.064269744,-0.030427702,-0.08202885,0.18415712,0.022533322,-0.036794856,0.057253476,-0.14254947,0.12215866,-0.087773934,0.12882653,0.010904174,0.062141053,-0.009769402,-0.17800438,-0.005987875,-0.05494626,0.06047274,-0.033791848,-0.022791333,0.03679756,0.06573872,0.15027708,0.1654686,-0.2063946,-0.06965904,-0.018520918,0.11734207,-0.15167344,0.067851335,-0.001983473,0.053175673,-0.10092384,0.016865801,0.03548416,-0.038913656,-0.103295624,0.14186943,0.038503505,0.039845303,-0.035976525,-0.008862544,0.117263645,0.15732332,-0.011022532,0.06561761,-0.08788137,-0.20238967,0.060431793,-0.17802173,-0.09832526,0.03238013,0.15027699,-0.07600667,-0.15648146,-0.12654127,0.074928954,0.016399931,0.057195883,-0.026742205,0.08441377,-0.12504399,0.032666914,0.00465288,0.04185769,0.05654908,-0.087148845
LUNG1-194,0.038880613,0.09464362,-0.049720854,-0.059880674,0.13557898,-0.028337922,0.04804919,-0.17931992,0.053827073,0.14717874,0.0801925,-0.019060232,-0.15203679,-0.015384935,-0.0114122,0.0014349355,-0.017290924,0.015117262,0.018914603,-0.045000773,-0.13340934,0.1519002,0.115694344,0.032174453,-0.040180586,0.07808647,-0.1409223,-0.10083946,0.0046376362,0.071909145,-0.008339497,-0.09643394,0.0961307,0.179135,0.042369768,-0.061107516,-0.081915244,0.06559351,0.045956716,0.008936723,-0.11862234,-0.0025796779,-0.033292137,0.044453464,0.06252299,-0.049740728,-0.031363223,0.10523634,-0.03124372,0.10259125,0.015404504,0.03263805,0.042136163,-0.08726,-0.0025957022,-0.031600896,0.14133975,-0.03063686,0.016939554,0.0910982,-0.04017367,0.025663286,-0.08354104,-0.09274575,0.04838513,0.054225907,0.014915854,0.124682024,-0.15655173,0.1440441,-0.06492188,0.1287955,0.09744349,0.021427955,0.07385521,-0.12130467,-0.02419668,0.02070207,0.03390234,0.017741013,-0.051307738,0.08441273,-0.024395488,0.07358612,0.07594839,-0.12946793,-0.1447702,-0.060715575,0.11429775,-0.22343631,0.078218356,-0.046918657,0.0004452318,-0.11947491,0.031208558,0.002649909,0.041285943,-0.07091971,0.07882282,0.038301524,0.02610311,-0.033283133,0.030534763,-0.0060120746,0.12174098,0.02204062,0.02347608,-0.087598056,-0.1212658,0.06350936,-0.085801035,-0.06993049,-0.005079802,0.122550465,0.03392286,-0.07925974,-0.11294827,0.15643677,-0.021317434,0.10844578,-0.022675432,-0.0063045397,-0.044403322,-0.030933954,0.022533983,0.06342789,0.10506354,-0.09800142
LUNG1-195,-0.0017791744,0.12395556,-0.05295346,-0.08537122,0.07002347,0.044237837,-0.06413687,-0.17743284,0.023702798,0.16363117,-0.03294997,-0.04216689,-0.18602696,-0.09826269,-0.15999055,0.01699473,0.032698322,-0.0485235,0.15145993,-0.0696449,-0.08632681,0.09409052,0.080461904,-0.046279065,0.0016075298,0.034025494,-0.15344267,-0.13776791,0.019259475,0.15837333,-0.014497094,-0.08649039,0.09196886,0.1829086,-0.052623846,-0.033140853,-0.11969291,-0.041115716,0.09498444,-0.026643023,-0.13621113,-0.055897962,0.019189976,0.12245972,0.08409614,-0.006349072,-0.049370736,0.16792439,-0.13882901,0.09522433,-0.10163542,-0.07449665,0.14449899,-0.13341019,-0.008874813,-0.054338604,0.17769459,0.10262548,-0.0030707791,0.06813984,-0.07220231,-0.02655968,-0.024337146,-0.09788956,0.013809381,0.08277622,-0.0007889718,0.30727017,-0.10963453,0.25274444,-0.037302174,0.3172298,0.049392257,0.061015382,0.08018887,-0.039170932,0.015110212,-0.038605522,0.093205415,0.15263766,-0.019032106,0.15898238,-0.073043086,0.0021886453,0.07594126,-0.21698028,-0.13618465,-0.023548352,0.18575028,-0.20489089,0.10230627,-0.09774504,-0.00020404905,-0.18489301,-0.003727924,-0.101436175,0.043636765,-0.00072107,0.020346502,0.1504775,0.034767885,-0.07111002,0.057359003,0.04227399,0.110077776,0.016514309,-0.01077541,-0.048073195,-0.16977942,0.08191076,-0.120882966,0.0012065023,0.0368822,0.12127431,0.028617673,0.045297273,-0.009408902,0.043735858,0.00023488514,0.17487362,-0.033844195,-0.07856714,0.049654633,-0.004931554,-0.09710449,-0.006800674,0.040217977,-0.2780984
LUNG1-196,0.07657953,0.12606907,-0.077407375,-0.054833777,0.0946744,-0.047485154,0.051373094,-0.22081512,-0.009101108,0.22458783,0.0046414137,-0.032192465,-0.27958065,-0.122436725,-0.017690022,-0.076706104,-0.015120845,0.017755536,-0.043456517,0.016591065,-0.09341951,0.16482311,0.09737685,-0.026712477,0.032593526,0.0419356,-0.08484691,-0.13014865,-0.030050669,0.097808346,-0.088566944,-0.075311504,0.110097855,0.15615185,0.03641338,0.035954244,-0.13100962,-0.082689814,0.012284661,0.0147208255,-0.21627732,-0.15304142,-0.024176523,-0.04281921,0.009305425,-0.040271737,-0.0686513,0.19423306,-0.037553985,0.08479797,0.023742702,-0.03340073,0.062268194,-0.15280554,0.016268186,0.03184054,0.070742175,0.0104618445,-0.019449506,0.13424736,-0.0065722857,0.048219502,-0.054301247,-0.15002462,0.105169,0.073248155,-0.02239088,0.18734387,-0.05858799,0.1683858,-0.050966673,0.1750595,0.053471383,-0.0013607517,-0.069106705,-0.09281826,-0.027944237,-0.020353772,0.12617177,0.011787023,-0.035874113,0.120358355,0.026451,0.055592798,0.102338135,-0.25209564,-0.1829322,0.021745104,0.1212045,-0.20040214,0.14206731,0.009470064,0.017081384,-0.14197257,0.013733117,-0.072934,0.0039046444,-0.069912076,0.13557324,0.041730404,0.06854992,-0.0730895,0.08215005,0.07066352,0.07900558,0.037592515,0.07494694,-0.068971395,-0.21629757,0.05791582,-0.15819572,-0.03832926,0.001470767,0.104291916,0.09403295,-0.054097366,-0.06043933,0.097998366,-0.0028037224,0.084117934,-0.06983668,0.017070659,-0.058073502,0.07947686,0.023586094,0.03951642,0.047561962,-0.15142316
LUNG1-197,0.25254378,-0.03520698,-0.025967509,-0.3494657,0.27214268,-0.21009067,-0.0590462,-0.14966393,0.20596148,0.541542,0.38384807,0.18269388,-0.3053748,0.040926322,-0.3052568,-0.08430903,-0.18615869,0.042647816,0.12169681,-0.20899099,-0.042674564,0.45092565,0.16710146,0.12879312,-0.06952847,0.28321937,-0.49931997,-0.3034779,-0.011003479,0.11401225,-0.06313579,-0.18607947,0.15052235,0.38334128,0.109596536,-0.4694248,0.17188151,0.1457251,0.42864117,-0.029468406,-0.23535983,0.33210656,-0.13947642,0.122766994,0.121272214,-0.36186635,-0.25904864,0.4377005,-0.20115952,0.22915676,0.19076884,-0.11324345,0.20584571,-0.22706516,-0.123163894,-0.05389775,0.49206272,-0.2869356,0.23764604,-0.059705846,-0.4127812,-0.39835298,-0.04449246,0.08993576,0.042231306,0.065306515,-0.02523245,0.27892908,-0.5183191,0.65863514,0.026492447,0.2818216,0.26591614,0.16117331,-0.042336963,-0.34096065,0.14789954,-0.043199614,-0.054883663,0.096703514,-0.11503229,0.5453753,0.030972004,0.031953156,0.30339423,-0.29439002,-0.15946524,-0.22792289,-0.048928015,-0.15096506,-0.0073975995,0.15568689,-0.12278592,-0.031853355,-0.13078941,-0.06351234,0.10441622,0.012197727,0.19765003,0.3342879,-0.25073326,0.0032515153,-0.11313478,-0.17865229,0.1464884,0.035580233,-0.18097693,-0.114899114,-0.039901014,0.26291063,-0.0073087886,-0.15567368,0.061477493,0.2570218,0.0358308,-0.2110878,-0.2665884,0.117183745,0.12521496,0.18683445,0.3019018,0.19992173,-0.020791877,-0.07274766,0.06877101,-0.076788165,0.21619901,-0.012870796
LUNG1-198,0.035142582,0.042927697,-0.030323874,-0.09901913,0.20955738,-0.117329374,0.043930277,-0.23200342,0.077356055,0.2136457,0.2080268,0.0028029457,-0.26726565,-0.09895759,-0.052256808,0.02772318,-0.079377495,-0.03767135,-0.002400037,-0.07214965,-0.037479706,0.20257795,0.19229788,0.040795572,0.018233981,0.12505732,-0.20215945,-0.17702487,-0.035790823,0.0723525,-0.0048486427,-0.066161595,0.24049267,0.16000661,0.05910609,-0.17880571,0.058828067,0.071157075,-0.0028421357,0.07238007,-0.16256538,0.03988082,-0.037457425,0.01863749,0.060166135,-0.1119752,-0.08238367,0.21536976,0.017528206,0.13606808,-0.004552886,0.03166219,0.12861949,-0.09577173,-0.005779829,0.05589637,0.13224883,0.0065610744,0.015227277,0.076975435,-0.08150117,-0.041772112,-0.046457097,-0.078574434,0.114013165,0.021192389,0.09761523,0.09503782,-0.2628405,0.21281654,-0.104484946,0.12381826,0.063972205,0.082233086,0.09367244,-0.18789083,-0.07464312,-0.06897418,0.079707526,-0.035345156,-0.08959442,0.17461999,0.020603664,0.14139087,0.17236796,-0.18456239,-0.12507859,-0.048004918,0.09174629,-0.35085794,0.108967215,0.033418525,-0.017409831,-0.037527695,0.012442415,0.0063739503,0.013065729,-0.075713076,0.13452673,0.021362938,-0.042197153,0.021299455,-0.09568337,0.026757214,0.14773959,-0.00039521605,0.02241579,-0.05483767,-0.1791189,0.15901735,-0.046483763,-0.0327481,0.014321076,0.13135125,-0.020772096,-0.0771168,-0.100330055,0.1464057,-0.0027555097,0.16700464,-0.047830336,0.067711934,-0.07532665,-0.031182015,0.013676144,-0.023542047,0.15209275,-0.033146784
LUNG1-199,0.018275708,0.11601409,-0.073998,-0.051153637,0.040627975,0.0045679696,-0.012225881,-0.21016648,-0.043655932,0.17375535,-0.0015781559,0.03983967,-0.1579982,0.032600716,-0.014704742,0.00043930832,0.04763213,0.009627704,-0.011822272,-0.09535041,-0.15622719,0.13483278,0.1870983,-0.060664095,-0.017004937,0.070323296,-0.11187273,-0.055502273,-0.008559562,-0.023934275,-0.016172972,-0.03727007,0.056118973,0.18443173,-0.07050232,-0.024417654,-0.13052249,-0.017978746,0.025314368,-0.006089879,-0.101388246,-0.07396363,-0.07054359,-0.0072139306,0.040804222,-0.076059505,0.0005756179,0.06620175,-0.03879469,0.07619815,0.005576603,0.03125227,0.07283445,-0.051432896,-0.0061905254,-0.06119438,0.06620523,-0.03946811,0.014805656,0.13218255,-0.061986383,0.065972924,-0.1405765,-0.11552222,0.04566502,0.12559971,0.016746812,0.14629263,-0.06591118,0.15814757,-0.12319871,0.2111744,0.053659607,0.04567764,0.07764796,-0.10434524,-0.063725166,0.060319066,0.042946424,0.05336555,0.0046800002,0.031434253,-0.049252197,0.08024564,0.073548354,-0.049825236,-0.16382931,-0.0689713,0.118774116,-0.11945391,0.159446,-0.06244381,0.042216003,-0.15778443,-0.0114515945,-0.12251705,0.0776917,-0.053293042,-0.013143573,0.09765523,0.012331861,-0.06830311,0.04218489,0.003309667,0.11640442,0.019960377,0.005877152,-0.082855955,-0.023257539,0.10913101,-0.22357434,-0.09196482,0.011016067,0.18206063,0.006283883,-0.1395877,-0.09359715,0.06788993,0.062356118,0.05655904,0.06535117,-0.053356115,-0.002383627,-0.051384486,0.024337333,0.0487899,0.111675166,-0.18586701
LUNG1-200,0.03677646,-0.0780243,0.014962591,-0.004284784,0.17260021,-0.22506765,0.0032121986,-0.053009763,0.0729212,0.052093633,0.108272195,0.020351686,-0.21336767,-0.037464418,-0.099646136,-0.080607556,0.10550536,0.02266113,0.0474629,-0.027637597,-0.05896391,0.081998095,0.087700695,-0.017513193,0.10266654,0.042504605,0.011145208,-0.18277505,0.0084043,0.10762569,0.10010131,-0.11862069,0.14619634,0.052655205,0.1200486,-0.02925425,0.051873554,0.07408589,0.037700977,-0.012480143,-0.03645746,-0.0721869,-0.01520334,-0.001998864,-0.0566425,-0.08595529,-0.031744722,0.2762288,-0.06455311,0.13143887,0.14863834,0.049138714,0.19469506,-0.10396512,-0.118267834,0.014135435,0.19781065,-0.0018642731,-0.011802249,0.14229849,-0.05926752,-0.051914357,0.0008665604,-0.13341783,0.02640976,0.021994315,0.05757985,0.02268705,-0.10329872,0.12445193,-0.17495692,0.12217051,0.111276284,0.043279693,0.05610205,-0.02263683,0.16381162,0.09208559,0.0127390735,-0.08950852,0.13187003,0.2801128,-0.016121648,0.15185332,0.04027422,-0.210356,0.0014744475,-0.13330998,0.0375525,-0.28195876,0.09130174,0.14188278,0.12060237,-0.11272431,0.09463583,-0.116630696,0.07490211,0.059371196,0.09695036,0.1044468,0.064295754,-0.2014926,-0.05197019,0.10873382,0.01947084,-0.047180563,0.16598877,-0.013210401,-0.17809874,0.18534479,-0.04900112,-0.097311914,0.025566943,0.25310752,0.07759199,-0.050305694,-0.075994276,0.16142961,0.032748893,0.08687529,-0.024190672,0.03368839,-0.09924782,-0.09813204,-0.112353735,-0.012877531,0.2056345,0.023346655
LUNG1-201,0.0706355,0.034403592,-0.010721715,-0.07238383,0.19663958,-0.15689269,-0.025419578,-0.23805708,0.05889415,0.28068638,0.06578597,0.012037419,-0.31313992,-0.11752372,0.017224126,-0.067970194,-0.055581838,0.06225869,0.07706191,-0.005872704,0.005013045,0.23853266,0.21220085,0.029034,0.1290212,0.06440527,-0.076892,-0.14527118,-0.07503873,0.13327265,-0.11824235,-0.13849929,0.1628424,0.15783074,-0.03617801,-0.07695271,-0.02144828,-0.07318587,0.0014098082,0.14817718,-0.18995169,-0.14083108,-0.06568594,0.014720362,0.03841161,-0.12167951,-0.044498656,0.27943534,-0.05864629,0.21008939,0.039913967,-0.0018697418,0.099450946,-0.16043894,-0.024198098,0.12909798,0.10503029,0.06769281,0.0029062852,0.12320277,-0.0068614013,-0.032322176,0.010612271,-0.04007935,0.17565069,0.07401338,0.036842808,0.108505666,-0.1337282,0.23909742,-0.09831615,0.19242308,0.025931444,0.053204756,-0.009640954,-0.11661516,0.0023803478,-0.049925715,0.20171762,-0.023208197,0.026681758,0.18849578,0.0066646934,0.06420104,0.14275888,-0.26429307,-0.16177106,-0.02030331,0.20714279,-0.3011703,0.14798027,0.0069476143,-0.004385501,-0.14388117,0.0081705935,-0.07237226,-0.031476527,-0.043875217,0.18728855,0.20907554,0.010442939,-0.109877855,-0.03168103,0.11934785,0.23802477,-0.026868964,0.0125584975,-0.03922192,-0.19259863,0.2191132,-0.11251666,0.03674577,0.07800446,0.20413917,0.059839245,-0.09644918,-0.059176587,0.10702682,-0.12111957,0.13265893,-0.05488064,0.07832143,0.01602026,0.06931469,0.05141242,-0.06423014,0.17894506,-0.18937585
LUNG1-202,-0.030384516,0.034961097,-0.05808478,0.0014615282,0.053669803,0.008248955,0.01130306,-0.14606908,0.002656635,0.11335218,0.06503968,-0.039773814,-0.11420031,0.030345466,-0.08626337,0.00928395,0.013536204,-0.047457308,0.048213616,-0.13121963,-0.08788533,0.05439039,0.105709314,-0.029079985,0.021432351,0.11561169,-0.12401131,-0.004625745,-0.050955795,0.018544486,-0.011103174,-0.034737468,0.043999203,0.09254418,-0.09989754,-0.07591756,-0.050997812,0.009306366,0.058942914,-0.027403522,-0.04712826,-0.011207335,0.0012080446,0.034448493,-0.02595002,0.022194654,0.00047254283,0.093578495,-0.08840256,0.08020872,-0.0060215965,0.016492419,0.051159967,-0.07171183,-0.06000483,-0.058217566,0.10069151,-0.06960612,-0.012509014,0.107049994,-0.04090723,-0.020450462,-0.12395854,-0.13967258,-0.021551033,0.02103965,-0.022252686,0.14351276,-0.10336222,0.14219055,-0.10805383,0.17469102,0.013779759,0.065134436,0.11267611,-0.054762363,-0.0052363835,0.041757733,-0.0024389727,0.06515454,0.029470006,0.0667599,-0.082484476,0.09936726,0.09117596,-0.04272434,-0.09497858,-0.020331116,0.0790439,-0.073056184,0.100937806,-0.0049244147,0.07309369,-0.12795277,0.0062741097,-0.076427855,0.020193636,-0.041704677,0.0405355,0.08543334,-0.016574156,0.0029087588,0.033705834,0.036035325,0.07988404,-0.009327861,0.054782785,-0.07866701,-0.067418285,0.07657754,-0.13655518,-0.06756404,-0.0119613595,0.096655786,-0.0018658098,-0.13967662,-0.066339836,0.05269781,0.052410983,0.092769794,0.06337617,-0.099497445,-0.032173578,-0.06052415,-0.08830114,0.02626244,0.046993118,-0.12792744
LUNG1-203,0.052969016,0.14371207,-0.06212314,-0.09479747,0.16071318,-0.09725791,0.02059805,-0.25462365,0.09338736,0.20139205,0.071982846,-0.026869506,-0.26469287,-0.04759323,-0.019686326,-0.01569776,-0.016355885,0.00677267,-0.03743849,-0.06812108,-0.081910044,0.200284,0.16837753,-0.03893278,0.019705497,0.081227414,-0.17481723,-0.06476379,-0.031088375,0.07127395,-0.0026729684,-0.100110516,0.12285727,0.18593058,-0.0031777956,-0.124589406,-0.03074842,0.032081977,0.025160808,-0.017879803,-0.17865227,0.026047908,-0.008122645,-0.0043556616,0.0025852565,-0.10567635,0.04732537,0.1881068,-0.0018802583,0.08386661,0.04799369,0.024441717,0.10277935,-0.14835688,0.040638316,0.059042998,0.10170538,0.036565885,-0.026986785,0.18699077,-0.14394549,-0.007962316,-0.10366302,-0.10707094,0.03627798,0.07929422,0.040552013,0.10521029,-0.090246856,0.17901874,-0.07245845,0.1939036,0.11760931,0.08543338,0.08885179,-0.16686296,-0.09186542,-0.028459925,0.045280527,0.024637513,-0.010690756,0.05291717,-0.0757033,0.08366432,0.114560984,-0.116881445,-0.14592062,-0.009070806,0.10559753,-0.20204139,0.15223065,0.0575618,-0.005907044,-0.16659907,0.0031976923,-0.045176163,0.08405276,-0.052502938,0.046056353,0.028849024,0.027749784,-0.033106077,0.007999601,0.110298574,0.13612814,0.0121913105,0.06520057,-0.067352146,-0.11527237,0.038000166,-0.1428687,-0.05684373,-0.006129876,0.18656102,-0.009930182,-0.051813357,-0.14210288,0.046334825,0.015499117,0.091096625,0.024359237,-0.002955854,0.001522854,-0.02856353,0.03339891,0.05348629,0.12760992,-0.12144481
LUNG1-204,-0.0039974377,0.026648844,-0.024708787,0.0050433613,0.032731697,-0.0066460557,0.048926823,-0.14417148,0.044279963,0.07145809,0.05093919,-0.006656848,-0.13448109,-0.0006095916,-0.076162376,-0.010026412,0.0033165617,-0.05691483,0.051338635,-0.07254066,-0.12996057,0.06318688,0.059279293,-0.0136737,0.026603363,0.07421015,-0.040617038,0.002979599,-0.019917354,0.025605474,0.006741021,-0.06678138,0.037458528,0.0724007,-0.046582017,-0.012546126,-0.074230805,-0.0010855757,0.036034837,-0.0013280008,-0.08363863,-0.084957525,0.015815008,0.025172465,-0.022115652,0.013451882,-0.01735495,0.14235188,-0.07126087,0.06958327,0.020171218,-0.014222339,0.055980723,-0.10996418,-0.0056832638,-0.07033217,0.10206809,-0.024955288,-0.018040918,0.09114155,-0.01814644,0.018323638,-0.079814345,-0.12121025,-0.0038784426,0.07947296,-0.0036007836,0.1176228,-0.0902681,0.12797968,-0.08709016,0.19597088,0.018960293,0.04639683,0.019671977,-0.030269884,0.035057828,0.0024556452,0.064144574,0.057075493,0.07566217,0.06259948,-0.06845692,0.06859562,0.07359978,-0.10539925,-0.12111643,-0.0475151,0.10487829,-0.13113771,0.11794567,0.010810949,0.08912715,-0.14089422,0.069638856,-0.09961635,-0.017911991,-0.025245136,0.018785391,0.09363604,0.025235366,-0.041858204,0.05987508,0.09445345,0.083555326,0.053884566,0.040438905,-0.048830107,-0.10357386,0.07924447,-0.118172415,-0.08937228,0.04895518,0.14921066,0.0040869545,-0.05968276,-0.083014235,0.078451686,0.024501957,0.12755121,0.023492537,-0.07088219,-0.040595297,-0.05933626,-0.04868915,0.03994081,0.07502595,-0.17306337
LUNG1-205,0.111317895,0.08672152,-0.043024484,-0.026843809,0.08245231,-0.04816371,0.10687201,-0.21769795,0.028007928,0.23400787,0.064637184,-0.061492942,-0.30066705,-0.047130466,0.03178794,-0.14193496,-0.044408374,0.02828858,0.05364719,0.024401411,-0.036463164,0.17134964,0.14034459,0.029282149,0.10892126,0.03895815,-0.04047256,-0.100228705,-0.032629557,0.05943343,-0.15597117,-0.09419324,0.09101493,0.10593231,0.004051812,0.073761165,-0.0880802,-0.090921454,0.0015330296,0.10640849,-0.22070393,-0.21133411,-0.023804002,-0.017793706,0.015420079,-0.049623553,-0.07933169,0.23508465,-0.045506243,0.14229985,0.006441653,-0.0887622,0.06817697,-0.13222636,-0.026827648,0.047086217,0.08103484,0.018243834,-0.05731331,0.1293397,0.018062565,0.0014032349,0.022956146,-0.10369137,0.16400415,0.09966147,-0.032937348,0.10234152,-0.05115921,0.21933958,-0.0064171143,0.19977047,0.014659446,0.019969251,-0.12779808,-0.0841728,-0.015385505,-0.0012187492,0.17159888,0.005707238,0.030863555,0.121340446,0.060704365,0.07335001,0.11295453,-0.31261164,-0.13323942,0.008875849,0.16932194,-0.2085227,0.14431354,-0.032641664,0.018496089,-0.15816796,0.03440915,-0.059016,-0.093725055,-0.089858696,0.124311894,0.07260244,0.02231659,-0.06577926,0.10128501,0.12892772,0.124862894,0.04903256,0.07145964,-0.064819,-0.24358608,0.09164609,-0.20664287,-0.050030246,0.05479881,0.16019604,0.076722,-0.05840362,-0.08828468,0.10311589,-0.03966178,0.1358937,-0.08750003,0.08692706,-0.034306467,0.14024512,0.011257045,0.03541342,0.07531421,-0.21237862
LUNG1-206,0.106290914,0.08254855,-0.025354523,-0.18736345,0.2900601,-0.17472655,-0.062204994,-0.3365133,0.10230801,0.3634513,0.17065355,-0.030229174,-0.44835886,-0.08196627,0.0005007535,-0.16502967,-0.1311111,0.0006865747,0.19429702,0.08903262,0.03371076,0.38063392,0.42192778,0.14693043,0.2157422,0.16927582,-0.22932886,-0.22419524,-0.11513366,0.22963563,-0.15556759,-0.05297767,0.2597978,0.15919319,-0.03441304,-0.25187227,0.1793302,0.0090918,-0.002294138,0.19343847,-0.2289472,-0.13338608,0.0034341253,0.0025035776,0.10289387,-0.2144751,-0.07003051,0.44458964,-0.08138567,0.32596326,-0.045351118,-0.114846356,0.1366813,-0.14841692,-0.026261508,0.20190106,0.16239762,0.13277143,0.0997823,0.07502548,0.007298832,-0.15439928,-0.011814277,0.030797467,0.23733577,0.14263406,0.09964991,0.11286584,-0.22305709,0.24891093,-0.20359007,0.1764676,0.08140914,0.119111784,0.1441611,-0.21034715,0.005862994,-0.08177882,0.2544502,-0.06943708,-0.04991042,0.27963138,0.06800954,0.06528761,0.23999286,-0.4337659,-0.1333184,0.0053083356,0.18107063,-0.2825091,0.22844708,-0.07341379,0.057383254,-0.088455155,-0.14354321,-0.077645816,-0.17576846,-0.012068926,0.16244633,0.23067763,-0.009703624,-0.16799545,-0.13795978,0.13914633,0.2843174,-0.088880464,0.021265741,-0.10084845,-0.27718407,0.28462005,-0.030058876,-0.004900947,0.16100228,0.3493015,-0.07649787,-0.18522947,-0.044548556,-0.029055975,-0.12216166,0.25066343,0.0005756095,0.12938237,0.0045391135,0.10895772,-0.07714678,-0.12745222,0.22290453,-0.13201535
LUNG1-207,0.06462174,-0.0077341497,0.02529699,-0.022706546,0.11326857,-0.1466665,0.015656903,-0.06849767,0.110683955,0.11727661,0.21268985,0.06454241,-0.26515952,-0.07355147,-0.08638355,-0.10981811,-0.02918713,-0.09118372,0.089317754,-0.027634554,0.046901736,0.13226229,0.0810136,0.049136627,0.08975908,0.13854201,-0.07603274,-0.13090655,-0.02448935,0.14726113,0.03921881,-0.046735138,0.10346976,0.028758716,0.068488814,-0.10453013,0.119959176,0.129677,0.009290682,0.07008531,-0.071552254,-0.020036887,-0.033056047,0.03977277,0.03191448,-0.106473975,-0.07716517,0.28516433,0.0023853257,0.13299482,0.15571088,0.031626396,0.1793203,-0.13710684,-0.104410574,0.024870992,0.14829803,0.025706358,0.034254868,0.09063943,-0.010353082,-0.045091443,-0.06277313,-0.17641586,0.065294385,0.015041956,0.08899805,0.024605498,-0.20505072,0.17721593,-0.1668256,0.12271437,0.06678788,0.057507247,0.122550026,-0.020260911,0.08350077,-0.003823441,0.10917533,-0.107790776,-0.00632865,0.27254075,0.014830895,0.23633417,0.13678381,-0.23455675,0.06670247,-0.11554343,0.0014047027,-0.24623123,0.15320256,0.10084961,-0.004820764,-0.10500258,0.047381658,-0.10020932,-0.006278958,-0.004410267,0.07986578,0.056724608,-0.05831457,-0.07590353,-0.07473784,0.15961361,0.07624466,0.036464266,0.110149205,-0.045424562,-0.16986558,0.2506426,0.016726293,-0.1181269,0.016042344,0.1551697,0.007747585,-0.06174102,-0.07702781,0.06260677,0.045052685,0.21799165,0.026249394,0.07169664,-0.19652306,-0.04743961,-0.07396368,-0.042244934,0.15016785,0.07809267
LUNG1-208,0.0075331666,-0.009612363,-0.008316999,0.022774395,0.063284196,-0.06317851,0.01968737,-0.098563135,0.046034873,0.106584445,0.0881391,-0.0024593323,-0.16554976,0.00033902377,-0.065796696,-0.026190957,-0.042445384,0.00070296414,0.012318358,-0.027810272,-0.046973348,0.0994036,0.07106337,0.0350731,0.072833076,0.073238,-0.041328084,-0.023378864,-0.065507896,0.08446861,0.02840773,-0.098492965,0.07260778,0.03548013,-0.006707024,-0.023215212,-0.0070711933,0.060013242,0.007445518,0.052039523,-0.08689068,-0.068146154,-0.019475345,-0.033488497,-0.050242744,-0.07179104,-0.05243256,0.14569688,-0.06677038,0.07034522,0.15047182,0.06964463,0.066498935,-0.11811483,-0.027536297,-0.021769073,0.09379177,-0.051095106,-0.021578422,0.09455238,-0.03799482,-0.013081692,-0.052404292,-0.13981329,0.04435289,-0.0037722923,0.0008049235,0.07302288,-0.07078514,0.10290507,-0.120727725,0.1267175,0.009263884,0.021264954,0.058878038,-0.034052975,0.035967484,0.027654048,0.041168794,-0.04741666,0.007467758,0.107978486,-0.029141579,0.12584653,0.100283355,-0.095905766,-0.04901529,-0.04824703,0.06553377,-0.15883619,0.12981646,0.059430428,0.07202469,-0.085449286,0.039231535,-0.05467502,0.03477032,0.009944009,0.051572904,0.06884057,0.013254391,-0.06878691,0.008396203,0.08486252,0.11514009,0.0007162634,0.13080008,-0.047676355,-0.10242757,0.13861169,-0.091129,-0.12560335,0.015609967,0.105822176,0.078301266,-0.08395585,-0.089422,0.019749861,0.010891457,0.082272485,0.050856806,-0.0027802289,-0.1386181,-0.058177635,-0.08470088,0.0066345334,0.12405024,-0.018411696
LUNG1-209,0.10634001,0.027636267,-0.06285268,-0.06418993,0.17390521,-0.17750739,0.038320046,-0.21132344,0.08872734,0.23903966,0.25556213,-0.054673444,-0.38124052,-0.06418907,0.027408369,-0.20939893,-0.12766889,-0.107465655,0.060812674,0.06667785,0.0021549948,0.27615315,0.23037466,0.09696897,0.12840462,0.16623399,-0.0850263,-0.1117386,-0.022855535,0.1562837,-0.033083063,-0.039600283,0.1000444,0.03427841,0.04091876,-0.13846052,0.091876045,0.07078712,-0.053041413,0.12372399,-0.21329291,-0.07918436,0.07824368,-0.050905854,0.027382933,-0.17524453,-0.019650351,0.24416435,0.03559152,0.26802236,0.09994482,-0.07439884,0.07170484,-0.26825985,-0.022053935,0.1404479,0.14880857,-0.009568233,0.105028376,0.103161454,0.011633035,-0.057503544,-0.02172417,-0.07152033,0.12995996,0.015944416,-0.002230484,0.027405096,-0.1514227,0.18764159,-0.122070715,0.12532733,0.11976133,0.09174174,0.045747004,-0.13291897,0.028208572,-0.053760592,0.11586797,-0.1119497,-0.07339405,0.21898794,0.13832973,0.15417278,0.23491257,-0.31166816,-0.040658362,0.01613899,0.09065626,-0.255624,0.18821314,0.12314276,0.0346024,-0.11996254,0.00083289295,-0.013701454,-0.11681856,-0.1030678,0.1615334,0.094455875,0.013013055,-0.10076551,-0.060576767,0.16567788,0.17040682,-0.017722307,0.10258109,-0.10795987,-0.26809826,0.12833758,-0.03251525,-0.120943576,0.05573728,0.22154576,-0.07422659,-0.19923519,-0.13643171,0.009894401,-0.015269946,0.12197046,-0.020439796,0.1707993,-0.16970167,0.034516886,-0.049632736,-0.07893772,0.15334836,0.10218585
LUNG1-210,0.2824849,0.07177846,-0.383167,-0.08388267,0.13702862,-0.22854793,-0.228347,-0.2949068,-0.05574064,0.2507285,-0.020506136,0.059451208,0.009856693,-0.08728606,-0.18423195,-0.120303094,0.19303063,-0.18032013,0.19300437,0.0046976134,-0.23074073,0.30321008,0.2756428,0.05517663,0.17681542,0.053523876,-0.3007867,-0.24240118,-0.14693654,0.07023236,-0.1662097,-0.058609903,0.21689925,0.020292442,-0.14273205,-0.0009951405,0.047917802,0.11360114,0.12588254,-0.03844872,-0.15440845,0.22719702,0.17664406,0.39744645,0.06844241,-0.18712299,-0.08229187,0.36639675,-0.17359522,-0.05880209,0.03156843,-0.08140472,0.12158091,-0.014658321,-0.07950653,0.052054733,0.23680243,0.08863927,0.053376395,-0.06667896,-0.29820573,0.0074973144,-0.23219857,0.008500695,0.37844342,-0.17558903,0.03073194,0.68699443,-0.021157194,0.14763638,-0.3476854,0.32942668,0.15209055,0.13560201,0.23797959,-0.05746261,-0.059078187,0.028035821,-0.013405847,0.14103222,-0.102431156,0.18959148,0.11414671,-0.17498112,0.15375179,-0.24114151,-0.333341,-0.046048224,0.0073883682,-0.08744552,-0.0037937015,-0.2114783,-0.03709451,-0.055748112,-0.16603786,-0.1253866,-0.002107866,0.08819615,-0.054315396,0.14908633,-0.03752231,-0.3235329,0.062998354,0.016166423,0.05953744,-0.122024104,-0.050391987,0.04573397,-0.056698844,0.10891844,-0.12304877,-0.04307867,-0.015310891,0.2988309,-0.0026910882,-0.43628496,0.009726316,-0.17507344,0.07804243,0.003268674,0.13445115,0.060212433,-0.13906497,-0.0237085,0.043147363,-0.05648849,0.11816558,-0.045849286
LUNG1-211,0.098231085,0.10411727,-0.054018363,-0.019555867,0.1639639,-0.1141682,0.034237012,-0.23237082,0.08460948,0.24232757,0.1364328,-0.09722678,-0.28951108,-0.047627106,0.03913551,-0.11417024,-0.102009,-0.058697306,0.11287888,0.037961453,0.05037087,0.2201575,0.19357437,0.09079981,0.14876594,0.10617262,-0.052718572,-0.11491961,-0.04396847,0.14091553,-0.101337604,-0.08846751,0.13335168,0.13094369,0.018007234,-0.07067012,0.021304842,0.0059389714,0.017737918,0.121296905,-0.25553417,-0.13947569,-0.0058521517,0.025983833,-0.01275539,-0.09121245,-0.049666964,0.21799865,-0.01754921,0.23498467,0.02951391,-0.061730526,0.068303704,-0.22177888,-0.027445143,0.10862756,0.1404413,0.014000941,0.010791622,0.12265766,-0.0019203357,-0.08773839,0.055913366,-0.041252434,0.17862543,0.034384724,0.0009964518,0.050880313,-0.08685963,0.17099243,-0.040521346,0.13406469,0.043866705,0.08074209,-0.054765336,-0.15345004,-0.0017872043,-0.10582747,0.17005134,-0.09004087,-0.036192186,0.16927585,0.092577055,0.03733157,0.17907688,-0.27797616,-0.13754755,0.041811533,0.16455373,-0.2251066,0.12131404,0.018941317,0.022124883,-0.11837133,0.027041161,0.018172927,-0.100341424,-0.088784136,0.15059544,0.113985404,0.0400652,-0.13333173,-0.027708992,0.12914103,0.18922114,-0.052452996,0.094661616,-0.079872414,-0.2853529,0.13028891,-0.069656774,-0.046709508,0.045574278,0.19271764,0.0032603107,-0.13692172,-0.09805468,0.041343875,-0.047425404,0.10011701,-0.06848666,0.11220917,-0.073445804,0.12859744,0.021315187,-0.054408804,0.1388042,-0.10295896
LUNG1-212,0.05030501,-0.037114687,-0.033887092,0.020108636,0.14189808,-0.13487813,0.080556266,-0.109046474,0.12206961,0.10056456,0.15644407,0.0015586838,-0.22949147,-0.028757453,-0.10993816,-0.019735971,-0.014080785,-0.05730421,0.05537367,-0.047105327,-0.042210646,0.13223046,0.06744315,0.07039345,0.07051513,0.1424366,0.014120109,-0.0881749,-0.066333726,0.04786939,0.014274277,-0.11091317,0.058360018,0.0161944,0.04632332,-0.02888596,0.048187267,0.059918314,0.023958843,0.053626318,-0.10061544,-0.03420056,0.0072062947,0.072817534,-0.013203438,-0.106951945,-0.014759649,0.22147933,-0.065609135,0.00095136464,0.12122181,0.008889936,0.12360413,-0.16085653,-0.011618372,-0.015023474,0.149333,-0.015169047,-0.04810013,0.06486979,-0.038944684,-0.12833172,-0.03157498,-0.094917186,0.03853772,-0.017375886,0.018616032,0.046983797,-0.06682867,0.15086466,-0.10235889,0.18150224,0.08957267,0.07329933,0.031080613,-0.020089827,0.04972587,-0.0038228733,0.064720966,-0.07748262,0.070509695,0.15426552,-0.022689417,0.059804548,0.07654866,-0.169765,-0.019064583,-0.057001702,0.10005384,-0.2587756,0.10740796,0.15475652,0.090292595,-0.08142453,0.1395954,-0.08936018,-0.046643965,-0.008055357,0.016671486,0.0928532,-0.0012204675,-0.0131125115,-0.037898168,0.11504991,0.10956905,-0.027679823,0.16225287,-0.040442485,-0.17556193,0.09782032,-0.08271926,-0.07840949,0.03916277,0.15442505,0.094553694,-0.034600995,-0.07461029,0.013106048,0.005965233,0.13127196,0.015382018,-0.0029946268,-0.14076106,-0.049031783,-0.04146002,0.029704131,0.1647686,-0.05418426
LUNG1-213,0.100580454,0.08635766,-0.06212242,-0.055426612,0.15941584,-0.1233883,0.028183572,-0.20437819,0.086802326,0.19863355,0.1455029,-0.09913041,-0.28652734,-0.03696619,0.006126292,-0.15469024,-0.10614809,-0.04432318,0.14320715,0.061777845,0.015160736,0.22374961,0.18940529,0.09029318,0.13820738,0.10146354,-0.066928536,-0.089396425,-0.063447,0.14900294,-0.110872746,-0.05872785,0.14568628,0.09834117,0.019796722,-0.05562284,0.027786884,0.018737273,-0.00034264103,0.10802142,-0.21979593,-0.12480955,0.025673054,-0.0038142372,0.03853225,-0.08243394,-0.03593824,0.22308663,-0.007957071,0.23095852,0.028396558,-0.061399624,0.07387248,-0.20168379,-0.021752667,0.0944719,0.13328382,0.010264557,0.006988447,0.10182221,0.044361603,-0.069478974,0.030119883,-0.03414154,0.1563518,0.057384294,0.032025658,0.031843815,-0.11400762,0.13879067,-0.07102899,0.10386387,0.053332847,0.0888984,-0.0055081323,-0.12061076,0.015756896,-0.06928775,0.14724678,-0.12414401,-0.009604178,0.17999922,0.08312449,0.077613816,0.15801153,-0.2482828,-0.10476711,0.027730245,0.11655537,-0.21640024,0.14674032,0.045622807,0.017430902,-0.10485801,0.029203057,-0.0069233314,-0.10920364,-0.07743845,0.13920996,0.10059428,0.011107044,-0.12453382,-0.015424885,0.14958858,0.15096265,-0.025033802,0.08536401,-0.0944529,-0.26518172,0.15111615,-0.030962378,-0.058914278,0.06322176,0.19041333,-0.025437396,-0.1211746,-0.09437128,0.05675103,-0.024620272,0.12509902,-0.058098897,0.10570316,-0.07327479,0.12704936,-0.0073532816,-0.049135,0.11735982,-0.06978548
LUNG1-214,0.057275005,0.021649143,-0.041794434,-0.05508457,0.1304793,-0.10108358,0.07606819,-0.1333017,0.065073125,0.062589586,0.12672812,0.0005753413,-0.1907254,-0.036248006,-0.099883184,-0.09632201,0.043081053,-0.06452402,0.09481136,-0.07417762,-0.054512344,0.060054265,0.00798152,0.03582687,0.09124665,0.106333405,-0.065517396,-0.09567798,-0.005907677,0.06004286,-0.00024309661,-0.06029305,0.057965092,0.0135511495,0.09623775,-0.08948975,0.08802138,0.04389918,0.035079677,-0.016379185,-0.08527304,0.002018202,-0.03789898,0.020478722,-0.013265427,-0.008749819,-0.042248756,0.19897234,-0.103799574,0.10019384,0.09105641,0.026804699,0.1451408,-0.14274523,-0.07383669,-0.009678185,0.19410932,-0.0073592477,-0.051694203,0.09840127,-0.038540177,-0.027571715,0.009656342,-0.13668323,0.06319548,-0.0016791448,0.037212875,0.049425486,-0.10555369,0.15942001,-0.10872702,0.11586307,0.09742214,0.05491029,0.022669718,-0.015691802,0.030862266,0.0070907334,0.023986908,-0.058576923,0.050564744,0.20370916,0.010897301,0.08949277,0.123386584,-0.19965434,-0.022219859,-0.039688997,0.055025585,-0.18690741,0.11071202,0.17835808,0.08232145,-0.14925659,0.093005806,-0.03906716,-0.014118865,-0.032033414,0.028175129,0.010389142,-0.041474402,-0.027043225,-0.050315917,0.11712749,0.041470733,-0.022733394,0.08094074,-0.055534817,-0.19743042,0.08573443,-0.03924775,-0.05915091,0.019360995,0.17647085,0.031346153,-0.08161646,0.005113881,0.090908006,0.115505196,0.13481908,0.0055412613,0.021622255,-0.17231347,-0.003133634,-0.06335765,0.040255062,0.08685815,0.031823635
LUNG1-215,0.01677655,0.086283,-0.05713708,-0.05788175,0.104738764,-0.03221976,0.011221081,-0.1831829,0.043220356,0.15396601,0.015461579,-0.023272984,-0.16049369,0.0044977143,-0.00406716,-0.018010812,0.000779544,0.06752229,0.10113111,-0.039944567,-0.021846611,0.16920568,0.096404076,0.025871567,0.08159546,0.07073513,-0.123338565,-0.025284544,-0.060265683,0.024651196,-0.10164043,-0.08624444,0.12507886,0.14359498,-0.02312648,-0.052423924,0.01213121,-0.031075615,0.0573659,0.014299957,-0.1071225,-0.08440433,-0.04339306,0.01495805,-0.0063428544,0.02502583,-0.058544062,0.18471032,-0.07824325,0.100379124,-0.009108886,0.017582765,0.11868386,-0.13724121,-0.026283277,-0.022225939,0.08776452,-0.015159242,-0.10039437,0.09162354,-0.047138095,-0.06266558,0.031209446,-0.044305872,0.06635955,0.07870051,0.046625733,0.08020525,-0.074051745,0.16632417,-0.033226065,0.11714696,0.01883142,0.055306174,0.008274198,-0.111613974,-0.024491131,-0.0023098015,0.077584915,0.030475348,0.03323036,0.0462781,-0.0497924,0.064992875,0.07369102,-0.14337586,-0.16589776,-0.01647942,0.1290939,-0.15593927,0.13996565,-0.025813933,0.02775364,-0.13771757,0.038619544,-0.06001511,-0.021264737,-0.037140653,0.018178754,0.15714452,-0.010711454,-0.03124173,0.061680935,0.06395807,0.10199645,-0.0060836095,0.049285643,-0.0679328,-0.103695475,0.10658431,-0.13025267,-0.03491244,0.030988825,0.10571396,-0.008238552,-0.03839088,-0.07660766,0.05770684,0.05302466,0.12204221,0.02509983,-0.06485152,-0.03141418,0.09393481,0.013538167,0.0149614215,0.12240183,-0.2479311
LUNG1-216,0.17045411,-0.0138076395,0.045261938,-0.27945155,0.21135588,-0.12566903,-0.097325034,-0.106975734,0.257569,0.48286238,0.3409855,0.29722625,-0.36931875,-0.013277397,-0.13007218,-0.07179575,-0.22453964,-0.023063686,0.14187814,-0.09063114,-0.096139655,0.4533504,0.2397798,0.04365147,-0.035566606,0.22276556,-0.36264047,-0.263117,-0.057870347,0.15606213,0.0606685,-0.13109767,0.1403814,0.2788999,0.13933307,-0.34060276,0.11490749,0.12467839,0.30338788,0.0788596,-0.26584232,0.27540845,-0.09737,0.19322258,0.10800076,-0.32879153,-0.14858995,0.40651298,-0.07065297,0.1737755,0.120517045,-0.056226224,0.24052358,-0.14617452,-0.09477319,-0.0038083047,0.43968958,-0.12599277,0.26604232,-0.061284028,-0.37207216,-0.20299196,-0.1985348,0.06551666,0.0972181,0.1035596,-0.07309258,0.14109904,-0.48912916,0.51629806,-0.024133071,0.2740046,0.22849183,0.16615787,0.045270685,-0.37201533,0.22051713,-0.009183219,0.09741517,0.048808627,-0.037854493,0.48718882,-0.060868368,0.11770551,0.2780592,-0.26698315,-0.03434276,-0.17644149,-0.040516905,-0.30289266,0.029348243,0.16613612,-0.17174017,-0.004006855,-0.111824885,-0.13632286,0.06708394,-0.07287204,0.25861895,0.26851475,-0.23335765,-0.14225373,-0.14383027,-0.07546949,0.15912807,0.11382755,-0.19559056,-0.0970761,-0.07898394,0.32682678,0.017273404,-0.14003739,0.10444525,0.22933924,-0.05864454,-0.123373546,-0.32602525,0.21300933,0.11760823,0.12664825,0.19511965,0.21882701,-0.022150915,-0.12754908,0.04860682,-0.02574297,0.088991925,0.05636985
LUNG1-217,-0.018856224,0.053082854,-0.06457209,0.035516813,0.104275234,-0.06218197,-0.032478876,-0.21260774,0.015452975,0.14290869,0.06486015,-0.008946843,-0.1216657,0.0068908893,-0.0445906,0.039099887,0.004134627,-0.035175003,0.006443592,-0.10288504,-0.097216845,0.069001034,0.12250344,0.0373503,0.036466613,0.05199565,-0.053520195,-0.048703164,-0.08517113,0.047625177,-0.020824559,-0.12472983,0.11760919,0.12786102,0.031443805,-0.017278045,-0.037806995,-0.020320758,0.0014022309,0.0066723274,-0.1784034,-0.02346122,-0.041914042,0.046870813,-0.03628414,-0.06397711,0.011767333,0.10144947,-0.11992628,0.078473896,0.04209569,0.042832162,0.10435766,-0.11731574,0.03383996,-0.02523727,0.090901054,-0.04760212,-0.06183812,0.11168392,-0.10290368,-0.0062599853,-0.0056903586,-0.1077921,0.04711051,-0.025137447,-0.00267094,0.15932207,-0.058753602,0.15845034,-0.075303756,0.17897755,0.019196477,0.10341088,0.04054388,-0.11168085,-0.065290555,-0.036333196,0.043853477,0.026131496,-0.0051455647,0.06681569,0.014459826,0.00018145144,0.10006047,-0.1078473,-0.13097626,-0.00078372844,0.113409646,-0.146965,0.0985325,0.02264363,0.07410474,-0.10741037,0.028758232,-0.076624975,0.037547294,-0.03240464,0.013275784,0.05240927,0.027675591,-0.053897552,-0.0041530207,0.030866086,0.0897151,-0.09630228,0.07045448,-0.052700326,-0.08806466,0.025293395,-0.1518188,-0.06834632,0.004679773,0.07170896,0.06403084,-0.106884785,-0.040713686,0.074037045,0.035211142,0.043827783,0.03196058,-0.023072612,-0.09857896,-0.026994271,-0.013355367,0.076303706,0.09022921,-0.15803525
LUNG1-218,0.029375285,0.15931821,-0.08759337,-0.007779479,0.13310948,-0.06577934,0.00076687336,-0.2523116,0.024780395,0.19704732,0.03485309,-0.032017805,-0.1889292,-0.00250962,0.014292613,-0.007005548,0.00976702,0.011986064,0.033984955,-0.06649548,-0.06773637,0.13436738,0.15773234,0.043072127,0.037808508,0.027955776,-0.10297869,-0.13532123,-0.049080044,0.06751473,-0.07857478,-0.1027472,0.15390551,0.18446034,0.029713087,-0.022346303,-0.053979963,-0.00012660213,-0.024776725,-0.017908871,-0.20604002,-0.04862243,-0.028480208,0.03691181,-0.024138026,-0.056769665,-0.012408905,0.10084225,-0.057164177,0.121601075,-0.019110553,0.007691007,0.08553297,-0.115411334,-0.03853727,0.04408505,0.07923941,-0.0079721995,-0.023990486,0.13366905,-0.09001082,0.029841125,-0.03569046,-0.07946719,0.097810835,0.033311002,0.009819761,0.13487694,-0.086087175,0.13986537,-0.045232154,0.16582291,0.032966916,0.07148734,0.012428027,-0.1907546,-0.045133736,-0.037975866,0.09836391,0.0012341253,-0.01575134,0.037134305,0.014733374,0.056167103,0.08375515,-0.1443763,-0.19558863,-0.007941173,0.13135473,-0.16025287,0.0864125,-0.041260414,0.052581523,-0.12898503,0.01575903,-0.012119556,-0.015420217,-0.06785102,0.07342575,0.04304394,0.040697154,-0.06751339,0.03344523,0.048449244,0.09025833,-0.05549448,0.06653683,-0.05827211,-0.15179263,0.024639316,-0.15515122,-0.036853015,-0.031561047,0.14856297,0.00269337,-0.086674586,-0.08660516,0.09060283,0.019236019,0.046862952,-0.04327268,0.0035967082,-0.034314785,0.0264779,0.043792076,0.049404263,0.079286665,-0.1916261
LUNG1-219,0.21506849,0.19912955,-0.26019534,-0.17593893,0.041155186,-0.038982023,-0.27794448,-0.25102112,-0.16489595,0.19226223,-0.040811107,-0.058767155,-0.18966714,-0.17524272,-0.16592172,-0.0776478,0.13993123,-0.1519323,0.08561719,-0.12630957,-0.29217535,0.20218065,0.24676704,-0.054444037,0.036934078,0.00024730712,-0.31259555,-0.20839375,-0.052852307,0.09675181,-0.12713578,-0.07219534,0.13005623,0.20204043,-0.19840474,-0.0643386,-0.21098565,-0.044642903,0.15493771,-0.06700219,-0.059692897,0.08811588,0.010552444,0.11336885,0.19003063,-0.13451377,-0.059692092,0.121403456,-0.022434182,0.034261394,-0.07183956,-0.062330134,0.04844067,0.08647518,-0.06442754,0.04356184,0.20084298,0.022606231,0.16637656,0.022527196,-0.15574184,0.12642373,-0.3691172,-0.11665962,0.14990604,0.042954944,0.012491714,0.463367,-0.1359151,0.15144132,-0.13987833,0.29429212,0.1583758,0.056802567,0.21588248,-0.04387032,-0.06728517,0.062214285,0.085878104,0.14827418,-0.13234326,0.1366922,0.043684795,-0.024517544,0.15393057,-0.24541934,-0.2709893,-0.04281041,-0.018396728,-0.079791985,0.102921724,-0.17879415,-0.1655043,-0.19311963,-0.23536383,-0.14294896,0.18808216,-0.051482353,0.08716144,0.09966171,0.050801795,-0.30084878,0.2181946,-0.031820163,0.09460426,-0.01830862,-0.13498828,-0.11113992,-0.026480693,0.08868977,-0.20650135,-0.0705281,-0.09831967,0.2517764,-0.047692426,-0.35264915,-0.069541484,0.037125185,0.060645554,-0.0024307705,0.07332454,0.040890217,-0.008766457,0.013005927,0.04473544,0.0047273636,0.057823658,-0.10987347
LUNG1-220,-0.03420966,0.0013123378,0.010253746,0.032244574,0.04209702,-0.006951157,0.007950313,-0.16895251,0.04257251,0.10835108,0.06878178,-0.027641542,-0.18318006,-0.018709406,-0.06570246,-0.008413063,-0.06814669,-0.012185162,0.09282258,-0.0100757405,-0.005625494,0.09659492,0.08959097,0.07635635,0.09390567,0.059494242,-0.0012600869,-0.03185235,-0.038178816,0.1098627,-0.0067708236,-0.123269126,0.083951846,0.081566125,0.010256015,-0.03188338,0.0038307533,0.01610982,0.03830905,0.030567259,-0.12970132,-0.09072797,-0.04386667,-0.0005235784,-0.026564296,-0.046882395,-0.023040704,0.16353245,-0.106762104,0.12703745,0.09060183,0.022484956,0.0956305,-0.12617253,0.027555179,-0.01335182,0.090084806,-0.009371594,-0.03844907,0.093719766,-0.044059888,-0.030822113,-0.0034691575,-0.10803245,0.064856246,0.006256582,-0.024081677,0.05311911,-0.041616753,0.09639841,-0.09718919,0.12563235,-0.006665271,0.014199691,0.0028033443,-0.058102913,0.04497319,-0.043020863,0.09806834,-0.034267798,0.0028117187,0.08582695,-0.04057058,0.041758865,0.11357144,-0.109788835,-0.060388565,0.016322076,0.12833597,-0.20607324,0.11057577,0.027770054,0.04763314,-0.10970471,0.058684863,-0.028305799,0.0042783897,0.0042701084,0.06700607,0.09472976,0.05109427,-0.094670534,-0.0066661574,0.091764875,0.1535883,-0.023768099,0.10924679,-0.056058567,-0.14433107,0.16409504,-0.0802796,-0.08879816,0.022015164,0.089045614,0.05264265,-0.057777,-0.0783607,0.07829868,-0.018272504,0.100923285,-0.0073871315,0.017635815,-0.09525719,-0.0036498439,-0.078712225,0.039688833,0.12473432,-0.055976238
LUNG1-221,0.05483029,0.009374978,0.030650854,0.006875314,0.091898695,-0.033865925,-0.01960317,-0.21482185,0.016534442,0.23662865,0.080554925,0.06379004,-0.32929876,-0.13458866,-0.06902134,-0.015747525,-0.05639267,0.044861414,0.05018942,0.0030682757,-0.017960785,0.17600378,0.104063496,-0.022746447,0.0795591,0.0689175,-0.011320602,-0.07159025,-0.035762873,0.057740077,-0.06827977,-0.14487806,0.11265145,0.12244575,-0.049952,-0.008143526,-0.051647127,-0.14118114,0.02154104,0.109501146,-0.14280996,-0.1826177,-0.057302788,-0.0030761957,0.061612606,-0.0617174,-0.028049488,0.26729304,-0.109244436,0.08480794,0.069235906,0.011655763,0.10855824,-0.11371522,-0.011134645,0.05714427,0.09986682,0.08357672,-0.039812587,0.12032555,-0.021792434,0.02886841,0.03928284,-0.08261458,0.13277555,0.044832923,-0.019262388,0.11601267,-0.089384586,0.25592214,-0.055980045,0.23443753,0.022218797,0.053581424,-0.06299606,-0.04138087,0.032705355,-0.06366844,0.20054695,0.0143747665,0.011917997,0.13173623,-0.034791455,-0.0024201572,0.17988533,-0.25050056,-0.11100663,-0.0027584871,0.17571618,-0.29834622,0.21991321,0.041192528,0.02187163,-0.1220645,0.06379272,-0.16198224,0.035285678,-0.03886612,0.12206913,0.16429344,0.04342373,-0.06654401,-0.022894174,0.12287763,0.22839898,-0.017434902,0.06616021,-0.023378905,-0.16913414,0.2104741,-0.17848143,-0.032459397,0.1157546,0.08550511,0.13683932,-0.055381145,-0.064458564,0.10453193,-0.08707006,0.13724901,0.03204096,0.037567228,-0.0008728802,0.03398577,0.04809328,0.0012023598,0.16312647,-0.18270606
LUNG1-222,0.13986939,0.03148062,-0.018633787,-0.17078152,0.27087906,-0.13727629,-0.05538983,-0.20503,0.033641934,0.05864894,-0.067874685,-0.06420505,-0.19727522,-0.03000433,-0.20973971,0.09049392,-0.03150241,-0.11728534,-0.040647693,-0.046871282,-0.07034467,0.1598209,0.3165369,-0.05774259,0.090696394,0.07309392,-0.4030998,-0.16389567,-0.09815349,0.2788468,0.11724135,-0.026700787,0.12982558,0.095264345,0.099669576,-0.08086268,-0.08977821,0.08568363,0.15369016,0.023697708,-0.10645977,-0.033825636,0.09216864,0.14168233,0.07677404,-0.08992416,-0.15706433,0.13068381,0.013664447,0.20954725,-0.19634312,0.1213198,0.17262256,-0.16052248,-0.11159131,0.018862985,0.2194596,0.19209275,0.18355198,-0.044462793,-0.050746508,-0.06366406,-0.081025384,-0.052557107,0.063653626,0.066867225,0.27624828,0.19710532,-0.3004516,0.11661945,-0.19305693,0.20618218,0.15979159,0.118576795,0.29086918,-0.062381424,0.03872343,0.0026406914,0.15909883,0.05868812,-0.08287083,0.3512805,0.07279654,0.07623162,0.09282879,-0.36910272,-0.1934698,-0.15004212,0.1647017,-0.39470413,0.2517747,-0.04780252,0.12470923,0.05613315,-0.07339813,-0.1269965,0.04652621,0.051323526,0.1885562,0.07188699,0.02798186,-0.08246459,0.005402118,0.05668014,-0.010554686,-0.029754022,-0.009583421,-0.09932779,-0.20391463,0.0959423,0.14013639,-0.013362709,0.041462645,0.09396329,0.10504116,-0.24238975,0.083889246,-0.0107271075,0.060234036,0.24628219,-0.035781115,-0.045581087,-0.1187982,0.029240362,-0.24158129,-0.08252355,0.032661844,-0.018914517
LUNG1-223,0.067271516,0.025515914,-0.019435333,-0.09103175,0.09321774,-0.046989195,0.0045965835,-0.13374583,0.069508374,0.13803214,0.0432723,-0.0012164861,-0.21854916,-0.05118476,-0.060012836,-0.039042365,0.0035339221,0.054115612,0.06135557,-0.002912648,-0.07347922,0.20420983,0.09111556,-0.015825976,0.023969281,0.089193255,-0.061023243,-0.014541015,-0.07234326,0.045167234,-0.04705692,-0.06886813,0.09402846,0.12689334,-0.021887446,-0.015211947,-0.051907495,-0.014954556,0.05803582,0.05821323,-0.11201522,-0.103374965,-0.060419362,0.0567645,0.032495838,-0.0084919995,-0.038205456,0.16101119,-0.06597116,0.07628789,0.061405018,0.068388574,0.106926784,-0.13473143,0.021977257,-0.015798181,0.095559925,0.014138423,-0.05198532,0.08816222,0.007433526,-0.026200462,-0.02614711,-0.08690283,0.068190925,0.045043387,0.021676412,0.102311276,-0.108844295,0.1898565,-0.0532353,0.14697486,0.033239257,0.032987546,0.028582023,-0.043838087,0.02567452,0.008276012,0.1020069,-0.034852855,0.015542883,0.15383247,-0.03240463,0.09151663,0.097764805,-0.146068,-0.12570702,-0.03446252,0.12389924,-0.21625845,0.1774315,0.038662713,0.011657856,-0.09548445,0.08505534,-0.09736589,0.012929816,-0.047020037,0.032624245,0.1276322,-0.03770357,-0.041531358,0.0065839496,0.074096575,0.12941134,0.049374834,0.061778177,-0.055255156,-0.1090851,0.1447996,-0.1223381,-0.050428245,0.05583199,0.094316304,0.08720543,-0.062202465,-0.06128436,0.08348584,0.005442908,0.104255214,0.019745125,-0.02983151,-0.055062324,0.045250323,0.0056689605,-0.009307742,0.116295926,-0.12735835
LUNG1-224,-0.021752711,0.087301284,-0.015692748,0.031094756,0.04927487,-0.0023618676,0.023580521,-0.1867275,-0.026434086,0.16337082,0.019045776,-0.025255866,-0.16227473,-0.034090266,-0.011358954,-0.009949341,-0.01015165,0.017427985,0.0027011726,-0.016221058,-0.05737914,0.07351982,0.090774596,0.031053724,0.08055768,0.020001628,-0.040949725,-0.06439694,-0.02293842,0.062023774,-0.033257283,-0.10905783,0.09170998,0.16071388,0.004479412,-0.0030184947,-0.07671401,0.00013445877,0.020685773,-0.0143951215,-0.1381768,-0.13258608,-0.040414818,-0.014292035,-0.033064585,-0.019312227,-0.03916207,0.10276854,-0.08363734,0.12330571,0.031711966,0.041455783,0.07918718,-0.10402611,-0.018978879,-0.028409388,0.08994331,-0.030961795,-0.051489204,0.11015412,-0.025185807,0.039130945,-0.031880144,-0.1280312,0.07811355,0.042818528,-0.026359573,0.0989608,-0.07165918,0.09257294,-0.042802256,0.13080513,-0.028659523,0.0071053524,-0.020928085,-0.092207454,0.0070114327,-0.0149948355,0.07715135,-0.022423672,-0.03051643,0.04502069,-0.005377464,0.06711218,0.096226975,-0.1307044,-0.114629515,-0.0060778586,0.12768373,-0.14452419,0.103258096,-0.031760246,0.055387825,-0.12237665,0.06346739,-0.023354074,0.012851736,-0.05890406,0.076315545,0.067971826,0.039728083,-0.05304889,0.0474279,0.05009129,0.12187298,-0.019437857,0.06668678,-0.100322604,-0.14153332,0.059058487,-0.13817127,-0.084948376,-0.0023222193,0.051972326,0.03437905,-0.07820554,-0.07884262,0.10523861,-0.0038121082,0.050384454,-0.0001709871,-0.025828142,-0.07352792,0.018504694,0.00033700094,0.05050612,0.053319894,-0.1595964
LUNG1-225,-0.0075991554,0.07612684,-0.050165314,-0.03339172,0.14805643,-0.06832462,0.010611311,-0.21568418,0.057239186,0.19960234,0.14282854,-0.014751561,-0.21561702,-0.05398296,-0.035742212,0.049640007,-0.06603101,-0.05483988,0.008599646,-0.093949765,-0.022652414,0.13328308,0.12708953,0.04623007,0.009453557,0.097254306,-0.14650276,-0.1549221,-0.046037853,0.06071263,-0.030569911,-0.08981524,0.20385084,0.16373205,0.026377894,-0.13782501,0.043472227,0.06988925,0.012998642,0.03482092,-0.16558453,0.025020584,-0.066297814,0.007828996,-0.01411975,-0.08519358,-0.075705476,0.17909414,0.009661481,0.12522338,0.031382434,0.021308528,0.117991865,-0.11144075,-0.009328537,0.017845415,0.12200765,-0.04662705,-0.007052116,0.10145825,-0.1039304,-0.00803493,-0.0041391947,-0.10472451,0.083532155,0.0079816785,0.051226415,0.0988584,-0.19354147,0.17881355,-0.07430761,0.12455486,0.047556255,0.065500066,0.032684777,-0.16711977,-0.068318054,-0.09314609,0.059208218,-0.017632838,-0.061621413,0.11918026,0.011172153,0.096210554,0.15752593,-0.13853647,-0.15497336,-0.007066178,0.08174955,-0.2736652,0.06464822,0.017944347,0.0010783747,-0.07668795,0.0056333207,0.007662614,0.050063178,-0.07150892,0.103455804,0.056180302,0.005224242,-0.013958618,-0.071884386,0.03320828,0.157918,-0.035459336,0.0455971,-0.03582949,-0.14524445,0.1299606,-0.08465586,-0.040032707,-0.0044315606,0.112185985,-0.017432828,-0.06296967,-0.11410175,0.109204374,-0.008842163,0.11982248,-0.028999664,0.07279363,-0.09385287,-0.036103647,0.021064661,0.017301507,0.14395183,-0.082156956
LUNG1-226,0.03863031,0.004285857,-0.04523664,-0.01293081,0.09072134,-0.035194434,0.08419691,-0.17155121,0.093003064,0.107911326,0.051743217,0.0045782477,-0.21998233,-0.03961405,-0.03955373,-0.061639346,-0.041950136,0.0047181677,0.113894016,-0.008887686,-0.07417208,0.13642699,0.06053467,0.06743956,0.03769685,0.06518725,0.029758442,-0.03421434,-0.058308996,0.07667495,-0.05622018,-0.1327286,0.087013446,0.027378451,0.013764016,0.038284585,0.013715584,0.008059727,0.0246501,0.062298708,-0.16876093,-0.100799605,-0.009226799,0.060990088,0.0063580424,-0.031187357,-0.041869644,0.20732647,-0.09962922,0.09044986,0.068200946,-0.021270812,0.09919116,-0.13197553,0.014097277,-0.004023172,0.10357662,0.0277111,-0.064013556,0.060495846,-0.0062830495,-0.020114359,0.038503606,-0.09807736,0.11934246,0.027760057,0.020061817,0.07371515,-0.06281697,0.18296134,-0.066722274,0.13602185,0.059734497,0.07440677,-0.024348207,-0.036079578,0.0034209117,-0.006118077,0.082620375,-0.06801374,0.073325396,0.12000608,9.290874e-06,0.096289404,0.070901096,-0.21171847,-0.080623485,-0.02574277,0.10664313,-0.24272364,0.13718866,0.055695854,0.038759485,-0.117039025,0.11298309,-0.05674407,-0.0726786,-0.05803772,0.05941932,0.06731266,0.0202528,-0.057895683,0.027590018,0.15903667,0.12214699,-0.012209212,0.110619806,-0.023435976,-0.18985496,0.11056386,-0.13680102,-0.029410627,0.09503579,0.10708606,0.06859114,-0.034097165,-0.06461201,0.08494262,0.0030076765,0.09875377,-0.035211146,0.05177301,-0.09349916,0.07629031,-0.010644104,0.052370746,0.09203535,-0.100985244
LUNG1-227,0.019278593,0.0033525415,-0.03797823,-0.030926667,0.13361377,-0.14569163,0.012605362,-0.14962578,0.112802364,0.17254505,0.1628918,0.030910097,-0.18175371,-0.028676093,-0.09938378,-0.06613915,-0.1087753,-0.06350453,0.0729529,-0.062097564,-0.0019319989,0.13196637,0.14620434,0.051786687,0.06890738,0.10528928,-0.11247824,-0.034184657,-0.019664895,0.119416095,0.042501304,-0.07067544,0.101468034,0.10612705,0.02731517,-0.037315257,0.032507543,0.08020137,0.038540628,0.060820956,-0.133687,0.020037688,0.009015221,0.02062422,0.025054254,-0.121118195,-0.041152198,0.19515476,-0.007760264,0.08634,0.057535,0.026366184,0.115462735,-0.10532508,-0.050865345,0.052722134,0.10363813,0.01972793,0.031553578,0.10411789,-0.059476305,0.036951482,-0.055629738,-0.101025656,0.05335045,0.013418371,0.05914747,0.060444824,-0.16537668,0.18292129,-0.113347605,0.17728314,0.08453317,0.12700203,0.10827255,-0.14635411,-0.009038303,-0.044111274,0.030293278,-0.033626728,-0.0064481944,0.11902041,-0.0057130978,0.13544153,0.1329121,-0.1492991,-0.020134047,-0.05903667,0.023860011,-0.25136852,0.11971174,0.0971435,0.0070028678,-0.06414711,0.016640095,-0.06321903,-0.048715707,-0.099413775,0.09148184,0.050675303,-0.00081435824,-0.071765624,-0.053339392,0.14167666,0.15119421,-0.016023206,0.04977413,-0.07268343,-0.13966466,0.14502165,0.037157424,-0.11846376,0.019746259,0.07279045,-0.035467096,-0.058708455,-0.13679546,0.04944665,0.06585601,0.1396724,0.06891826,0.06608266,-0.084398046,-0.075922675,-0.05211869,0.06636548,0.099423386,0.009482674
LUNG1-228,0.023335896,0.05964057,-0.035384238,-0.023830317,0.12558538,-0.082380734,0.010263503,-0.18156022,0.08224386,0.17107475,0.06567865,0.0021132976,-0.21352191,-0.07038051,-0.045604203,-0.08248801,-0.049836792,0.028255554,0.00965794,-0.043788705,-0.049581937,0.19112709,0.09846421,0.010959509,0.07440037,0.07212576,-0.05000499,-0.07441538,-0.070563,0.122109905,-0.10399076,-0.10780146,0.15062809,0.108666465,0.017845288,0.04676633,-0.08554396,-0.10901124,0.043509167,0.1069361,-0.2445775,-0.13994083,-0.112454236,-0.07561511,-0.033178583,-0.061097544,-0.05563774,0.2314085,-0.06294254,0.15804008,0.09317756,0.026525,0.075286776,-0.1725971,0.037153956,0.033740744,0.101167105,-0.05619275,0.009391565,0.14150971,-0.0889328,-0.036148764,0.09012424,-0.038543236,0.12116304,0.050658934,-0.02516564,0.082860574,-0.0813503,0.21126953,-0.040996566,0.14929873,0.027000379,0.018940577,-0.13307405,-0.11240354,-0.014707737,-0.024414754,0.2011323,0.0010518916,-0.013675258,0.18963799,0.031534642,0.022710789,0.16528565,-0.21597862,-0.2045132,0.038613517,0.14593373,-0.24754028,0.13219848,0.091620445,0.06076748,-0.043969873,0.030249868,-0.07908909,0.026516173,0.013346605,0.11606524,0.11808504,0.04789163,-0.09903052,0.023788301,0.03859303,0.09243256,0.0013499297,0.08326684,0.00074997917,-0.22037654,0.18700203,-0.12418802,-0.036779948,0.009206429,0.1337322,0.13569456,-0.072503,-0.041991204,0.105927765,0.018199189,0.0664648,-0.05162435,0.044328295,-0.06721805,0.062435284,0.046953052,-0.0057686493,0.12902649,-0.14780238
LUNG1-229,0.12683323,0.20413688,-0.13321911,-0.106917106,0.1517095,-0.067072235,-0.07980894,-0.29199284,0.0009207595,0.29686707,0.016157025,-0.005340904,-0.2605763,-0.12059907,-0.035258196,-0.049515214,0.05959259,-0.0135366805,0.002337616,-0.061117176,-0.11901857,0.22248232,0.21900678,-0.034274764,0.00820718,0.030811533,-0.22958323,-0.20891976,-0.015424214,0.116909586,-0.112769134,-0.05510085,0.1873222,0.18377683,-0.018613419,-0.08845187,-0.04694511,-0.043631434,0.022750083,-0.048849873,-0.1448052,0.03384774,0.026825555,0.043513514,0.05462835,-0.074888125,0.007946383,0.22257143,-0.01682543,0.074466854,-0.0042738467,-0.052885674,0.09438339,-0.09433976,-0.027982473,0.07673299,0.08572112,0.0766654,0.0522508,0.15600917,-0.13284734,0.06971857,-0.146083,-0.088187456,0.10159306,0.06595826,-0.0040451363,0.27668485,-0.13722362,0.17733184,-0.06964618,0.25573713,0.10820787,0.06733124,0.12086244,-0.1534752,-0.09557717,-0.03704978,0.06266893,0.08203398,-0.0669926,0.06550346,-0.04442181,0.06303339,0.08731575,-0.23124282,-0.19196741,-0.035324134,0.04593473,-0.18736222,0.11119962,-0.036576524,-0.06415767,-0.13243893,-0.06545051,-0.052402172,0.08623834,-0.0739277,0.07423238,0.094999686,0.092266895,-0.100891605,0.019182282,0.027843483,0.10779573,-0.030761223,0.04222337,-0.0607676,-0.15496868,0.0731469,-0.1661242,-0.019244052,-0.060653634,0.22144076,-0.065928645,-0.06061828,-0.111950174,0.058334764,0.01647525,0.05158209,-0.014763445,-0.0051425323,0.010003269,0.024440244,0.047870547,0.020964608,0.062383004,-0.16273743
LUNG1-230,0.052193068,0.12330992,-0.08415529,-0.014414318,0.121049106,-0.12297863,0.021823566,-0.22299835,0.049378388,0.2183831,0.104174614,-0.024889968,-0.2304585,-0.019336253,-0.014051378,-0.011155988,-0.04162859,-0.046248138,0.0049730055,-0.054278243,-0.01737281,0.15335408,0.14383414,0.07857821,0.07232449,0.06696078,-0.10165897,-0.15020278,-0.050175495,0.057789657,-0.03875459,-0.120695665,0.14208563,0.18058853,0.04208102,-0.03187596,-0.04410938,-0.0071371607,-0.022528125,0.019966634,-0.21199085,-0.02712162,-0.0022052005,0.026890624,-0.03494535,-0.11743939,-0.016831866,0.11801982,-0.027825467,0.111692995,0.040651564,0.00884416,0.11732714,-0.17075714,-0.018826345,0.042730816,0.10814393,-0.029702123,-0.015466712,0.11132872,-0.07791246,0.014922505,-0.017488677,-0.06961582,0.09609348,-0.0062108636,0.010781888,0.10962715,-0.11730842,0.144519,-0.044919014,0.15010443,0.032752883,0.108550414,-0.012301087,-0.19546549,-0.059450805,-0.0897057,0.078553274,-0.05324804,-0.04566905,0.079814956,0.04195641,0.032362714,0.12115636,-0.16081893,-0.16121256,-0.0073423786,0.12964757,-0.20620781,0.10739337,0.03931283,0.015048925,-0.10318157,0.035753693,0.0044552693,-0.0041480977,-0.08195211,0.10743751,0.05774293,0.014683682,-0.058964115,-0.017162759,0.079034016,0.12701894,-0.07704988,0.06584872,-0.06691998,-0.17423458,0.002681762,-0.11145729,-0.040629506,-0.0023375861,0.11211856,-0.009077996,-0.11159278,-0.08647686,0.07505227,0.018254409,0.051371723,-0.038366072,0.045032926,-0.071447246,0.009291384,0.05737382,0.02827926,0.10113899,-0.14194733
LUNG1-231,0.08681905,-0.012873549,-0.05726195,0.0028483458,0.17216821,-0.16258335,0.07538486,-0.17305608,0.13510129,0.16655594,0.13668722,0.027384706,-0.24677636,-0.0077573135,-0.004410863,-0.08504351,-0.042260565,-0.0586116,0.1346229,0.0032586977,-0.04358778,0.19998991,0.1442863,0.14423242,0.11533007,0.121067524,-0.0036147088,-0.063027166,-0.09492518,0.09392452,-0.05891149,-0.11535531,0.0957007,0.027514156,0.029721074,-0.0058214366,0.07355477,0.032697156,-0.0060223257,0.10377189,-0.18643303,-0.08592531,0.014174327,0.10590293,-0.0031381138,-0.12720132,-0.0111253895,0.25643355,-0.08032423,0.095676504,0.07028687,-0.024916366,0.06924644,-0.17302087,0.01151637,0.07032442,0.1383529,0.016127504,-0.020220341,0.026220098,-0.035859186,-0.11330161,-0.009251967,-0.016126402,0.11189305,-0.009700898,0.012953509,0.09465277,-0.09079543,0.15618071,-0.11218268,0.16323352,0.09279665,0.10283807,0.041180566,-0.07818683,0.0346517,-0.045262963,0.10650195,-0.050875828,0.071008705,0.11997198,0.041808173,0.04576964,0.12926984,-0.23374666,-0.059789896,-0.0399843,0.119920984,-0.2044498,0.09218898,0.058166973,0.098212965,-0.078329004,0.10121287,-0.04162366,-0.13164213,-0.03574311,0.07197712,0.10599184,-0.007784006,-0.07243509,-0.016321536,0.15293907,0.17781058,-0.059882827,0.10078777,-0.03068917,-0.22583091,0.086205244,-0.08862342,-0.045952667,0.119743936,0.20874867,0.043432392,-0.10457771,-0.053298026,0.031739883,-0.020645391,0.11154513,-0.00931105,0.04996288,-0.13805631,0.039948564,-0.025785647,0.021105632,0.14343786,-0.0959282
LUNG1-232,-0.033153616,0.0018240474,-0.0023218095,0.061467987,-0.010259571,0.0016263984,0.028090917,-0.150159,0.02167014,0.11806084,0.060993165,0.0072502047,-0.10040619,0.03563961,-0.028642543,-0.0008924039,-0.015596235,0.0009213928,0.043087494,-0.074265085,-0.06043686,0.07482888,0.122184455,0.010389776,0.06076476,0.02768745,-0.041198518,0.0026023537,-0.04144886,0.01835838,0.02943062,-0.08939622,0.05185937,0.06127219,-0.05620277,0.015712006,-0.013710219,0.065876216,-0.0018013883,0.022626199,-0.06879106,-0.040168986,-0.017610345,-0.004280366,-0.05333846,-0.06438287,-0.039520837,0.07829044,-0.049075335,0.09581752,0.10143943,0.05038473,0.070713356,-0.042301796,-0.04961638,-0.05294507,0.06674825,-0.06260097,-0.0042908974,0.08410059,-0.09582186,0.039383635,-0.04595524,-0.14042194,0.05522365,0.02325036,-0.017545968,0.07749096,-0.06954935,0.11014511,-0.09171674,0.16972047,-0.027137907,0.022429388,0.06546136,-0.09480144,0.03256235,0.053391848,0.020058678,0.019249484,0.045957856,0.026948323,-0.08220503,0.14121766,0.06932022,-0.048197553,-0.07989226,-0.04489643,0.10664119,-0.13897073,0.12658602,-0.043072503,0.08724844,-0.119930625,0.011945432,-0.06476067,0.017021969,-0.019197281,0.03881239,0.09809542,0.010014571,-0.04321168,0.033053648,0.078191,0.120547466,0.010097735,0.06313555,-0.042312622,-0.06210769,0.13064605,-0.15822512,-0.1367539,-0.0065786988,0.09448698,0.009927608,-0.08170361,-0.12128697,0.058064915,0.040948763,0.09267543,0.0629199,0.025074601,-0.06361984,-0.059977382,-0.071622014,0.03936736,0.088492915,-0.042749442
LUNG1-233,0.021135341,0.033694386,-0.01340477,-0.06970201,0.15828963,-0.09451218,-0.00449235,-0.20679235,0.041603446,0.2375021,0.10937491,0.014480524,-0.27334794,-0.11834531,-0.034956153,0.01353342,-0.065063685,-0.007960992,-0.00479614,-0.043511905,-0.027098458,0.19893536,0.18667924,0.009523598,0.04801642,0.07806098,-0.11782758,-0.14250076,-0.08120084,0.102129675,-0.04203174,-0.0877807,0.18078022,0.13064685,-0.017225008,-0.092717074,-0.0057833493,-0.0065622535,-0.010547656,0.10273917,-0.17090887,-0.082742766,-0.056990918,-0.011499352,0.05197993,-0.09569333,-0.057731554,0.23460895,-0.038605873,0.15053913,0.027389273,0.058363676,0.08906442,-0.118926354,0.012027234,0.05595325,0.08500068,0.044084743,0.019316059,0.088834114,-0.056912348,-0.0025852434,-0.032554056,-0.096329436,0.1350661,0.0365438,0.053382847,0.10969593,-0.19183215,0.19973978,-0.10923158,0.15782595,0.027039323,0.046018794,0.043253846,-0.12428995,-0.03216358,-0.05721602,0.17567983,-0.023550253,-0.05544681,0.17034973,0.00876189,0.094565906,0.14809668,-0.19177955,-0.12158852,-0.025861438,0.14183712,-0.3256259,0.14192456,0.008013897,0.0023848414,-0.079269215,-0.006160125,-0.07584207,0.03249439,-0.03988539,0.15862803,0.1127564,-0.0011951248,-0.04535015,-0.058597766,0.08926517,0.19815722,0.0004470721,0.025069568,-0.04258289,-0.16557898,0.2055591,-0.09888742,-0.0005714521,0.04113134,0.13787109,0.039743707,-0.0669561,-0.05519083,0.114441276,-0.089516714,0.1442073,-0.051569752,0.05755973,-0.015905824,-0.025031894,0.02470754,-0.061751015,0.15423346,-0.09240894
LUNG1-234,0.12402757,0.050368067,-0.039804984,-0.070591755,0.08718506,-0.11465366,0.088232845,-0.20888458,0.06763052,0.19564354,0.073141284,-0.07572295,-0.3430519,-0.04836785,0.07635844,-0.18565083,-0.039216943,0.09217712,0.07565459,0.058714494,-0.0259315,0.2551685,0.1792874,0.033286866,0.14666167,0.03901793,-0.031363294,-0.057991154,-0.080595955,0.055389788,-0.15160108,-0.11352056,0.109133035,0.06999714,-0.013330553,0.05940167,-0.03458695,-0.069217406,0.016554065,0.16177055,-0.20064934,-0.21073842,-0.016574485,-0.0110529885,0.0104302205,-0.09776074,-0.035895303,0.27990726,-0.03448773,0.19927788,0.05890239,-0.06364597,0.06563692,-0.17930584,0.03537653,0.095708355,0.080353886,0.00044257194,-0.06343458,0.13431484,0.015909867,-0.08947077,0.04085945,-0.0805671,0.17456609,0.1179129,-0.018513516,0.043482084,-0.06682368,0.22331798,-0.035465226,0.16838728,-0.0016772076,0.0011100583,-0.11513979,-0.087052286,0.0117451735,4.3001026e-05,0.17637616,-0.05129039,0.06281767,0.17611364,0.03874541,0.06978055,0.11530437,-0.3024786,-0.16475892,0.00029620156,0.21125042,-0.19315046,0.18939826,-0.03467895,-0.015753478,-0.16880953,0.033816945,-0.050629128,-0.12569249,-0.032736294,0.10250407,0.13968386,0.0025776024,-0.12422615,0.08286675,0.16881016,0.14688486,0.06057232,0.09267289,-0.067320265,-0.2090739,0.1663652,-0.20696793,-0.057921957,0.06310207,0.23227978,0.08904937,-0.10453501,-0.12855515,0.08062734,-0.07237767,0.10206628,-0.063412994,0.08867991,-0.030347586,0.18661326,0.017410722,0.0030491427,0.1679186,-0.19214183
LUNG1-235,0.030861627,0.043158256,-0.03677965,-0.0043603107,0.0670462,-0.049040344,0.0966872,-0.20360786,0.033029377,0.19408086,0.07811013,-0.027725678,-0.27016836,-0.044571437,0.032442912,-0.14990422,-0.09138571,0.03153283,0.020111252,-0.016053934,-0.0467252,0.17392658,0.15635827,0.039896924,0.06716717,0.034532346,-0.01915277,-0.022443548,-0.032507714,0.1139466,-0.07639396,-0.11884682,0.1252541,0.055939544,0.0014282875,0.02662574,-0.006628137,0.0025480501,-0.009253543,0.07668016,-0.2130212,-0.114146456,-0.00030007958,-0.07498059,-0.026314234,-0.095418125,-0.026381567,0.19881555,-0.014820911,0.22191325,0.07816558,-0.022647925,0.044092514,-0.16403155,0.008542232,0.09965728,0.05154922,-0.017050114,0.00752512,0.14763549,-0.042139716,0.045222186,8.0068596e-05,-0.13198423,0.12899603,0.07042736,-0.042269252,0.04114574,-0.08545183,0.16801059,-0.0967647,0.1412957,0.01991314,0.011577021,-0.03449904,-0.115216225,-0.022196002,-0.0032503959,0.08613889,-0.025460312,-0.0010568574,0.10016752,0.03745036,0.1481204,0.13746911,-0.21507289,-0.110553116,-0.0017518001,0.10215234,-0.2130329,0.15710922,0.01599039,0.02222082,-0.11898916,-0.0026066136,-0.014351482,-0.048042,-0.051255394,0.13853824,0.057258017,0.0649746,-0.09009388,0.048993945,0.14399612,0.11948559,0.024583515,0.08360726,-0.07558125,-0.19638532,0.15195933,-0.16516067,-0.08068924,0.028933499,0.16705428,0.0025938023,-0.12388453,-0.14418983,0.08525309,-0.0057441536,0.07595092,-0.069224335,0.10278851,-0.10488931,0.056527846,-0.028580032,0.0487469,0.08960734,-0.038928762
LUNG1-236,0.044446453,0.072989054,-0.042403378,0.021348495,0.12520647,-0.08366194,0.067162216,-0.23857087,0.01463352,0.2499235,0.055976316,0.02078288,-0.21620984,0.006353941,0.09753521,-0.06463751,-0.02977188,0.015771719,0.041691635,-0.024075333,-0.036447592,0.14468467,0.16198802,0.06556232,0.11807108,0.024850521,-0.06369688,-0.07427413,-0.047702037,0.073208615,-0.11285252,-0.13690524,0.12132509,0.11673079,0.0011112988,0.024787085,-0.008367922,9.11057e-05,-0.033310723,0.06315942,-0.19923066,-0.10107618,-0.019107044,0.0020093322,-0.051295824,-0.060756564,-0.02075686,0.15931007,-0.024760075,0.18072763,0.05331786,-0.018877223,0.076082684,-0.14323816,-0.04249912,0.0660921,0.10146056,-0.021742268,-0.06275419,0.09667832,-0.0644295,0.012989553,0.030289412,-0.06360282,0.1786808,0.0557746,-0.009627201,0.09009788,-0.106129415,0.17584994,-0.04493991,0.16130339,-0.0053991415,0.065592356,-0.051709965,-0.13906123,-0.008001516,-0.02609059,0.09605506,-8.150563e-05,0.033755336,0.052869722,0.050011784,0.122950405,0.12009723,-0.21681394,-0.13911304,-0.030609995,0.16131201,-0.17724659,0.09359388,-0.044639967,0.051773943,-0.12857522,0.03371029,0.0026131943,-0.05338646,-0.06818242,0.10415425,0.086802766,0.03340263,-0.03853739,0.043285478,0.11244732,0.16515906,-0.02380186,0.07862223,-0.055916343,-0.16347115,0.08081687,-0.21639806,-0.056396015,0.06689405,0.14413421,-0.012885995,-0.13884503,-0.12168142,0.064885035,-0.008814443,0.06613269,-0.04310228,0.06410453,-0.09691073,0.08694478,0.016843546,0.03154228,0.11042317,-0.17274812
LUNG1-237,0.0036380515,-0.00080957264,0.021683287,0.013800755,0.048051096,-0.09065447,0.013264552,-0.11953443,0.09076272,0.11877193,0.06853671,0.025999017,-0.16283712,0.0077176765,-0.010411318,-0.010412333,-0.026207006,0.030296534,0.0589796,-0.0022392944,-0.024666145,0.14075768,0.08353324,0.032492764,0.07073527,0.012068365,0.018171921,-0.07171471,-0.0120566115,0.04671154,0.02522897,-0.13071772,0.12988523,0.049037002,-0.009340744,0.018022126,0.038833756,-0.0061614774,0.021043181,0.06765944,-0.11512886,-0.10132695,-0.060887203,-0.030152656,-0.08382725,-0.077025145,-0.016827,0.19717145,-0.056378264,0.11432882,0.14289777,0.07308789,0.12666005,-0.1149302,-0.021647722,0.004326001,0.124256365,-0.050936457,-0.05821988,0.16538143,-0.097655386,-0.019338887,0.058498427,-0.064540476,0.04337087,0.01816732,-0.01642695,0.038923457,-0.041371524,0.13012624,-0.09819661,0.16605961,0.024222095,0.03879401,0.013991475,-0.10498194,0.060298596,0.020298557,0.06513997,-0.067630306,0.08096724,0.14524034,-0.068319485,0.06949119,0.08421093,-0.103092894,-0.09277706,-0.056175444,0.09694651,-0.19814643,0.16425356,0.007611133,0.08306674,-0.12964743,0.0662321,-0.11685821,-0.02378581,0.030690141,0.058862202,0.11098953,0.033044115,-0.108027324,0.023200719,0.07943262,0.12101807,0.014707796,0.12355944,-0.0054825507,-0.13047433,0.1986807,-0.14831437,-0.11301478,0.05363818,0.17806429,0.043761563,-0.050939977,-0.16184343,0.09376497,-0.0080736205,0.035719864,0.024363823,0.0070183277,-0.03907748,-0.012633733,-0.012064613,0.022070035,0.18910345,-0.09434035
LUNG1-238,-0.010810163,0.057947434,-0.03760282,-0.010906421,0.054845184,-0.008970238,0.051524192,-0.16805267,0.0036699474,0.16509159,-0.0025148839,-0.0015262887,-0.15019235,-0.003627818,0.0041460395,0.011840371,0.006385453,0.024022266,0.018937178,-0.044589672,-0.065191664,0.09218153,0.06551478,-0.0141810775,0.040060468,0.04200133,-0.08132209,-0.0051427484,-0.05273344,0.029557856,-0.026601126,-0.08849755,0.05932374,0.10438111,-0.034535185,-0.01509092,-0.03693459,0.025899563,-0.0011432078,0.0025599794,-0.123727866,-0.065270714,-0.019501466,-0.019316848,-0.056491308,0.007999757,-0.042005107,0.12036483,-0.06932849,0.0731484,0.061701197,0.04203573,0.08770946,-0.118197925,-0.01999502,-0.037964758,0.08348572,-0.03253667,-0.09372387,0.09887181,-0.053816948,0.016240442,-0.016319958,-0.10639578,0.07861715,0.056890707,0.006392576,0.08856274,-0.0607565,0.12251574,-0.06821361,0.13028389,0.0110324435,0.042039532,0.014789019,-0.078396015,-0.0018504281,0.020711167,0.020909587,0.016296983,0.06536594,0.030793376,-0.04751587,0.105617955,0.060621075,-0.09162685,-0.12274468,-0.04662308,0.12691209,-0.14077361,0.11616883,-0.0072217244,0.08220587,-0.14266896,0.048137836,-0.05910732,-0.020987868,-0.033972986,0.014054271,0.07572417,0.000806052,-0.0032954179,0.06289775,0.093041316,0.11108324,-0.011227619,0.08468916,-0.057603344,-0.085703135,0.06867234,-0.17397282,-0.051374294,0.037535828,0.07740842,0.017722629,-0.039248176,-0.0869939,0.026638642,0.030775987,0.08734689,0.02844494,-0.04676375,-0.06966786,0.010259811,-0.012510665,0.042894304,0.07854119,-0.15509897
LUNG1-239,0.018581964,0.050470404,-0.041088037,-0.06540563,0.122004494,-0.071899876,0.0032225326,-0.19225025,0.09368153,0.17803778,0.10326083,7.801503e-05,-0.20828503,-0.04017604,-0.056062035,-0.028457088,-0.046716273,-0.016563881,0.013834795,-0.07253486,-0.047364864,0.16512938,0.14998417,-0.0071691293,0.028427824,0.09488394,-0.121099874,-0.016830318,-0.031911742,0.07547383,0.021836083,-0.06606873,0.12043323,0.15013331,0.0026437864,-0.073269434,0.01388428,0.054620564,0.014494006,0.01592888,-0.14156106,0.021291979,-0.018979702,-0.0014206152,0.0021750294,-0.07676097,0.0069983536,0.17477214,-0.032625172,0.065869465,0.044650227,0.025845496,0.109449595,-0.08761818,0.0050370097,0.008750193,0.090839654,0.039849952,-0.027283581,0.1528638,-0.10593435,0.03788245,-0.063444145,-0.09742591,0.0344355,0.0791455,0.047800705,0.08180991,-0.11303128,0.18019864,-0.07239832,0.18319577,0.08046931,0.08306943,0.10889913,-0.16451909,-0.034269195,-0.03938053,0.03885482,0.013887711,0.0064569563,0.051763125,-0.06787741,0.14501467,0.13039632,-0.0908595,-0.07612735,-0.007472478,0.07923336,-0.2054731,0.12723504,0.05401367,0.025295667,-0.13504377,-0.0013566501,-0.069707915,0.039493572,-0.06696927,0.0620356,0.035366178,0.012605922,-0.066403836,-0.0062802285,0.11586233,0.13607585,0.009797491,0.022236004,-0.07003989,-0.10095975,0.1114541,-0.06606906,-0.08202787,0.02505132,0.14374623,-0.029295202,-0.026069347,-0.11265507,0.048939105,0.043173756,0.10221727,0.06976948,0.01212655,-0.030309554,-0.09492083,-0.016397338,0.05648511,0.13006854,-0.06428747
LUNG1-240,0.023722902,0.029572923,0.037636694,-0.018561192,0.15634447,-0.16761786,0.073277965,-0.12212044,0.1353768,0.11056945,0.14600775,0.0980645,-0.2420982,-0.03021641,-0.017378557,-0.12976936,0.013316561,-0.04902699,0.12880981,-0.025759347,-0.009671843,0.12552042,0.054222617,0.12188813,0.10148741,0.10665324,-0.03352483,-0.13089737,-0.023836836,0.14624941,0.017578881,-0.122666694,0.06072295,0.051837996,0.07729806,-0.05125642,0.16264942,0.12200732,0.062570706,0.0067558885,-0.11373989,-0.04036503,-0.082813576,0.046344273,0.013485175,-0.11395029,-0.064551726,0.30513057,-0.089711435,0.15925029,0.07665464,0.07131977,0.15298748,-0.11631732,-0.07990679,0.066479266,0.17097777,0.005019117,0.032909203,0.10688272,-0.078043155,-0.09965288,-0.04734906,-0.089589655,0.08757044,-0.006080121,0.03810321,0.010675665,-0.15588924,0.16212842,-0.14300314,0.14687224,0.12864515,0.0005341247,0.06655857,-0.066788286,0.11198636,0.021094045,0.07661509,-0.109233305,0.08077794,0.22136304,0.00948064,0.13089554,0.12153822,-0.22252204,0.069198295,-0.14834946,0.050860345,-0.17702013,0.08206908,0.11842293,0.08040382,-0.14830367,0.12588441,-0.07211047,-0.061892353,0.010575682,0.064637266,0.041993096,-0.07056839,-0.0715711,-0.048479244,0.16988349,0.102110416,0.051431045,0.086693496,-0.05497662,-0.193813,0.14210713,-0.062304445,-0.07156557,0.04906625,0.2703613,0.038123354,-0.068152726,-0.03937053,0.09549347,0.0736408,0.1712396,0.015247647,0.028789356,-0.1907957,0.032131553,-0.03939393,0.05288693,0.13622402,-0.03008172
LUNG1-241,-0.00079563074,-0.023146287,-0.004056921,0.03744551,0.057604738,-0.06305738,0.02445057,-0.12725826,0.056290288,0.09976746,0.083119065,0.026135646,-0.17723256,0.01663908,-0.033375815,-0.06938283,-0.015057068,0.00069072284,0.042208187,-0.042120323,-0.053983934,0.09043264,0.10864024,0.062294293,0.08844185,0.04711858,-0.029910205,-0.01033473,-0.025820442,0.09053689,0.043328956,-0.09321784,0.06613261,0.06962033,0.03969095,0.011801746,-0.0064119473,0.06701536,0.009658072,0.037073098,-0.12244052,-0.062377073,0.0018736161,0.0067447945,-0.021686293,-0.06677374,0.0013408922,0.13673182,-0.054932803,0.09289622,0.09955511,0.030343188,0.08673326,-0.1172219,-0.020465024,0.010565758,0.082775384,-0.034855463,0.0003347695,0.10391086,-0.059196692,0.012896892,-0.058578983,-0.11372272,0.046899304,-0.00055824406,-0.017503679,0.04002548,-0.0736335,0.115259916,-0.120820135,0.13627496,0.03712927,0.03716918,0.078034595,-0.07262934,0.054874286,0.0029745323,0.03035745,-0.000120487064,0.041250944,0.070514336,-0.03398781,0.099052444,0.095861256,-0.10516916,-0.030748952,-0.06304556,0.085551515,-0.16796641,0.0718177,0.025944095,0.047747094,-0.112769544,0.047533132,-0.049204975,0.009126253,-0.015693203,0.04965902,0.10484395,0.0143376645,-0.12035765,0.025067084,0.08064536,0.11424452,-0.0015651565,0.08929801,-0.057296913,-0.11455594,0.12717022,-0.087169185,-0.09558658,0.013752712,0.12466628,0.04020013,-0.10482025,-0.08268042,0.09224427,0.04271887,0.050749768,0.0044091493,-0.00115446,-0.11781147,-0.06513089,-0.0654782,0.050177507,0.12696728,-0.006478384
LUNG1-242,0.007557353,0.03467739,-0.059244044,3.8035214e-05,0.028488927,0.02086629,-0.019224167,-0.18906182,-0.020019121,0.08514147,0.036169782,0.023229867,-0.09977666,0.06679893,-0.03502039,-0.021823684,0.003445739,-0.05403863,0.056493968,-0.07520262,-0.09172435,0.0740568,0.16442494,-0.032641117,0.023694295,0.108829305,-0.17141022,0.03717453,0.0019268095,0.07790719,0.016493347,-0.052344844,0.038120594,0.12442561,-0.03788797,-0.021159224,-0.10338579,0.06729558,0.07204107,0.029221151,-0.07888527,-0.041112736,0.02013611,0.04148534,0.03035542,-0.04139869,-0.012263726,0.034154586,0.0062033087,0.07866521,-0.025026761,0.009342972,0.039958686,-0.06583863,-0.013512747,-0.04141149,0.10128854,0.0068971477,0.08028595,0.09438753,-0.062885374,0.02867059,-0.16673997,-0.102627955,0.051174097,0.06306045,0.037868686,0.13702591,-0.07254278,0.14185543,-0.12845008,0.13218397,0.07792233,0.049526364,0.12297016,-0.08335958,-0.004449848,0.035270624,-0.020891557,0.06611373,-0.028488412,0.025981292,-0.044242565,0.08340322,0.09476783,-0.05252777,-0.1314152,-0.06247089,0.1334228,-0.10351672,0.096456625,-0.06336421,0.014089704,-0.12886955,-0.004448615,-0.041643213,0.054987513,0.006006608,0.01313162,0.1173663,0.020396393,-0.089459926,0.115720555,0.008192785,0.12064201,0.00473582,0.026078597,-0.08789937,-0.051981937,0.09341967,-0.13770354,-0.09571381,-0.0112996735,0.09829505,0.052102562,-0.17049927,-0.044539772,0.074085414,0.07918756,0.07380875,0.0800814,-0.061111722,-0.040973872,-0.025325794,-0.04085587,0.015704356,0.094539575,-0.06979488
LUNG1-243,-0.026494823,0.019139983,-0.035787463,-0.020159118,0.025767516,0.0034826137,0.022563979,-0.14612466,0.02801387,0.12092076,-0.009062491,-0.012591809,-0.17238411,-0.06608013,-0.110768616,0.008087984,0.0128953885,-0.05459343,0.06667333,-0.06985849,-0.10895966,0.047056254,0.009513766,-0.039317474,-0.0025184005,0.048437953,-0.10280688,-0.05587948,-0.023144659,0.1214775,0.03228071,-0.10059711,0.058114097,0.072887644,-0.017518483,-0.076130025,-0.048352487,-0.0035053361,0.07645182,-0.03262038,-0.1061963,-0.046098333,0.03512197,0.045468166,0.006321121,0.008869018,-0.064862795,0.21184528,-0.17191204,0.12079405,-0.0018674135,0.017417343,0.116404295,-0.1654976,0.028760869,-0.06364306,0.16725074,0.03203404,-0.0148376115,0.064795405,-0.057918977,-0.029345647,-0.05261912,-0.12747478,0.019442987,0.06434493,-0.01806961,0.17568666,-0.10458794,0.18110195,-0.07588373,0.2510561,0.017995343,0.036179107,0.05869195,0.0042562336,0.03093435,-0.015447695,0.05701885,0.094744205,0.072482735,0.1355988,-0.060734697,0.030174527,0.07123661,-0.16862582,-0.07536784,-0.05233167,0.124513075,-0.18501145,0.11618242,0.05286324,0.064556725,-0.157312,0.05716566,-0.08834852,0.024255373,-0.011800209,0.0054983255,0.13312571,0.03699174,-0.03825217,0.025054367,0.09982886,0.09730395,0.023837898,-0.011719085,-0.061527874,-0.15313116,0.09603375,-0.11802895,-0.050979555,0.054018304,0.11338711,-0.0026082657,0.006118169,-0.045159854,0.050036564,0.030417038,0.15583888,0.01325321,-0.055833776,-0.025330551,-0.052021638,-0.10050589,0.01089057,0.030937348,-0.18783344
LUNG1-244,0.024346251,0.082432896,-0.03971101,-0.033064842,0.073307574,-0.015552301,0.0014743805,-0.18853566,0.0074399468,0.2597106,0.003384877,0.06922795,-0.2167147,-0.022162423,-0.04844999,-0.047490947,-0.016600601,0.034890816,0.09961981,-0.052302677,-0.08061187,0.12973924,0.041637555,-0.01068534,0.012987055,0.059063375,-0.041812725,-0.14694947,-0.017642338,0.0667122,-0.061714634,-0.15996578,0.09190696,0.15759397,-0.03984605,-0.039325535,-0.08158783,-0.07322862,0.06568454,0.0149588175,-0.1494577,-0.10860805,-0.07068458,-0.004387215,0.008139305,-0.014987677,-0.09337979,0.22445464,-0.099182196,0.100344226,0.035800934,-0.057712913,0.1454823,-0.13996573,-0.04144436,-0.046408247,0.15778974,0.021975659,-0.06898827,0.059984878,-0.038922556,-0.010199346,0.037920427,-0.055230435,0.077128895,0.11536826,-0.0009162463,0.16121203,-0.10606614,0.21240273,-0.011434156,0.23516822,0.03312817,0.057730414,-0.06469229,-0.033925608,0.01651838,0.025582995,0.1085591,0.058226913,0.0982113,0.13420159,-0.04437191,0.05125907,0.09346991,-0.24018966,-0.15734586,-0.046776816,0.14633653,-0.21276957,0.13867296,-0.0036170064,0.049027804,-0.17893825,0.032243066,-0.104366824,0.027280565,-0.021042868,0.026339673,0.17680138,0.027009094,-0.025786538,0.01799788,0.066610046,0.16944918,0.014585163,0.027621906,-0.019381054,-0.12195757,0.10830033,-0.20834701,-0.010588691,0.122005105,0.14373006,0.032000385,0.0001684539,-0.11432953,0.081209205,-0.036285125,0.13799146,0.005653199,0.0014583021,0.018883474,0.07204153,0.032886878,0.037277926,0.07790945,-0.30576575
LUNG1-245,-0.009159922,-0.037675418,0.0095725395,0.06439259,0.105009966,-0.13588202,0.037508722,-0.1305072,0.07657703,0.097421855,0.14443538,0.05203639,-0.23466693,-0.008340981,-0.17792508,0.011428597,-0.040263824,-0.013953891,0.05642553,-0.069929,-0.08663349,0.099741384,0.03126404,0.049793676,0.08845224,0.10670622,0.03233132,-0.13612369,-0.01594394,0.045254372,0.062790655,-0.18344697,0.071872845,0.04944644,0.016523406,0.03027472,-0.027266206,-0.039215997,0.0019204058,0.040431038,-0.09048834,-0.036649488,-0.01570158,0.066888124,-0.009154614,-0.14784218,-0.017018285,0.18983144,-0.109296836,0.0024802908,0.15484075,0.0008891225,0.15769994,-0.13131945,-0.031799067,-0.006687656,0.16794527,0.00033682212,-0.033983205,0.084552616,-0.06445621,-0.05029604,0.006084615,-0.08642207,0.03008677,-0.042484753,0.027705899,0.13059115,-0.053056084,0.18021765,-0.11496242,0.2512624,0.09296553,0.1259709,-0.010811038,-0.040865976,0.065439776,0.018599533,0.08929185,-0.032133654,0.05993459,0.15789692,-0.019376345,0.012816273,0.077046596,-0.18947986,-0.030780517,-0.07974677,0.06820096,-0.29633522,0.18611008,0.13505608,0.09878585,-0.07167259,0.11467588,-0.15011078,-0.0098153725,-0.0058928174,0.039790265,0.1376664,0.0601091,-0.047741756,-0.093910016,0.084901035,0.11747272,-0.052308053,0.12311027,0.04366419,-0.17992166,0.12019479,-0.11053056,-0.06376619,0.09682873,0.09307926,0.12348847,-0.023495594,-0.07254568,0.07508579,0.03337527,0.14472476,0.022360912,0.011243835,-0.053429432,-0.114972174,-0.034617808,0.059025086,0.1639052,-0.06600371
LUNG1-246,-0.01181776,0.24076402,0.042447302,-0.5242693,0.2995788,-0.04973341,-0.11539293,-0.30529973,0.49331528,0.0019345805,0.1414784,-0.20012891,0.090657696,-0.22994372,0.032345876,0.43725872,0.03851338,-0.36919868,0.9885115,-0.036271818,0.18267383,0.4745796,0.38746268,0.20166942,0.29490542,-0.050117344,-0.4073127,-0.7050321,0.09248814,-0.19787523,-0.43670964,0.21202993,0.600448,0.14867732,-0.37705028,-0.55842495,0.39649114,0.024340844,0.66865027,0.076083444,-0.0004522577,-0.048662044,0.0026161522,0.46112925,0.27730116,-0.21411307,-0.38855064,0.28941843,0.087882094,0.043734096,-0.6405853,-0.13625965,0.37605873,-0.00066586584,-0.26385397,-0.0030682124,0.6305482,0.12289586,0.33909106,-0.20597005,-0.4546641,-0.3836973,0.15000084,0.6114305,0.5094842,0.089188464,0.30323386,0.5045102,-0.6140977,0.34138343,-0.119540215,0.42248082,0.34878653,0.6676218,0.08261136,-0.42321515,-0.14893003,0.1090997,0.35910702,0.1364884,-0.08568784,0.48858112,-0.2862153,-0.07769043,0.23756468,-0.73247033,0.11136538,-0.24651632,0.05325205,-0.55031264,-0.043844193,-0.2499122,0.040377073,0.24564633,0.2856499,0.11690597,-0.32191217,-0.020144667,0.51755744,0.04228825,-0.65687907,0.096064165,-0.103315644,0.16642477,0.12943378,0.22905815,0.19643024,0.070445985,-0.28286937,0.55925673,-0.00951691,0.10031338,0.19907078,0.65128106,-0.5020885,-0.081081256,-0.11101563,-0.015210286,0.42859915,0.6541735,-0.13647872,-0.21756127,0.06642045,0.15296994,-0.015396543,-0.52381724,0.36579973,-0.81412864
LUNG1-247,0.06833157,0.017680926,-0.016484061,-0.039989226,0.11994642,-0.10973142,0.05715082,-0.2298789,0.049894027,0.24598607,0.010211231,0.01775796,-0.269539,-0.05816558,0.06791516,-0.09479187,-0.06600173,0.049248956,0.0164379,-0.0054541975,-0.02911749,0.22633442,0.19086671,0.04264137,0.09044429,-0.024298973,-0.07007836,-0.053143032,-0.033645775,0.07598245,-0.046781853,-0.14357822,0.121750265,0.070259474,-0.01894647,0.023542073,0.025764067,-0.027713701,-0.015596169,0.11393712,-0.19712645,-0.08625032,0.019572675,-0.033300526,-0.04579692,-0.1233193,-0.009758174,0.24468616,-0.03652321,0.20397538,0.06486239,-0.06662242,0.10212375,-0.15622386,0.0021186136,0.10166666,0.06531884,0.017743722,-0.021052329,0.14893451,-0.093539014,0.000934165,0.045682363,-0.07567155,0.15240625,0.024018953,-0.004344579,0.16017188,-0.08097698,0.21345866,-0.1314169,0.19233409,0.010241248,0.07038677,0.016272876,-0.13167179,-0.052761734,-0.026098266,0.06468017,0.074957296,0.00059672445,0.12637284,-0.021822259,0.12117504,0.1000774,-0.24826147,-0.15663786,-0.02475823,0.13037935,-0.19427294,0.1705249,-0.09476786,0.042511173,-0.14495596,-0.049925104,-0.046464678,-0.034786694,-0.032291297,0.1310964,0.1398004,0.06533578,-0.10728028,0.062689155,0.104059905,0.14739916,-0.028581288,0.086290985,-0.026342478,-0.13372028,0.17773166,-0.22132811,-0.06312376,0.06585496,0.17859508,0.0060265064,-0.16697422,-0.14787118,0.010680601,-0.0048585963,0.04729345,-0.027047299,0.05085797,-0.09368752,0.07938032,-0.06664414,0.030821182,0.16479693,-0.08317414
LUNG1-248,0.02441578,0.03744398,-0.10635273,-0.023117453,0.14299382,-0.084997475,-0.05056239,-0.18678248,0.07117565,0.11964409,0.024261046,0.0097819865,-0.14735147,0.017745066,-0.076656036,-0.02743191,-0.06156694,-0.030263148,0.0059685744,-0.121893175,0.0006537102,0.098960415,0.1735027,0.052265953,0.016197637,0.1278291,-0.20873378,-0.07865476,-0.013007712,0.10860585,-0.01441033,-0.076164804,0.17835274,0.10323039,-0.00060700625,-0.060045496,-0.005477831,0.0885777,0.096747,0.01391531,-0.08964374,-0.011294927,0.025610536,0.02016569,0.059057876,-0.13423032,-0.0073606055,0.15913697,-0.045346998,0.0014498755,-0.026395097,0.021257596,0.077865824,-0.028379023,-0.0014840346,0.012451783,0.08568776,0.04982929,0.015977208,0.12341812,-0.06454613,-0.02136119,-0.110289685,-0.09235254,-0.005247828,0.03601304,0.08908355,0.14750832,-0.104046956,0.22536233,-0.13238671,0.15678063,0.10289705,0.07934393,0.2060639,-0.13069978,-0.06898181,-0.016699553,-0.029011805,-0.008131541,-0.03316091,0.072094984,-0.03519301,0.08067875,0.10996275,-0.11549656,-0.053069673,-0.039725892,0.009537883,-0.20220597,0.06070946,-0.008606929,-0.01137913,-0.04278236,-0.038049243,-0.017721433,0.08688498,0.021467827,0.027637515,0.09627303,0.02237118,-0.09709427,0.030829556,0.020946525,0.13458914,-0.0407709,0.08265672,-0.075703084,-0.055725075,0.14848784,-0.047441255,-0.049083907,0.0064430386,0.13788849,0.041456148,-0.09543343,-0.009319618,0.012447268,0.09256234,0.101065144,0.086779796,-0.04177277,-0.010536725,-0.019869503,-0.07261199,0.05786647,0.12853625,-0.11649561
LUNG1-249,0.1628316,0.07648154,-0.05268816,-0.12398737,0.21861196,-0.19220918,0.06134045,-0.24605796,0.14412382,0.24457282,0.170452,-0.03287651,-0.34589374,-0.06408863,0.041707933,-0.19134042,-0.116482764,0.007171223,0.14036244,0.016764045,-0.0074835178,0.2689576,0.2552988,0.08515342,0.12494916,0.11177639,-0.11937472,-0.102433704,-0.06834288,0.1389965,-0.1456358,-0.07532335,0.17318991,0.091690786,0.061699703,-0.077059135,0.039110135,-0.040196694,-0.0006868001,0.112087935,-0.19290075,-0.09703404,0.048180453,0.011538915,0.08080787,-0.07940754,-0.067419074,0.2918779,0.042924114,0.21202946,-0.047918156,-0.0856565,0.081930734,-0.18198049,-0.07511102,0.18419388,0.08302216,0.11259731,0.0438903,0.095065534,0.004840101,-0.03212645,-0.032027468,-0.02438536,0.17547575,0.08181195,0.07424228,0.061823912,-0.18765327,0.21536183,-0.06890904,0.12529364,0.096964374,0.107504085,0.032049157,-0.16507916,-0.050825447,-0.037664976,0.18879318,-0.051054694,0.050385937,0.16063909,0.07003248,0.15392412,0.1476048,-0.3448544,-0.14731073,-0.0379373,0.10669713,-0.25923353,0.16298237,0.05343905,-0.0311025,-0.11557914,-0.0065427423,-0.02797694,-0.136504,-0.11311363,0.19427733,0.056857955,-0.0013614241,-0.10335782,0.0026546791,0.18780582,0.15167564,0.007387068,0.036374718,-0.10217941,-0.2744962,0.102487504,-0.032116562,-0.018703148,0.062123492,0.23714906,-0.041519754,-0.11876613,-0.11624201,0.12097692,-0.037273284,0.16776697,-0.05657734,0.11669624,-0.008580437,0.14634535,0.016742151,-0.0264059,0.11363658,-0.11905683
LUNG1-250,0.05820006,-0.023145754,-0.04581215,-0.010757953,0.16516235,-0.14411962,0.090883225,-0.14251292,0.13263354,0.09471264,0.12906869,0.028451018,-0.24006258,-0.015221052,-0.062078126,-0.1045748,-0.008084885,-0.0297747,0.13468328,0.0031057373,-0.09602078,0.16543218,0.058118373,0.12452889,0.077554196,0.117525145,0.043854114,-0.063465126,-0.058623478,0.100769766,-0.03637303,-0.1553092,0.09063704,-0.0028225183,0.06308233,0.010524612,0.08158553,0.020029455,0.043320112,0.054209404,-0.16407919,-0.09056601,-0.010565046,0.09289888,0.004372677,-0.09454816,-0.006726565,0.30237293,-0.14103052,0.08144364,0.10052771,-0.0063415654,0.10833392,-0.1455042,0.025173973,0.017369092,0.15130854,0.0059972964,-0.035487752,0.04374569,-0.021719815,-0.10260425,0.016077135,-0.060667444,0.07049966,-0.003594067,0.012475777,0.034939803,-0.07839395,0.16119447,-0.10855744,0.17031302,0.119633555,0.067759626,6.131828e-06,-0.022436067,0.067185655,-0.0022396855,0.097067975,-0.093078405,0.1109414,0.17374627,0.00638403,0.02646016,0.09281318,-0.2210047,-0.039037187,-0.047026478,0.08572878,-0.2410506,0.12188964,0.12493453,0.08554885,-0.10402866,0.15370479,-0.09181221,-0.084201366,0.0053855833,0.035252996,0.10460505,0.026202153,-0.08410065,-0.031085752,0.16569352,0.1133569,-0.027082782,0.10345003,-0.027829967,-0.21665572,0.11658634,-0.09496795,-0.040308926,0.08957416,0.21628058,0.08427804,-0.048409306,-0.049366184,0.08674149,0.00045157038,0.12009295,-0.0042422637,0.047979034,-0.12932545,0.007619621,-0.028166179,0.05127851,0.15378743,-0.0963907
LUNG1-251,-0.07793388,0.0071189124,-0.0061241128,0.08190039,0.101992354,-0.08803205,-0.035938405,-0.13468413,0.05310119,0.0673158,0.12332529,0.008032605,-0.13912004,0.0025725514,-0.17267469,0.050074905,-0.061698746,-0.017086238,0.10455456,-0.07690501,-0.10741155,0.03422567,0.11079495,0.051926766,0.0674268,0.033998825,-0.039539248,-0.08023324,-0.03869442,0.04711765,0.06561081,-0.1493407,0.0556339,0.13421024,0.018819578,0.03364028,-0.072781555,0.004378846,0.015643813,0.054130718,-0.14685753,0.008287575,0.027363867,0.11350616,0.00045193918,-0.077670515,0.028802227,0.11556159,-0.13237883,0.04558988,0.11201957,-0.012614556,0.11979004,-0.07430555,-0.003356956,0.0045852736,0.18318734,0.02256237,-0.076089814,0.052080728,-0.09220245,0.0040083453,0.017189592,-0.07089572,0.062144265,-0.0063217804,0.05090371,0.1570736,-0.097605325,0.14081666,-0.08925107,0.2408185,0.039966505,0.17537749,0.060338702,-0.04762287,0.02438553,-0.0068525113,0.11797239,0.015145749,0.008209784,0.089433834,-0.028499495,-0.02296649,0.07653883,-0.15434685,-0.06544979,-0.06060598,0.1487507,-0.26335785,0.15779993,-0.04240027,0.07581707,-0.05335608,0.068723425,-0.056451753,-0.03092166,-0.01023706,0.04717122,0.0706777,0.01814938,-0.04160308,-0.039693013,0.09073798,0.11960311,-0.092576236,0.10016731,-0.047074996,-0.11454232,0.1435005,-0.08213155,-0.059742734,0.085080266,0.020675115,0.08445095,-0.015028562,-0.04231039,0.06893174,-0.016270641,0.16701281,-0.0005466491,-0.012615353,-0.009417069,-0.11609472,-0.08350459,0.058663696,0.13450691,-0.12720613
LUNG1-252,0.020151518,0.035235696,-0.050131246,0.002012752,0.046225905,-0.05874834,-0.015832424,-0.16279188,0.036664337,0.11092694,0.037224337,-0.040170558,-0.15692313,-0.0295704,-0.07940948,0.01497025,0.0019587725,-0.05380857,0.015348038,-0.1302444,-0.11328243,0.025540143,0.07583735,-0.035979796,0.028615426,0.045843184,-0.09226601,-0.025943078,-0.079434186,0.0605759,-0.011240188,-0.07580609,0.097314686,0.060274158,-0.008404877,-0.037449263,-0.043214895,0.016827539,-0.008028292,-0.0021754336,-0.087912574,-0.003750395,0.0022561587,0.034420438,-0.020619992,-0.017495407,0.0011733016,0.16051766,-0.08494892,0.07395047,0.042611666,0.025698647,0.09501644,-0.122049496,-0.025328608,-0.0260088,0.097027026,-0.013259735,-0.015306182,0.12337961,-0.08887574,0.040217303,-0.07461091,-0.1310999,0.045352045,0.023059107,-0.016877092,0.12806585,-0.09329872,0.11661344,-0.07881184,0.19797269,0.040594954,0.082532324,0.07996266,-0.068119094,-0.014341773,0.00862209,0.041664902,0.0395139,0.067404866,0.08440449,-0.039682835,0.06260431,0.07350004,-0.1071161,-0.07802174,-0.03507715,0.08148501,-0.16408317,0.09645996,0.0604548,0.07580555,-0.12295672,-0.01120273,-0.09293055,0.022248782,-0.028335355,0.014271674,0.047383115,-0.0072769886,-0.07209763,0.02093883,0.09966544,0.06497507,-0.047440954,0.044799745,-0.044802204,-0.10314021,0.081629306,-0.10652052,-0.059435003,-0.013799202,0.12378384,0.0063780397,-0.08603375,-0.04865288,0.047967877,0.024402555,0.05675106,0.028548332,-0.03436697,-0.08372203,-0.10188122,-0.042829175,0.018596955,0.05557134,-0.10361495
LUNG1-253,-0.01418493,0.13916829,-0.07133828,-0.08493119,0.12804227,0.031094112,-0.11404259,-0.1988808,-0.00058972463,0.23002478,-0.017678048,0.039937265,-0.24345571,-0.099155374,-0.1042452,0.022549938,0.045169383,0.007732438,0.17430654,-0.100492194,-0.09451158,0.109516956,0.1388567,0.006650064,-0.035335846,0.045758273,-0.085599124,-0.25724995,0.025531903,0.13570976,-0.057604596,-0.13882408,0.15270528,0.25794277,-0.05316086,-0.14632246,-0.11730529,-0.059403047,0.13303769,-0.02590749,-0.10095608,-0.0466651,-0.05961714,0.15223867,0.14360645,-0.026405955,-0.09045455,0.15151757,-0.14315408,0.10487581,-0.116146825,-0.07337956,0.13448796,0.0031163022,-0.07650906,-0.0149556175,0.22530809,0.17720202,0.028200205,-0.005684495,-0.031323332,0.032954153,-0.062830806,-0.045005016,0.017188359,0.12646112,0.0131246485,0.28871977,-0.21736878,0.206664,-0.036113847,0.33029708,0.04578789,0.05793888,0.10964802,-0.03478411,-0.007155316,0.029276818,0.14583576,0.10914971,0.014594186,0.1417706,-0.08353082,0.06142588,0.14852753,-0.26087964,-0.15511787,-0.05204384,0.1902772,-0.2985146,0.09845146,-0.1509831,-0.050167255,-0.2308678,0.023835422,0.010489594,0.09100229,-0.049478304,0.1030374,0.14867826,0.03404408,-0.08127968,-0.004116576,0.029271092,0.20015137,-0.01630682,-0.047479503,-0.105323076,-0.1205807,0.1354455,-0.14568058,0.01554846,0.053812224,0.20160502,0.022092924,0.014873445,-0.07986397,0.18270475,-0.13520451,0.16104068,-0.06937926,-0.021733738,0.08964157,-0.010162991,-0.013649721,0.0037913844,0.05079929,-0.30905387
LUNG1-254,0.01524426,0.025293782,-0.0014281143,0.013764095,0.05037208,-0.09067565,0.028808665,-0.118141964,0.10068275,0.11031388,0.095246844,0.0008439198,-0.12046192,0.0020362884,-0.06802349,-0.045869954,-0.046118837,-0.04769841,0.069055736,-0.05006741,-0.05042007,0.07875384,0.10928493,0.042098895,0.06967859,0.045442935,-0.08533534,0.008681834,-0.028365772,0.0858037,0.038034007,-0.07398376,0.036931276,0.09384872,0.014346477,0.035687678,-0.023589877,0.062636465,0.019386541,0.053165946,-0.111776315,-0.016870942,-0.0043407045,0.026119899,-0.00986899,-0.068553805,-0.017205717,0.13678233,-0.024029732,0.07535776,0.092452094,0.04208498,0.086944826,-0.11739876,-0.05283418,0.014129043,0.10171594,-0.024811406,0.013454478,0.09069103,-0.048993334,0.030709831,-0.04911756,-0.09863225,0.06605886,0.035290793,0.020058915,0.07046476,-0.11705625,0.13852575,-0.09625786,0.180626,0.028704468,0.10373684,0.073887676,-0.08855399,0.0353736,-0.0021019652,0.040254973,-0.0021670759,0.052337546,0.08955037,-0.027358979,0.077599816,0.08123347,-0.0856875,-0.04338376,-0.073631644,0.094281696,-0.19019148,0.102831736,0.047985278,0.03791692,-0.09949595,0.060693614,-0.083681785,-0.03604407,-0.0629525,0.03565466,0.07734305,-0.020450432,-0.061022826,0.011364853,0.116226755,0.1299534,0.019761428,0.042764023,-0.061099406,-0.13180673,0.10984962,-0.04394616,-0.11706759,0.028716676,0.08138393,0.008043134,-0.06742738,-0.0773636,0.044649903,0.04732957,0.11571736,0.033931293,0.02390699,-0.051962912,-0.060409702,-0.05170325,0.05447857,0.08101061,-0.04215462
LUNG1-255,0.060412087,0.019724099,-0.049429253,-0.005761519,0.0851267,-0.08920382,-0.010205284,-0.13914162,0.07714751,0.0618631,0.07429509,-0.029535592,-0.13991845,0.0026464537,-0.116838224,-0.0027456454,0.016489904,-0.05980497,0.014932379,-0.16609174,-0.11058232,0.010535955,0.086719766,-0.0018365663,0.064775385,0.06996023,-0.085592136,-0.038712494,-0.06888073,0.053378176,0.0027574934,-0.06460377,0.08747757,0.07160584,0.038439803,-0.044461325,-0.06790949,0.019747898,0.0016167201,0.031465013,-0.10110079,0.015636869,0.012011256,0.06495567,0.007015828,-0.0329578,0.0050486242,0.16692889,-0.12785037,0.03484941,0.06263876,0.024537187,0.087509856,-0.1336812,-0.03347775,-0.009955648,0.12929386,-0.031313963,0.00016994774,0.15229642,-0.08289236,0.0010426231,-0.055237595,-0.10865332,0.029128172,-0.022826724,-0.014978901,0.13527043,-0.07316081,0.12565157,-0.105004534,0.22132102,0.062434446,0.11931392,0.09795056,-0.057879183,0.0136186415,0.0144038685,0.056836635,0.05972959,0.065124184,0.09604838,-0.016631141,-0.009179562,0.08323473,-0.12464291,-0.08532165,-0.068803556,0.083775654,-0.16513391,0.09961228,0.07754437,0.11337781,-0.10367411,-0.00010207854,-0.101312,-0.019394983,-0.01529652,-0.0057310667,0.060276374,-0.03540686,-0.09529029,0.032970615,0.06978038,0.060021386,-0.048042286,0.031449474,-0.043134045,-0.120241776,0.05996194,-0.07433575,-0.091033965,-0.0108160935,0.16107282,0.032001648,-0.109185435,-0.028534204,0.061168686,0.025297107,0.08106202,0.04793043,-0.047711574,-0.078151405,-0.13425544,-0.043691084,0.0121774115,0.06479559,-0.09568834
LUNG1-256,0.0033672396,0.041895874,-0.09083024,-0.013129376,0.11212087,-0.10196518,-0.04004681,-0.18079624,0.038547143,0.09924152,0.08839377,-0.045789912,-0.108273335,-0.04989554,-0.14410606,0.050641395,0.076481126,-0.08209711,0.03582861,-0.17229459,-0.10228981,0.0037488416,0.1087368,-0.013280172,0.03568621,0.093098,-0.14651452,-0.03889727,-0.052569587,0.07627393,-0.0008293763,-0.05929913,0.08653365,0.048402887,-0.05930373,-0.0895384,-0.048850726,-0.023485154,0.06458396,-0.025578134,-0.0570974,0.0026011914,0.0347312,0.09571661,0.010694396,-0.0035251994,0.05442209,0.17841536,-0.12564416,0.034594674,-0.008561671,0.00460298,0.08941865,-0.124617994,-0.032331873,-0.011984602,0.11929437,0.012885321,0.017402787,0.17793277,-0.108176954,-0.06800785,-0.1464037,-0.12985347,-0.022767358,-0.04497529,-0.023211464,0.22726515,-0.08465324,0.18023613,-0.14081317,0.26157257,0.070221394,0.10321678,0.17149773,-0.06528635,-0.02350565,-0.009425107,0.07491015,0.1270319,0.027237438,0.1230988,-0.05945538,-0.01632031,0.062424872,-0.10929087,-0.106904,-0.058618836,0.06810956,-0.1338931,0.08555168,0.024550356,0.10529358,-0.070515044,-0.004832901,-0.1288248,-0.011672756,0.03207171,0.002164172,0.047098488,-0.02973568,-0.057708576,0.047916703,0.0514719,0.037168566,-0.057997175,0.074678995,-0.054080565,-0.1282277,0.070018835,-0.10357318,-0.04781787,-0.072952606,0.12758721,0.019690042,-0.1281572,-0.007974781,0.033398174,0.05152829,0.10178598,0.05178635,-0.14645441,-0.034604155,-0.110816166,-0.04716089,-0.011039458,0.0582046,-0.1469157
LUNG1-257,0.061045192,0.025484402,-0.046151176,-0.01719395,0.09542895,-0.0755389,0.103700854,-0.17179456,0.08647622,0.14776574,0.13864301,0.015254624,-0.26708436,-0.025406055,0.043859623,-0.16212168,-0.03417217,-0.008285401,0.06967598,0.005360402,-0.041709885,0.17504473,0.09628992,0.07751029,0.04660155,0.06446209,0.0055342913,-0.042937547,-0.018379446,0.10898833,-0.07750131,-0.113416255,0.100372426,0.030639127,0.049492434,-0.004379414,0.064535886,0.0023670122,0.03357107,0.07529168,-0.1972421,-0.1135708,0.0045207217,-0.025465222,-0.020218723,-0.048339263,-0.022533849,0.23580334,-0.039914142,0.18140498,0.12776768,-0.02207239,0.075102314,-0.21450625,0.004844159,0.07115771,0.118497476,-0.026057981,-0.02009539,0.116235256,-0.047218464,-0.013744477,0.034505367,-0.11090958,0.11366278,0.03198636,-0.034339845,-0.002914548,-0.10450789,0.2008403,-0.059790768,0.1307717,0.07577337,0.06434535,-0.03987091,-0.0692088,-0.017617662,-0.021949504,0.09349216,-0.060529724,0.046103973,0.14848939,0.06243944,0.11932785,0.13291444,-0.24326806,-0.06810963,-0.03274758,0.088953294,-0.23226309,0.1371919,0.10633705,-0.004820451,-0.1434968,0.09282185,-0.021893792,-0.051236786,-0.048254117,0.09870813,0.0740064,0.028806696,-0.08963064,0.031710632,0.18336919,0.11799912,0.025554452,0.11142832,-0.08187535,-0.2297728,0.13219693,-0.1515838,-0.07662883,0.04011881,0.17680633,0.011942773,-0.10347856,-0.10114649,0.13197458,0.021901362,0.08030064,-0.047825955,0.09199014,-0.10390838,0.07846329,0.01664894,-5.0880015e-05,0.107855536,-0.05165959
LUNG1-258,0.015620895,-0.03336101,-0.015802106,0.018399566,0.08584497,-0.117539704,0.06919461,-0.14552288,0.062011063,0.08310033,0.11192068,0.030608289,-0.19768466,0.008203864,-0.064535335,-0.06958297,0.0054507423,0.006142445,0.040921643,-0.022736374,-0.07576255,0.10655454,0.07056044,0.06193688,0.07532104,0.06289056,-0.012473196,-0.050241172,-0.024889939,0.08956893,0.031107277,-0.12858225,0.07490999,0.016935613,0.05274959,-0.02996672,0.045330476,0.0522303,0.0058002006,0.025056804,-0.105013475,-0.054671958,-0.0049129277,-0.018321821,-0.026663618,-0.0949722,-0.009316197,0.2190293,-0.10990924,0.08878079,0.14068581,0.035252325,0.10025242,-0.13112667,-0.0052997638,0.0017318726,0.114763714,-0.041547954,-0.01702319,0.10388739,-0.054299176,-0.014228974,-0.041398607,-0.11041787,0.026998542,-0.01358572,-0.0026901364,0.025763048,-0.06095057,0.10402267,-0.13841796,0.15693891,0.066468805,0.044513237,0.05458218,-0.035083104,0.062240526,0.01866333,0.024600009,-0.042389575,0.063042656,0.10072109,-0.035186842,0.07601279,0.09079506,-0.12114242,-0.018654931,-0.05861179,0.07363275,-0.18926184,0.098512456,0.10902221,0.09293691,-0.13467732,0.08487835,-0.0570903,-0.007386751,0.007967232,0.037443496,0.09475906,0.030082744,-0.085835606,0.0007454343,0.12580316,0.102592245,-0.0055784266,0.11296965,-0.04430119,-0.13428228,0.11368212,-0.107692465,-0.11307062,0.04673922,0.17470056,0.04586964,-0.0608412,-0.077353716,0.080587365,0.022377908,0.07691384,0.035809793,0.010839768,-0.1262859,-0.06899771,-0.07820911,0.053508442,0.13728666,-0.0057208464
LUNG1-259,-0.00056184083,-0.047512606,-0.013826065,0.041465938,0.0053965077,0.004873082,-0.032913268,-0.15473074,0.021676823,0.101161815,0.04030741,0.038279206,-0.14931151,0.010930315,-0.056206517,0.052824836,-0.014845155,-0.0061245225,0.016080195,-0.089473724,-0.0733974,0.11347378,0.13018239,-0.029529817,0.021453355,0.06750295,-0.07450546,0.015704494,-0.042229068,0.0130325705,0.03600624,-0.074586555,0.05240637,0.07466178,-0.039661594,0.023104247,-0.025563154,0.020336457,-0.016874794,0.056855544,-0.04379329,-0.011829622,-0.027091686,0.026281822,-0.00028655864,-0.0701268,-0.01395048,0.09442572,-0.044328894,0.011616416,0.09315963,0.04335297,0.08931112,-0.031554207,-0.028319001,-0.06941716,0.067999795,-0.023641407,-0.046061914,0.12111473,-0.105266035,0.041523576,-0.062346116,-0.08468407,0.04361127,0.051006354,0.0011959337,0.12096042,-0.043314025,0.1270001,-0.12839217,0.19428876,0.011576079,0.05002521,0.094891645,-0.08832683,0.021526067,0.011907355,0.030098088,0.024003811,0.034571864,0.06258476,-0.100245,0.0970701,0.098259054,-0.038853973,-0.08339602,-0.062226668,0.1113306,-0.18950021,0.15935905,-0.010584828,0.07303913,-0.11612396,0.036956154,-0.11818428,0.029926151,0.009092659,0.0043193065,0.088903464,0.014117174,-0.08026092,0.034934904,0.018374216,0.13701686,-0.012586415,0.080196165,-0.02721842,-0.006841939,0.19342467,-0.14271568,-0.13976297,0.045952324,0.10347222,0.06475508,-0.099110864,-0.10038677,0.05857996,0.052805807,0.0743994,0.084308475,-0.0320583,-0.07556825,-0.087542385,-0.03271723,0.051294062,0.15714833,-0.05130186
LUNG1-260,0.081434906,0.04047312,-0.058478475,-0.038464203,0.10522656,-0.071225636,0.12658775,-0.16718552,0.10148827,0.13660571,0.1512799,-0.0048909932,-0.2416954,-0.028477237,0.0020880178,-0.14381671,-0.021641647,-0.033156868,0.08639565,-0.041130036,-0.072765626,0.15443136,0.060835462,0.079242185,0.034547046,0.07721203,-0.032163043,-0.039383143,-0.010570444,0.08369286,-0.11748996,-0.06884074,0.11794694,0.014755588,0.047427878,0.013644248,0.070010975,-0.020191927,0.03521648,0.04998817,-0.15884262,-0.07900169,0.01681466,0.00065088645,0.010918781,-4.757382e-05,-0.023201466,0.24283141,-0.03018402,0.1337268,0.08390821,-0.04941334,0.07249541,-0.20458914,-0.03861594,0.07545033,0.13915923,-0.008877203,-0.011435758,0.10224479,-0.055150025,0.03998262,0.06597717,-0.08913812,0.14176683,0.03453135,-0.035707854,0.032454118,-0.14337747,0.21466294,-0.027505368,0.15278715,0.106845334,0.104802154,-0.049486183,-0.045407142,-0.047264997,-0.020644352,0.081613235,-0.021978172,0.06639279,0.1551142,0.06875348,0.1093745,0.13428766,-0.259907,-0.080024645,-0.03355719,0.0775126,-0.26915538,0.1346673,0.14381886,0.0012683347,-0.12085815,0.11344208,-0.048342373,-0.06094863,-0.08680898,0.08107677,0.03633643,-0.0048464676,-0.04635635,0.008116486,0.17956078,0.090569474,0.046978347,0.09174882,-0.07576658,-0.25197443,0.1136059,-0.119505376,-0.051588975,0.035514936,0.16214925,-0.019076116,-0.09412397,-0.071394175,0.13645518,0.058654305,0.12327219,-0.078984864,0.09924233,-0.10774073,0.08022708,0.051699765,0.017095804,0.086662814,-0.06416759
LUNG1-261,0.11908499,0.013759749,-0.139829,0.07021315,0.14977391,-0.15714844,-0.014468938,-0.20292237,-0.03391315,0.0752609,0.042286903,0.018188722,-0.20906144,-0.07049131,-0.050704226,-0.13756222,0.051306807,-0.03755869,0.029835561,-0.09875773,-0.12907748,0.13916859,0.13606198,-0.020297706,0.13615188,0.055298064,-0.06893562,-0.052896455,-0.052610695,-0.02726423,-0.0089523075,-0.12522605,0.10402644,0.10535799,0.047223628,0.009368949,-0.10454349,0.017754626,0.086653195,0.04717257,-0.13596895,-0.037901487,0.05273346,0.0697059,-0.032274626,-0.11811599,-0.041454624,0.19498202,-0.06786142,0.033125427,0.11662161,-0.01297031,-0.04754301,-0.14989805,0.028432548,0.14594792,0.14257614,-0.072699636,-0.009098899,0.059876356,-0.18070182,0.007928047,-0.06186579,-0.12566383,0.1142223,-0.09481049,0.030365797,0.2030169,-0.04084637,0.15578315,-0.19275403,0.1966759,0.05916361,0.063939385,0.048412535,-0.0039723665,-0.020727847,-0.027492892,0.11124962,0.06651189,-0.026047483,0.04188095,0.07942054,-0.041716956,0.21211469,-0.17443797,-0.24990524,-0.0024712775,0.11289663,-0.10271167,0.08397614,-0.03788026,0.05954115,-0.09997256,-0.037350252,-0.0665438,0.054185502,0.0010902584,0.044675253,0.09802457,0.091964036,-0.18040924,0.10108564,0.11520213,0.028576437,-0.07929499,0.035688058,-0.05586512,-0.087957874,0.1692239,-0.117297634,-0.081107035,-0.074240915,0.16306579,0.153557,-0.2819898,-0.100934,0.05378048,0.032634668,0.055238012,0.05324134,0.0398888,-0.17104997,-0.028085288,-0.05002886,0.073954634,0.20100823,-0.032242797
LUNG1-262,-4.415773e-05,-0.031054743,-0.042799838,0.06534576,0.11924058,-0.088693544,0.036266148,-0.11764796,0.043245953,0.10680583,0.06518288,-0.024034549,-0.14943914,-0.0044146106,-0.11905108,0.05496172,-0.00876272,-0.041378852,0.041221213,-0.118581176,-0.05806468,0.02699064,0.084128685,0.067851126,0.08776455,0.0875794,-0.017541474,-0.060369544,-0.08777984,0.03046947,0.01122006,-0.09334543,0.08716685,0.03240772,0.007723719,-0.010917161,-0.017171327,0.027585486,-0.0018605115,0.015102724,-0.049686935,-0.0010426678,0.0075866207,0.043912195,-0.026834585,-0.05940094,-0.0090494435,0.16113737,-0.14432263,-0.002130665,0.07825611,0.018427894,0.077559434,-0.087832645,-0.046367668,-0.025193669,0.102231495,-0.01714049,-0.058281913,0.081144854,-0.040490773,-0.02819071,-0.044275984,-0.09373602,0.038981583,-0.043214604,0.015087515,0.13619123,-0.04156827,0.12485572,-0.1448578,0.18765637,0.03628279,0.08435397,0.08309748,-0.02122514,0.05092436,0.004320044,0.038585104,0.0064830184,0.08033897,0.06851495,-0.05161109,0.052004524,0.06676621,-0.08822636,-0.042414553,-0.04581327,0.06512903,-0.1757539,0.10203126,0.06919021,0.12373992,-0.05504318,0.054210372,-0.09297251,-0.026282102,-0.023943404,0.020793417,0.09176809,-0.0031740302,-0.04156314,-0.021884486,0.09084063,0.104708076,-0.07402443,0.08395618,-0.033733383,-0.1334815,0.109158285,-0.10026167,-0.08601585,0.023299754,0.10920413,0.053835943,-0.057581335,-0.024317477,0.019578896,0.019806758,0.11492779,0.046253778,-0.0036765635,-0.09751387,-0.097573265,-0.07644263,0.040302433,0.09943129,-0.0691552
LUNG1-263,0.07540436,0.08460273,-0.0474509,-0.1055598,0.15809199,-0.1269952,-0.08671085,-0.1446393,0.08466772,0.17801893,0.06060865,-0.039291255,-0.20467067,-0.052443616,-0.08742312,-0.056011803,-0.033581622,0.045444578,0.07644167,-0.020106643,-0.05110746,0.16182186,0.16889393,0.0072949007,0.05612769,0.07078397,-0.12041326,-0.061406128,-0.104466006,0.1602957,-0.037706017,-0.017522112,0.19197008,0.084612176,-0.036832992,-0.053968877,0.030118097,0.0038313288,-0.014098603,0.025105385,-0.07204626,-0.06755083,-0.03834649,-0.07062118,0.046602324,-0.041622367,-0.020940345,0.21960226,-0.04307945,0.19130337,0.037967745,0.061836734,0.08659807,-0.0927146,-0.046193495,0.042130664,0.04346177,0.024648495,0.0005259849,0.13146354,0.012290303,-0.007969759,-0.02450765,-0.07705933,0.09110447,0.06350526,0.101807624,0.121454425,-0.18067923,0.12151904,-0.19353892,0.08929873,0.068926916,0.05392039,0.1711964,-0.091671295,0.01920178,0.058815796,0.0821201,-0.104881674,-0.003471695,0.19580646,-0.0054690316,0.1898287,0.106480256,-0.14634779,-0.06463943,-0.07680184,0.011981353,-0.17382252,0.18360668,0.014504766,0.06860323,-0.0058378726,-0.039663292,-0.14721194,0.0132613275,-0.0040637855,0.05529909,0.015376002,-0.06637306,-0.08202392,-0.05940815,0.09137732,0.066496156,0.04989873,0.07253313,-0.052023888,-0.14745983,0.24671,-0.042583805,-0.051452212,0.026493605,0.19877571,0.014454461,-0.10623387,-0.026082126,0.021482192,0.025685957,0.12446159,0.028554987,-0.018136814,-0.038085278,0.08011788,-0.061676595,-0.024162777,0.09384345,-0.03769974
LUNG1-264,0.014424704,0.017956099,-0.012365699,0.010422025,0.047070034,-0.06531908,-0.0007248074,-0.12093344,0.081523426,0.11019987,0.08779047,-0.000595063,-0.10874197,0.023214223,-0.058242846,-0.048363615,-0.043671913,-0.036615156,0.05288607,-0.05387985,-0.06502631,0.06751317,0.0957724,0.02324637,0.054904886,0.06808363,-0.08611472,0.01781277,-0.0533046,0.08773647,0.0034395326,-0.064940274,0.042196073,0.106037185,0.0035069585,0.022317758,-0.019516584,0.07171812,0.0044992026,0.03817933,-0.09950843,-0.022255251,0.00012724847,0.0045918114,-0.016924907,-0.053625006,-0.021355968,0.115898766,-0.031077344,0.057333592,0.09782889,0.044903494,0.08658537,-0.12196849,-0.05192958,-0.00091445446,0.09766933,-0.045256525,-0.0068963096,0.098533675,-0.049487296,0.034818023,-0.042156655,-0.09023644,0.049350318,0.04012079,0.0006454848,0.0764301,-0.103587754,0.14075288,-0.094405085,0.14796233,0.030883703,0.09700426,0.07618592,-0.09040328,0.034053683,-0.003250062,0.0036822702,-0.002983518,0.055676974,0.088285916,-0.026035007,0.08427522,0.098332696,-0.075787336,-0.05446317,-0.04930233,0.09181162,-0.1635398,0.07967806,0.0571528,0.048330378,-0.103850715,0.023979802,-0.07377776,0.0018080864,-0.0521792,0.020717308,0.090839975,-0.015435979,-0.073927596,0.018564723,0.09363747,0.12996127,-0.0047031213,0.056869883,-0.046706267,-0.091895245,0.08333535,-0.0501873,-0.10839485,0.05128142,0.10561894,0.022831483,-0.090829216,-0.06302886,0.026431091,0.03975851,0.07929808,0.061152495,-0.011121605,-0.068483435,-0.07673972,-0.050423823,0.037569664,0.09112202,-0.059202462
LUNG1-265,0.05004143,-0.03890737,-0.021683516,0.049562816,0.13183592,-0.1896739,0.05929352,-0.12944092,0.118365996,0.08510548,0.14274646,0.0023409203,-0.1502508,0.008067075,-0.2097678,0.013597614,-0.101076074,-0.09006398,0.041474093,-0.092615426,-0.05324526,0.13376781,0.1267119,0.064496115,0.10990485,0.12824553,-0.0543386,-0.07971094,-0.07020384,0.059018962,0.05279522,-0.13670743,0.02059535,0.06754608,0.014780764,0.035088234,-0.034893762,0.03906717,0.016575705,0.09292024,-0.13282782,-0.0010628775,0.0027534142,0.07317516,-0.016937613,-0.19954644,-0.047313515,0.14827399,-0.04994441,-0.016388401,0.16217473,0.035854787,0.12721044,-0.1520077,-0.025157921,-0.010841202,0.1767843,-0.024349565,-0.011719242,0.029030092,-0.04403843,-0.10640273,-0.03638949,-0.07944382,0.0057832114,-0.02326909,0.06290125,0.11022893,-0.06761683,0.14408152,-0.13602564,0.24723047,0.056616884,0.13297753,0.058160372,-0.022892274,0.059937898,0.028342672,0.05932377,-0.07950288,0.020494312,0.15714355,0.013668612,0.037439205,0.08839138,-0.15047374,-0.045356654,-0.091753796,0.0829023,-0.25579566,0.1992929,0.1396561,0.10198228,-0.016546853,0.07779146,-0.12119497,-0.05983133,-0.009188606,0.0013392624,0.07541481,0.012789913,-0.010555357,-0.086612776,0.11754951,0.107583985,-0.03879452,0.14173177,-0.002901893,-0.15640317,0.09907929,-0.018197872,-0.16588132,0.052735217,0.075432375,0.11871906,-0.064544015,-0.0701884,-0.05163666,0.041217245,0.17643195,0.066937625,0.019045465,-0.12930794,-0.07070618,-0.09826147,0.05678872,0.11476208,-0.032976873
LUNG1-266,0.09358608,0.008865958,-0.060109667,-0.042908065,0.20599702,-0.18372414,0.13188817,-0.1268144,0.16167355,0.122733206,0.1388655,0.0423271,-0.25439358,-0.040105343,-0.033717975,-0.1204183,0.03557948,-0.044891655,0.1597287,0.023785323,-0.09868418,0.19940639,0.056184247,0.1364718,0.083199605,0.10692629,0.029383834,-0.08413551,-0.078209944,0.09169114,-0.057980645,-0.13023974,0.09133056,-0.016091868,0.05702062,0.04070865,0.11717796,0.02715288,0.080332644,0.051793467,-0.15046337,-0.10820973,-0.0031524375,0.12976679,0.020191714,-0.076162204,-0.028703768,0.3510019,-0.11607053,0.06816013,0.06965197,-0.0030248538,0.09793017,-0.1557202,-0.0070772655,0.031750202,0.19160205,0.017439507,-0.039254017,0.011074521,-0.027741626,-0.13899252,0.033842716,-0.012447238,0.11783098,0.0015344769,0.026604554,0.033079468,-0.131029,0.16711396,-0.099043906,0.17518279,0.16854599,0.07863083,-0.00617107,-0.024104387,0.06741895,-0.007960107,0.12072513,-0.10281722,0.15313548,0.20930779,0.028097846,0.009668775,0.09358225,-0.2628572,-0.055132076,-0.08427718,0.08919531,-0.2462285,0.118191354,0.1193073,0.08789603,-0.09132912,0.20189722,-0.10619006,-0.11203077,-0.0044837855,0.032912806,0.08873387,0.0067541627,-0.080095656,-0.03215775,0.19884138,0.11189431,0.006651804,0.10106076,-0.030919401,-0.26554623,0.10471065,-0.09065293,-0.018674698,0.09902273,0.25306517,0.09300524,-0.053047508,-0.039169796,0.084992126,0.013097461,0.1378417,-0.019666765,0.04121293,-0.12299547,0.048871696,0.026132338,0.03697726,0.1546002,-0.14007619
LUNG1-267,0.03236615,0.037696965,0.015959151,-0.012059823,0.10037741,-0.117306896,0.007601775,-0.15216118,0.091580346,0.1845348,0.1107234,0.0012173206,-0.23459363,-0.021019004,0.01814942,-0.07754104,-0.06439218,-0.01953562,0.09639457,0.017031118,0.027321436,0.16857821,0.14345601,0.06749585,0.11906003,0.073607,-0.0038236268,-0.087698795,-0.030221917,0.11948094,-0.025845202,-0.083384894,0.12426151,0.05179845,-0.016044445,-0.052153803,0.08182944,0.03702937,0.002458211,0.09861838,-0.14951158,-0.08867557,-0.044518825,-0.03270466,-0.032014247,-0.10880339,-0.023825057,0.21108034,-0.0145665705,0.20586506,0.09778202,0.03211786,0.10106431,-0.17015608,-0.03796743,0.07522039,0.108548254,-0.019780876,-0.012302842,0.14552096,-0.043269224,-0.044539057,0.0154931415,-0.08890787,0.11313814,0.017515622,0.020823538,0.06065164,-0.087908044,0.13989583,-0.13426927,0.13173121,0.03665259,0.062597595,0.03548079,-0.10383442,0.028273577,-0.01196411,0.081728436,-0.09374508,0.006338846,0.17603627,0.007879861,0.14852288,0.13139136,-0.18104307,-0.021054126,-0.024823992,0.089975424,-0.173453,0.14943895,0.029809907,0.07004585,-0.11104946,0.029648906,-0.070172146,-0.06482744,-0.010837076,0.120407626,0.100316525,-0.032083403,-0.08513782,0.0041863583,0.12807572,0.147706,-0.00465942,0.09546979,-0.060276538,-0.1986649,0.19130874,-0.09138725,-0.0822514,0.0694409,0.20245433,-0.011380166,-0.0930464,-0.12191148,0.04267768,0.010429879,0.09851963,-0.008556046,0.06862372,-0.10863125,0.06266623,-0.045922846,-0.0025755614,0.14059564,-0.048332408
LUNG1-268,-0.03078252,-0.089309,0.0036223494,0.053406205,0.079635516,-0.093257666,-0.014394283,-0.13884237,0.08207211,0.1524291,0.110699795,0.055538252,-0.1751302,-0.024450086,-0.13215831,0.09053208,-0.12326702,-0.024372812,0.050004218,-0.09756042,-0.02477955,0.1320621,0.13246472,0.059932265,0.06833487,0.10822219,-0.03730236,-0.043662533,-0.022189166,0.03786329,0.06430761,-0.16182953,0.095330045,0.06378948,-0.015317071,0.027823642,0.052516725,0.0035288408,-0.02229817,0.061160963,-0.10773068,-0.0013546608,-0.034482166,-0.00082201883,-0.046735235,-0.16928044,-0.05303298,0.18117285,-0.05098472,-0.0030789226,0.19242428,0.028665405,0.13853785,-0.08447197,-0.05902777,-0.0013939217,0.10454636,-0.023880852,-0.04743553,0.09529714,-0.14216405,0.011660766,-0.022928707,-0.106913805,0.04471875,0.0184246,0.0121652,0.08961603,-0.020851731,0.157835,-0.13505206,0.23643354,0.010806963,0.083166525,0.08197014,-0.11323294,0.032108996,0.02311582,0.07633248,-0.032681335,0.049406424,0.10198397,-0.05382382,0.09444551,0.11132987,-0.11183649,-0.043663576,-0.06552088,0.06930399,-0.3076264,0.18250263,0.070863314,0.1107627,-0.026054986,0.028404899,-0.16234726,0.021139555,0.021754172,0.059738133,0.08435119,0.056752503,-0.070411876,-0.08005782,0.07539818,0.17487784,-0.08781049,0.15280105,-0.0042646118,-0.078718245,0.22395349,-0.07941467,-0.14029258,0.05186645,0.067040555,0.071186095,-0.042675793,-0.15196723,0.000709638,0.025268156,0.1390535,0.09926232,0.06277785,-0.11247192,-0.106011175,-0.047755156,0.05472908,0.18899828,-0.027337477
LUNG1-269,0.050820597,-0.008847941,-0.092334345,-0.072565846,0.16578095,0.0074506663,-0.10825842,-0.28570667,0.02248575,0.18987037,0.0796164,0.019758843,-0.17146128,0.01353801,-0.15088746,0.07974784,-0.05446412,-0.110549316,0.09128593,-0.19631915,-0.12684433,0.1644896,0.23364869,-0.008690614,-0.015203901,0.17541742,-0.2893621,-0.053310767,0.04967343,0.11412872,0.016610485,-0.06784888,0.14923152,0.16101676,-0.09462094,-0.21211302,-0.04990394,0.11305473,0.09817083,0.0013098028,-0.0921546,0.13913512,0.017187614,0.12173233,0.10988944,-0.170591,0.029813595,0.14173092,-0.08634061,0.09920722,-0.059046753,-0.078913316,0.09252605,0.015305005,0.019620582,-0.113921165,0.22083503,0.04322,0.03737459,0.13748637,-0.18603936,-0.04094787,-0.14862952,-0.0768355,0.035194818,0.065269805,0.055345237,0.2143259,-0.11147055,0.27095693,-0.05827471,0.27683505,0.17535214,0.1296638,0.21305498,-0.17237604,-0.1008789,-0.0043828953,-0.11746384,0.116858736,-0.13775024,0.11794477,-0.109162316,0.11329804,0.13542563,-0.1163072,-0.023721527,-0.04551339,0.08324026,-0.17488521,0.06067151,-0.038880467,-0.039786175,-0.15040961,-0.10597579,-0.04419525,0.13675442,0.0037634494,0.01346344,0.099465996,0.035364814,-0.031605307,0.04841133,-0.0275729,0.1712115,-0.07713774,-0.046110295,-0.112204716,-0.08117371,0.134779,-0.04062308,-0.10804572,-0.027994998,0.14866805,-0.030190669,-0.11746788,-0.083290696,0.035298493,0.078437194,0.0780309,0.1879189,-0.030191287,0.035077237,-0.09279673,-0.0588231,0.0800832,0.08398755,-0.050396148
LUNG1-270,-0.06755356,-0.05061219,-0.030296786,0.09800194,0.15260346,-0.1466349,0.03382117,-0.14386682,0.07231043,0.08474876,0.13807526,0.043904237,-0.22568256,-0.007751461,-0.22849295,0.07046039,-0.065745965,-0.07134472,0.09817109,-0.09675208,-0.09024042,0.08938536,0.15335014,0.07759867,0.099139385,0.08595187,-0.036259316,-0.16139254,-0.062336046,0.06778624,0.10673533,-0.16240622,0.0738944,0.092512436,0.014272891,0.010390662,-0.036310542,-0.010603871,0.032075983,0.058581956,-0.14004542,0.00096140057,0.022686452,0.17907533,-0.024824014,-0.18785158,-0.023933098,0.19397405,-0.14670658,0.053321652,0.083777085,-0.010788664,0.17801157,-0.08947781,-0.027317861,0.0006810948,0.23296669,0.031648926,-0.03922955,-0.006913103,-0.0775443,-0.077261224,-0.011285255,-0.05995035,0.04615726,-0.024372887,0.07906369,0.15704069,-0.11301555,0.17121139,-0.15193745,0.3128815,0.073962525,0.18389335,0.07163954,-0.014751188,0.08542671,-0.0053870473,0.16258362,-0.0009546131,0.045102112,0.1755399,0.0016550645,0.010841042,0.10504657,-0.20428072,-0.05345057,-0.08304488,0.12305337,-0.32266188,0.19468853,0.012226731,0.099746354,-0.061735842,0.10468444,-0.11863483,-0.06438476,-0.033926167,0.058020055,0.121649586,0.047934186,-0.049929693,-0.13478917,0.092586316,0.10357305,-0.09109871,0.074622676,-0.017309777,-0.19823894,0.16409385,-0.0640648,-0.07727284,0.11808226,0.047785386,0.12225409,-0.05191336,-0.036107473,0.06348875,-0.0061240233,0.18856978,0.0092113465,0.052145846,-0.05518402,-0.16573049,-0.10295827,0.058468267,0.15738228,-0.07462402
LUNG1-271,0.2220588,0.08943152,-0.16865936,-0.18868625,0.17900828,-0.092943,-0.19537804,-0.23929873,0.030785162,0.30667016,-0.009770092,0.019964613,-0.27138087,-0.10840104,-0.13696313,-0.023890719,-0.02538254,-0.07736209,-0.093838446,-0.013035528,-0.12271388,0.32353806,0.3307651,0.033171088,0.057883024,0.06561456,-0.31379163,-0.19939262,-0.06358917,0.09924203,0.033699382,-0.0009700209,0.22325885,0.10249994,-0.046717696,-0.103197776,0.008304067,-0.0063540284,0.0927403,0.014707453,-0.053584594,0.03466618,0.06735012,0.0708011,0.058907256,-0.13973582,-0.032159068,0.2828215,-0.09494768,0.018878408,-0.013033435,-0.08860021,0.15878135,-0.023649996,-0.0057540126,-0.052369088,0.098462455,0.10010102,0.11542989,0.03340294,-0.07641554,0.0029232986,-0.15313192,-0.051689,0.037572347,0.076768935,0.107840806,0.35698873,-0.1678339,0.24718043,-0.20508006,0.2598516,0.17812449,0.10070161,0.34605643,-0.1565571,-0.06572322,-0.011062473,0.02362323,0.096343786,-0.12114655,0.12245797,-0.053293288,0.04791699,0.15725946,-0.22577842,-0.13522711,-0.06100503,-0.034588553,-0.2503986,0.19110984,-0.09898912,-0.048700526,0.045807257,-0.15598507,-0.16224948,0.096343204,0.037008706,0.023265041,0.17170605,0.010464415,-0.19329853,-0.022614647,0.013245098,0.13145061,0.0054376535,-0.087530516,-0.07755222,-0.09737943,0.18542999,-0.09096995,-0.02769671,0.026606692,0.20144185,-0.03473892,-0.19240867,-0.013336116,-0.084920146,0.12905613,0.08563838,0.104663745,-0.031288017,0.045549728,0.049457714,-0.13385314,-0.029054962,0.10916359,-0.06804253
LUNG1-272,0.070470326,0.010120364,0.023429248,-0.08027383,0.12426299,-0.11709047,0.033643704,-0.18881346,0.108246215,0.24272045,0.07972232,0.05750224,-0.29502153,-0.096821494,0.042696252,-0.08285005,-0.04761899,0.043502424,0.063191384,0.011829659,-0.020611841,0.2218309,0.16082582,0.02123687,0.049933203,0.04224673,-0.023042679,-0.08269044,-0.021664359,0.10508791,-0.049942154,-0.105718635,0.12868838,0.031138737,-0.021714218,-0.016446177,0.07929589,-0.03244834,-0.015127751,0.1250006,-0.16285855,-0.06586543,-0.03223812,-0.055587437,-0.020202551,-0.099013895,-0.029529408,0.26687482,0.020127252,0.21262604,0.1039523,0.0123916045,0.12368442,-0.14988428,-0.06218808,0.10350998,0.09152022,0.02102571,-0.0073745213,0.16372299,-0.079306684,0.042882744,0.032959484,-0.089563794,0.17085642,0.043771468,0.016539041,0.08563693,-0.1410866,0.20626706,-0.123457216,0.16430926,0.067484915,0.07165288,0.0041001365,-0.11110911,-0.004117772,0.028360635,0.09513301,-0.043898065,0.054930236,0.21372786,-0.015282609,0.20174631,0.10973257,-0.23427449,-0.08698101,-0.067328185,0.093064584,-0.24442288,0.19227436,0.023196448,0.043789152,-0.12138621,0.014143425,-0.12229387,-0.077963665,-0.043589983,0.15689917,0.09417933,-0.017723534,-0.08757742,-0.0070071965,0.14796743,0.13323931,0.014785621,0.070449814,-0.032069355,-0.20558372,0.20496556,-0.14849243,-0.05366406,0.07569684,0.20196813,-0.0017791931,-0.088970944,-0.1666619,0.07989976,-0.015059572,0.06264189,-0.002831608,0.10435964,-0.06531223,0.06490888,0.011975478,-0.0028623566,0.14477494,-0.035930596
LUNG1-273,0.17998326,0.116584755,-0.1894413,-0.009938717,0.14482845,-0.21982732,-0.256232,-0.35244143,-0.023696117,0.26231813,0.0131240375,0.02386976,-0.19535673,-0.09784188,-0.07432012,-0.05866446,0.118695624,-0.16782379,0.08533321,-0.2077339,-0.15627274,0.18788221,0.27198574,-0.032179486,0.04759805,0.06058681,-0.25639442,-0.16900113,-0.10530818,0.16555445,-0.20098694,-0.157478,0.18102425,0.18573087,-0.07626851,-0.12784031,-0.06496271,0.041898742,0.09068695,-0.024755117,-0.21272567,0.17833558,-0.06002018,0.18036497,0.09145777,-0.22109407,-0.00032358617,0.15448058,0.009948924,0.077587724,0.061147895,0.057476286,0.08619572,-0.012841072,-0.015019652,0.1317283,0.1854884,0.002483219,0.10241476,0.14276369,-0.3396846,0.048755027,-0.22717598,-0.10932602,0.14033672,-0.109364964,0.0069235787,0.37833962,-0.1170228,0.18174073,-0.10181315,0.34228528,0.17892887,0.1329563,0.15080702,-0.11703829,-0.14700058,-0.053415105,0.08400423,0.060117677,-0.04835514,0.12561251,0.11208303,-0.073458426,0.20054531,-0.1890156,-0.22223784,-0.0067396844,-0.023884952,-0.07797971,0.012030892,0.05387059,-0.10453311,-0.20534863,-0.245275,-0.08437424,0.19637921,-0.023382403,0.00575104,0.08848124,0.0706975,-0.2702313,0.023798313,0.06304386,0.12594636,-0.1826368,-0.02582869,0.0012568198,-0.06572758,0.06908159,-0.0908801,-0.049900178,-0.1059966,0.27307528,0.058992583,-0.30599922,-0.114017725,0.022738151,0.027085995,-0.049716346,0.13008249,0.097976625,-0.08847048,-0.018857896,0.090130076,0.013024546,0.115387015,-0.06612198
LUNG1-274,0.030917834,0.07767289,-0.035880186,-0.045817256,0.08514946,-0.045134313,0.029960413,-0.17592238,0.05515715,0.16498815,0.05541633,0.013782315,-0.19004059,-0.012461815,-0.011327248,-0.023035618,0.0028486913,0.001769742,-0.02011567,-0.03766995,-0.11750756,0.14540535,0.11102781,-0.031575248,-0.00077150017,0.08760789,-0.10937224,-0.0106762275,-0.047103185,0.051809028,0.0041173613,-0.06713633,0.057746723,0.15671682,-0.00021418929,-0.040803075,-0.03580977,0.05879825,-0.008312426,0.015745416,-0.15204734,-0.0306641,-0.019222975,0.0024214052,-0.007799724,-0.06331033,0.0034959214,0.1469266,-0.02289623,0.07876999,0.069678344,0.038562804,0.08090955,-0.1343078,-0.00028997846,-0.009075087,0.08498949,-0.023698732,-0.035817116,0.14007218,-0.07620181,0.03095492,-0.07486055,-0.11775124,0.058805995,0.08031835,0.0071635805,0.08652098,-0.09641637,0.1423657,-0.073880345,0.15382521,0.0783664,0.05986447,0.051254533,-0.13282889,-0.016352788,0.0039163623,0.030612532,0.016398974,0.026988424,0.071513765,-0.06440494,0.08991868,0.07826525,-0.086446546,-0.13114811,-0.047874764,0.118809395,-0.15943742,0.10740233,0.023042757,0.05160156,-0.15588592,0.010989714,-0.079209164,0.027402997,-0.0537676,0.036129743,0.0638119,0.0095689185,-0.053045362,0.02189434,0.07616244,0.12821889,0.020720374,0.04618639,-0.05980005,-0.08746316,0.05303404,-0.116690084,-0.064556114,0.047367517,0.15396094,0.01954736,-0.071738735,-0.13097946,0.050319172,0.00018499047,0.055359118,0.052209735,-0.034853395,-0.050408304,-0.05490328,0.027287323,0.04115934,0.11392592,-0.094870165
LUNG1-275,0.021106333,-0.009312879,-0.018125203,-0.017907754,0.08700058,-0.10216384,0.053346347,-0.14868101,0.11482878,0.1646505,0.10441252,0.0106485635,-0.21490625,-0.011027034,0.032816313,-0.066193305,-0.07269317,-0.03438531,0.09564069,-0.023362573,0.005245693,0.14955312,0.13142654,0.08919935,0.07244082,0.07828787,-0.03779222,-0.029341139,-0.027200986,0.11208975,-0.009997907,-0.10495439,0.090540625,0.047532253,0.016667705,-0.032544985,0.08024277,0.036660366,0.01548855,0.08170711,-0.16899836,-0.055748023,0.007817209,-0.009830014,-0.03924156,-0.09634508,-0.03413357,0.19829771,-0.0018525645,0.17559117,0.0854412,0.011758048,0.09019031,-0.18253426,-0.04168048,0.06642246,0.108308755,-0.012469381,0.0031104758,0.09191428,-0.058914993,-0.028004333,0.008921107,-0.089899175,0.09629033,0.023798915,0.0032791868,0.04249897,-0.10213313,0.16670191,-0.101024345,0.12345254,0.049216364,0.092589945,0.043128584,-0.10915789,-0.006050259,0.0030183364,0.053332295,-0.046225376,0.0491688,0.12541023,0.014133684,0.14679681,0.11487866,-0.19747591,-0.017840274,-0.052217107,0.075090855,-0.22266707,0.11290172,0.06398162,0.04718688,-0.09804862,0.053162172,-0.03553389,-0.044771478,-0.06804231,0.11293866,0.085039556,-0.016765025,-0.0803067,0.010801917,0.1326883,0.1641416,-0.037997536,0.10231033,-0.063860424,-0.18152347,0.13702384,-0.091520414,-0.07793911,0.06130591,0.14972407,-0.03000212,-0.103524536,-0.12006301,0.059777558,0.031187732,0.08618347,-0.0138742365,0.099019974,-0.12227459,0.04011906,-0.03723082,0.023967016,0.118050665,-0.041180212
LUNG1-276,0.0015145596,0.034347177,-0.03525919,-0.0166507,0.02045286,0.025359116,-0.01242134,-0.17431991,-0.044169784,0.14299586,0.024084263,0.0153336,-0.15827438,-0.0048629194,-0.059943266,-0.00077006733,0.04928836,-0.033545546,0.011476535,-0.08193979,-0.14973846,0.10726826,0.11472062,-0.07130336,0.008184075,0.06792921,-0.099309966,-0.0149587765,0.0035625696,0.0045336075,-0.0008233292,-0.02386282,0.031641185,0.14227176,-0.09356052,-0.039984055,-0.10891458,-0.008969795,0.04619638,-0.0077908263,-0.090770945,-0.09964104,-0.028888293,0.0024857428,0.02501154,-0.009143214,-0.027719114,0.10148271,-0.046474375,0.0639984,-0.0230053,0.009979904,0.06822173,-0.06767016,-0.0030631237,-0.10157203,0.08878358,-0.03508541,-0.0048331134,0.13095605,-0.026549147,0.029770352,-0.12634243,-0.13188696,0.004864361,0.09215154,-0.016729437,0.16559531,-0.09000419,0.14756812,-0.089488104,0.23505247,0.037059557,0.036045626,0.052994527,-0.03518583,0.005869141,0.026078446,0.04763106,0.100887865,0.0093118325,0.08010779,-0.06635058,0.09228392,0.091810904,-0.12018962,-0.11834347,-0.0507512,0.085306235,-0.10923561,0.14675039,-0.043540426,0.07385499,-0.1767421,0.026634095,-0.1486719,0.040941462,-0.034936678,-0.0036216509,0.10788724,0.019577438,-0.04472269,0.06988804,0.004546456,0.107985325,0.045290746,0.018325295,-0.072183736,-0.04104804,0.099398345,-0.17393285,-0.10980595,0.029044013,0.16404083,0.020763434,-0.10068399,-0.0840116,0.07044667,0.046898533,0.10591834,0.05521225,-0.086410254,-0.045983743,-0.07572398,-0.036371097,0.030645978,0.08111731,-0.19588703
LUNG1-277,-0.06258964,-0.003926825,0.0023899823,0.07191139,0.07862349,-0.050175335,0.017897863,-0.13322017,0.0018922519,0.12251036,0.07320775,0.011825636,-0.16932014,-0.01719135,-0.075153,0.03697176,-0.022914102,0.0031977547,0.04675453,-0.04481272,-0.07083306,0.049870476,0.046286486,0.05288503,0.06891982,0.049350996,0.0076540746,-0.06713166,-0.027912643,0.061938114,0.061840855,-0.13766909,0.068960354,0.09265963,-0.0069505535,0.00073380023,-0.047172427,-0.0047595818,-0.008748166,-0.0071184486,-0.09458333,-0.07863196,-0.007676985,0.014774751,-0.037467286,-0.057105877,-0.008869441,0.1296291,-0.12256239,0.06812713,0.08576869,0.020989625,0.118821606,-0.11287455,-0.022082055,-0.03478224,0.12009209,0.0070296787,-0.058825754,0.08555111,-0.040975604,0.005289683,-0.02927348,-0.11858934,0.033567663,0.0033600945,0.007562179,0.117863104,-0.049163472,0.121958666,-0.092674576,0.18604904,0.017140362,0.059919342,0.020228237,-0.041181255,0.04221718,0.013753296,0.06505733,-0.004874941,0.035671454,0.08570524,-0.038058426,0.061043337,0.06675995,-0.13802768,-0.02842547,-0.056992374,0.09123709,-0.20556259,0.12414952,0.030937798,0.09364818,-0.088318214,0.091533825,-0.08608894,0.014986498,-0.020128043,0.049688533,0.089261234,0.034909435,-0.0449605,-0.03309863,0.07992625,0.1417822,-0.057395037,0.0981545,-0.04649733,-0.12747394,0.10159623,-0.13186413,-0.068387724,0.065865986,0.062274512,0.053515576,-0.045121524,-0.05066804,0.078026086,-0.0028576404,0.10470024,0.018294584,-0.018827941,-0.047009908,-0.07524316,-0.05188948,0.046006314,0.096731156,-0.10857066
LUNG1-278,0.011018604,0.0074861404,-0.052622996,0.0020367578,0.0153173655,0.01195316,-0.064346515,-0.12973733,0.021091297,0.14440605,0.052064776,-0.027890187,-0.1475774,0.05138215,-0.10693319,-0.0042248215,-0.01948262,-0.042723957,0.032777272,-0.12292917,-0.1373187,0.070314795,0.1526111,-0.057618216,0.028036028,0.08549935,-0.13487531,-0.01657901,-0.07608331,0.05234296,-0.01468738,-0.054645404,0.056436606,0.105387226,-0.089323774,-0.04452601,-0.09271217,0.030479562,0.02764092,0.016507266,-0.0688305,0.0040955804,0.0075613745,0.032822277,0.00522865,-0.018574426,-0.030870616,0.12201346,-0.090023145,0.1062112,0.021865625,0.008025005,0.07725393,-0.05531074,-0.049319185,-0.07964759,0.1248394,-0.07956175,0.0101660825,0.10777606,-0.06260601,0.019478656,-0.12234889,-0.103954956,0.04385641,0.065503046,-0.02970197,0.14364147,-0.11386214,0.14652622,-0.074175455,0.19426243,0.023931194,0.093114555,0.11475681,-0.07914273,0.015622796,0.045564257,0.0037956163,0.048270628,0.021050699,0.083047904,-0.06381217,0.11607818,0.08661583,-0.07511928,-0.074454516,-0.034372024,0.08632073,-0.1115586,0.08884377,-0.004138589,0.052780274,-0.12367663,-0.06505078,-0.083779275,0.055665635,-0.038902514,0.04441704,0.10200457,-0.010263045,-0.07374878,0.05406946,0.031130776,0.08888751,-0.016131222,-0.00021227449,-0.064573035,-0.0530251,0.10380003,-0.12612894,-0.09029218,0.03307914,0.12161191,-0.0015859455,-0.1291953,-0.08563191,0.041081548,0.024233548,0.04997845,0.0816925,-0.0377158,-0.022182757,-0.09665118,-0.078059345,0.021371994,0.052303277,-0.12154012
LUNG1-279,-0.0332746,-0.0765993,0.012025718,0.055173036,0.034345154,-0.039572,-0.010600522,-0.17326567,0.07142621,0.14479837,0.07791835,0.08098705,-0.17764717,-0.013311997,-0.06280773,0.07284041,-0.091437496,0.013090549,0.052279085,-0.07720813,-0.024687607,0.11961602,0.1360007,0.042986564,0.049013115,0.06128943,-0.032903116,-0.006355159,-0.01631182,0.05042541,0.0349442,-0.14466912,0.08945641,0.06356009,-0.014079688,0.027237827,0.07317838,0.007765442,-0.008404996,0.029966367,-0.11108909,-0.006964568,-0.039586946,0.0053109843,-0.05272876,-0.12507516,-0.044172253,0.18786189,-0.05320234,0.03763365,0.16703662,0.028478127,0.12487,-0.061262656,-0.046151143,-0.020141788,0.08163987,-0.00368217,-0.047816437,0.10161822,-0.14906684,0.034260098,-0.02629455,-0.0954199,0.04446085,0.056994066,-0.010276806,0.051196735,-0.035014506,0.11853322,-0.12862697,0.20663822,0.0014929734,0.031400166,0.07897245,-0.122307986,0.04183604,-0.00052845385,0.070471585,-0.009854022,0.06493956,0.061129533,-0.07598096,0.12206957,0.08949447,-0.097065195,-0.039873183,-0.064016946,0.10000464,-0.27661288,0.13865383,-0.003209332,0.09071131,-0.060694125,0.046306707,-0.113109685,0.022295665,0.026017781,0.069237456,0.07056391,0.056439657,-0.09376098,-0.036904156,0.076097354,0.15313977,-0.04282751,0.13527668,-0.020155732,-0.05293633,0.24163246,-0.09642334,-0.13539433,0.04627031,0.09325981,0.059414063,-0.032942563,-0.14675131,0.05917885,0.02060021,0.10947212,0.08604869,0.042603835,-0.08985459,-0.09786862,-0.052196108,0.064913735,0.16806975,-0.025948342
LUNG1-280,0.18998268,0.102110915,-0.1754304,-0.29764554,0.38624322,-0.22161293,-0.11951903,-0.38077185,0.1129377,0.5175732,0.13649881,0.004306294,-0.482514,-0.21315402,-0.08046843,-0.14062375,-0.19888967,-0.033999763,-0.056974523,-0.016115405,0.014967497,0.45120665,0.62395453,0.056680854,0.17064697,0.13762474,-0.4664504,-0.39603758,-0.10964736,0.28309983,-0.039112873,0.0036398843,0.4058077,0.08760669,-0.038272854,-0.3443004,0.15613638,-0.016031962,0.026946582,0.10643402,-0.20544332,-0.042058002,0.16675138,-0.08106992,0.11558785,-0.31608218,-0.16500545,0.56766486,-0.06558161,0.3921777,-0.1782552,-0.048996672,0.14469165,-0.17622964,-0.08457056,0.25127947,0.06865687,0.24297461,0.29345974,-0.070119746,-0.10251738,-0.20905578,-0.123187974,0.0716329,0.24979687,0.17523718,0.16516118,0.24981037,-0.38591638,0.3784817,-0.24558377,0.22461098,0.14771377,0.14735252,0.34602016,-0.30066922,-0.08199168,-0.028114494,0.24666491,0.032613628,-0.13426426,0.35876632,0.13539064,0.16651955,0.23849496,-0.48613304,-0.18745106,-0.09198351,0.09412379,-0.54564047,0.2472024,-0.08285282,0.024122812,0.11208315,-0.2718771,-0.117313266,-0.029475316,0.014471717,0.15657672,0.14699918,-0.053319942,-0.1302934,-0.28775692,0.043263603,0.25484002,-0.051229395,-0.110497646,-0.05277834,-0.27530283,0.281356,0.014039449,0.120375305,-0.010961611,0.39293656,-0.10365347,-0.22225,0.08158329,-0.04989516,-0.032090034,0.25894868,-0.026110224,0.21572876,0.11210716,0.06249079,-0.1621249,-0.2503448,0.15583211,-0.07820611
LUNG1-281,0.14305952,0.07713364,-0.05343953,-0.15136284,0.26352504,-0.07275103,-0.11716492,-0.22485644,0.001226943,0.14322495,-0.018722083,-0.07173607,-0.22941051,-0.02492991,-0.18571852,0.06383698,-0.02869096,-0.06486364,-0.0059354864,-0.07505441,-0.051899746,0.18979618,0.31616426,-0.025526326,0.10652651,0.08499633,-0.33557844,-0.17097366,-0.07430073,0.2090292,0.10685349,-0.05461476,0.22133532,0.09957546,0.06354442,-0.12079451,-0.04314257,0.05947712,0.15570828,-0.020182986,-0.064339094,-0.011126813,0.08320693,0.17641068,0.057408832,-0.09146858,-0.08768324,0.17243552,-0.027629085,0.15305033,-0.16141906,0.046367217,0.18244058,-0.119670875,-0.10613355,0.0070046857,0.19755071,0.1798338,0.15952525,-0.045259215,-0.097284816,-0.03739451,-0.05794998,-0.071078755,0.041335147,0.044648424,0.20635098,0.23100087,-0.23917057,0.164094,-0.15821582,0.20270641,0.1684555,0.09582535,0.28849772,-0.09338086,0.016975224,-0.02291425,0.081497245,0.110998124,-0.11118772,0.26211894,0.061553285,0.028753351,0.10933135,-0.3651343,-0.19705373,-0.08194702,0.102619894,-0.40719062,0.2566108,-0.10183178,0.08256468,0.07558951,-0.07420656,-0.12716126,0.07789443,0.05522719,0.1379964,0.14654756,0.06906701,-0.13435508,-0.022812035,0.033802602,0.042228676,-0.1158616,0.010932915,-0.11012766,-0.17078298,0.10291429,0.09097951,-0.025774665,-0.017280411,0.09239448,0.04339789,-0.22527644,0.03684504,0.02545701,0.079346746,0.2122331,-0.01400375,0.008872986,-0.088806316,0.023744438,-0.19190621,-0.05497112,0.052758638,-0.041637927
LUNG1-282,-0.027319506,0.08567024,-0.03814509,-0.04284066,0.12824793,-0.0060363,-0.06608989,-0.2217916,0.019564686,0.21293512,-0.0071656816,-0.0034961626,-0.25825572,-0.09256732,-0.08603072,-0.025924563,0.03121173,-0.0008726381,0.17085266,-0.05912001,-0.07158455,0.082062334,0.09452711,0.0008621663,0.013290346,0.039798066,-0.06263001,-0.18454939,-0.015482008,0.17193995,-0.060730983,-0.14132997,0.11999789,0.22024366,-0.012843031,-0.11877582,-0.087442085,-0.02827873,0.10964721,-0.04772622,-0.1086989,-0.099442974,-0.0427097,0.11414292,0.07752444,-0.028807485,-0.07820509,0.19242111,-0.13144663,0.14084132,-0.051482454,-0.069788985,0.11582214,-0.07573909,-0.038010854,0.021999568,0.1780667,0.12570792,-0.012796707,0.038983233,-0.0038175508,-0.021723595,-0.035008635,-0.095271684,0.04543548,0.11145547,0.021985063,0.24450713,-0.1504691,0.1855182,-0.025874954,0.2754864,0.0149128735,0.047835212,0.041930694,-0.0046631694,0.010661116,-0.040661152,0.13335517,0.064483635,0.076695174,0.13874994,-0.0451757,0.049098283,0.11718464,-0.24580409,-0.13584396,-0.04261736,0.16184358,-0.2520318,0.07714485,-0.030383408,0.00134857,-0.21149029,0.07211356,-0.004831996,0.043759614,-0.06398685,0.08669501,0.14705428,0.05425098,-0.07859391,-0.010883819,0.07762082,0.18165131,-0.005890183,-0.0011211634,-0.09310974,-0.15864708,0.115709,-0.0921389,0.019828603,0.065208316,0.14543992,0.02181973,0.031041719,-0.063055456,0.16335529,-0.09433199,0.19540137,-0.054294944,-0.011943135,0.062979534,0.03199771,-0.008242361,0.020560566,0.04276473,-0.2661502
LUNG1-283,0.0155822635,-0.064482756,0.022229023,0.015985645,0.10246709,-0.13543648,0.0033572763,-0.064464346,0.09893248,0.058537647,0.12712154,0.04692541,-0.18456292,-0.032849617,-0.06142674,-0.035300482,0.020853927,0.022879343,0.006268088,-0.008201309,-0.09092571,0.13500361,0.053732906,-0.006692698,0.060897574,0.016356919,0.053390097,-0.10321664,0.03389331,0.03858121,0.11053222,-0.13380487,0.13254517,0.029978875,0.07071947,0.010236956,0.0019756854,-0.016873933,0.02597531,0.03828223,-0.08762193,-0.10985895,-0.02310269,-0.051590644,-0.09208283,-0.077947795,-0.0031194687,0.23247966,-0.058109775,0.043792523,0.2132611,0.07612798,0.12236795,-0.1387505,-0.028300943,0.020403989,0.17612106,-0.0692031,-0.014241468,0.18555841,-0.13298616,-0.0014798641,0.035083473,-0.10535318,0.005758483,-0.021883562,-0.047434904,0.0317484,-0.04005525,0.1307251,-0.10736257,0.190166,0.08072716,0.057220504,0.011915371,-0.062114134,0.09808339,0.058790404,0.06811636,-0.042934723,0.095869586,0.1916056,-0.061046667,0.055306546,0.079596065,-0.15860513,-0.09619393,-0.09020515,0.04370832,-0.29934105,0.14489785,0.10315783,0.10640809,-0.11005233,0.099947065,-0.1572037,0.03727539,0.04298103,0.07116903,0.09751517,0.10851106,-0.15677257,-0.0014006048,0.058686607,0.08207365,0.011549819,0.19545308,0.007596042,-0.14745533,0.18387157,-0.10732568,-0.14508703,0.005740106,0.19323322,0.088110395,-0.05886444,-0.19497737,0.15314937,-0.011509668,0.00258971,0.014555652,0.0057278275,-0.049610075,-0.12382932,-0.033539306,-0.01423461,0.22361797,-0.008502625
LUNG1-284,-0.05314257,0.07794483,-0.033965696,0.047987107,0.10191835,-0.044137623,-0.0047764406,-0.12912981,0.021925068,0.11931501,0.07948551,-0.0048176497,-0.13051245,-0.017400965,-0.13498254,0.025224542,-0.015874172,-0.04769276,0.07051377,-0.079772756,-0.12762126,0.031184703,0.11028643,0.051104315,0.05394581,0.008566551,-0.031557105,-0.1326457,-0.039784975,0.08450219,0.10266602,-0.14200526,0.024957906,0.16620874,-0.0014389306,0.0056009702,-0.08966359,-0.018654834,0.020630628,0.017595606,-0.15783942,-0.020547727,0.026394546,0.10588742,-0.031155976,-0.102843635,0.017171863,0.13183299,-0.17387214,0.09446789,0.06759906,-0.027091019,0.12499978,-0.12614617,0.008328941,-0.01854287,0.19951788,0.0228858,-0.0531453,0.038720243,-0.08240331,-0.030075401,-0.007434096,-0.09367379,0.019480802,0.030556938,-0.004005417,0.18256474,-0.09883234,0.13964969,-0.07570172,0.2713042,0.022360567,0.13570791,0.06239474,-0.043854445,0.01601078,0.016651195,0.06710783,0.021942832,0.0049652345,0.14874662,-0.047592223,-0.015444085,0.057084613,-0.15566915,-0.06342725,-0.07285969,0.1845448,-0.20027784,0.14381157,-0.052709796,0.08180879,-0.12491092,0.06756462,-0.06533147,-0.008941885,-0.040926196,0.011071889,0.08059086,0.015691418,-0.028478283,-0.05492361,0.07661022,0.13162768,-0.054980278,0.048943933,-0.08516617,-0.15271892,0.069580294,-0.13337836,-0.059491243,0.061858416,0.085348666,0.052575964,-0.04337215,-0.051510237,0.04156513,-0.04008153,0.12915567,0.010743026,-0.026386142,0.017005805,-0.07087691,-0.09210182,0.06605529,0.05230612,-0.15594682
LUNG1-285,0.011481356,0.023132246,-0.025868576,0.03255174,0.08559837,-0.054838788,0.08439913,-0.21124357,0.04517498,0.1561639,0.0767414,0.017098784,-0.19767964,-0.0019279532,0.030523725,-0.066863105,-0.050241362,-0.012204856,0.04439693,-0.04361689,-0.02460723,0.10885207,0.11703424,0.08159535,0.09435263,0.04664357,-0.019164715,-0.040146425,-0.04445956,0.07285488,-0.05889764,-0.12618247,0.10727515,0.05155743,0.03233993,-0.011205975,0.036396425,0.017507505,-0.0039726235,0.050463308,-0.17689085,-0.08284304,-0.0126271285,0.011896066,-0.04953163,-0.049256247,-0.01730152,0.18335077,-0.084888704,0.15973854,0.067751564,-0.0007179715,0.08329976,-0.15273461,-0.007849002,0.0386993,0.084311716,-0.022075018,-0.030211195,0.09679373,-0.060122754,-0.006670162,0.02357985,-0.10775532,0.105237566,0.0057367794,-0.025228493,0.043598667,-0.07308093,0.16452709,-0.05928005,0.13920425,0.0048850663,0.052551746,-0.0150560215,-0.10477933,-0.0027537495,-0.032861564,0.07147983,-0.01647046,0.03818655,0.05808398,0.015258476,0.09099835,0.1203826,-0.16257654,-0.07906021,-0.0064439448,0.13359673,-0.1782032,0.10092814,0.03869141,0.050809238,-0.14123648,0.043973386,-0.0061077937,-0.05620289,-0.048576403,0.087933406,0.08382168,0.02760394,-0.05354686,0.021629503,0.13061593,0.14235617,-0.031688593,0.07457997,-0.058573216,-0.17311841,0.08839284,-0.15247923,-0.06899915,0.04061255,0.113348335,0.0043410473,-0.09917887,-0.083805114,0.09042906,0.006327212,0.06907579,-0.018962223,0.05594425,-0.11528067,0.04237126,-0.039841052,0.042748302,0.08623029,-0.08985773
LUNG1-286,0.011183288,0.0071546044,-0.03985533,-0.028659888,0.11968896,-0.10041188,0.05006036,-0.102546476,0.025485903,0.09642124,0.08130258,0.054427862,-0.17321643,-0.016884603,-0.033846922,-0.1281192,0.042809583,0.023539383,0.031716157,-0.04262621,-0.08416288,0.08525188,0.044157542,0.006033363,0.021258801,0.024692506,0.014849868,-0.08423626,-0.0089723915,0.099521175,0.047344808,-0.100944,0.13550632,0.042775594,0.09372237,-0.05555711,0.054090638,0.024504332,0.09106561,-0.0369086,-0.10076413,-0.05713225,-0.051720936,-0.061357744,-0.050340235,-0.038909495,-0.063076265,0.21537372,-0.10038791,0.1498222,0.13619925,0.06379823,0.10138037,-0.15012392,-0.036170848,0.019159734,0.19179636,-0.053317517,0.006390989,0.118609026,-0.06984972,0.0079648215,0.012055214,-0.14473131,0.018888205,0.023592165,-0.018197142,0.041596364,-0.09787023,0.12602064,-0.097987264,0.1501815,0.068191856,-0.006724164,0.025453627,-0.062006377,0.03725224,0.070012994,0.01408784,-0.051774874,0.10742256,0.17833364,-0.002963014,0.09062929,0.11428802,-0.1897286,-0.059184056,-0.06868151,0.002518095,-0.18791144,0.1001482,0.15588728,0.09030352,-0.15026611,0.044111427,-0.045322016,0.1056825,-0.021163836,0.08651214,0.10415445,0.087325744,-0.14064266,-0.052049555,0.08690452,0.06674974,-0.015046166,0.09810357,-0.06929331,-0.18211412,0.14248496,-0.10084877,-0.10886333,0.01113401,0.2125412,0.036310587,-0.093118005,-0.11309187,0.14255269,0.04917394,0.035490777,0.032437056,0.031944014,-0.08499056,-0.059657834,-0.056115072,0.00969217,0.05453856,0.031654373
LUNG1-287,0.047137707,0.03408281,-0.043273028,-0.0018765628,0.07153781,-0.046431568,0.10198396,-0.18726203,0.08106144,0.14505352,0.059099197,-0.009120382,-0.18777078,-0.009135272,0.0037551746,-0.07799226,-0.033099458,-0.005317999,0.10652375,-0.03213616,-0.04396299,0.118854046,0.09202241,0.09589883,0.09242397,0.051062576,-0.01111499,-0.030287467,-0.051528804,0.08048934,-0.084465034,-0.112415865,0.1042369,0.05215253,0.004926,0.033563096,0.021975387,0.019684037,0.009255607,0.040308394,-0.16453394,-0.09832742,-0.021666292,0.046746083,0.0015050061,-0.021052042,-0.04872541,0.21197757,-0.09205716,0.12626192,0.031293552,-0.013468422,0.08767622,-0.113276765,-0.026015207,0.015148215,0.08349327,0.014960308,-0.037507292,0.077453405,-0.0047146995,-0.010971226,0.01976359,-0.07563983,0.1409013,0.06319074,0.0009063743,0.052003026,-0.08485967,0.16491878,-0.04333695,0.13986383,0.04226659,0.071637765,-0.018761955,-0.084832676,0.019731034,-0.01899381,0.083314374,-0.041962944,0.10783809,0.07510245,0.009148844,0.097350776,0.086359926,-0.20118222,-0.07203978,-0.049661756,0.119985715,-0.19818185,0.100658365,0.03191065,0.030056193,-0.13498461,0.09197554,-0.03610256,-0.10575526,-0.07226865,0.078179985,0.0613534,-0.0015757037,-0.06172759,0.03306958,0.15144692,0.1330757,0.005311854,0.054168228,-0.048575215,-0.20740804,0.085386984,-0.13125035,-0.037048083,0.08708065,0.14997515,0.010947367,-0.04940397,-0.0669305,0.11472097,0.000808049,0.10946573,-0.04946208,0.059979916,-0.07435241,0.09202278,0.015681475,0.06382834,0.07900318,-0.14127117
LUNG1-288,0.023056798,0.031755205,-0.023095831,-0.008967154,0.04175865,0.042538375,-0.017257579,-0.1697927,0.0025491584,0.15968955,0.011639314,0.032028005,-0.17344145,-0.023061134,-0.041158274,0.05293357,0.0105758235,-0.02260349,0.027581468,-0.062363625,-0.055474363,0.14627627,0.13733242,-0.05325512,-0.012162536,0.08537051,-0.08913935,-0.01197084,-0.018084299,0.033184633,0.028194021,-0.032216307,0.023853116,0.12595288,-0.062314995,-0.009279892,-0.045441154,-0.0015682336,0.0050799493,0.021250239,-0.082606055,-0.045494776,0.0021547265,0.0042024218,0.034855627,-0.018280398,-0.008523785,0.09332801,-0.04538635,0.022971574,0.018482428,0.026901057,0.100200996,-0.07241413,-0.031511948,-0.077234544,0.082417145,0.016262427,-0.044848595,0.11532291,-0.073784634,0.047697317,-0.09475385,-0.095954396,0.032327022,0.09257378,0.030185666,0.12512717,-0.052059826,0.14890707,-0.106519386,0.19459094,0.05397482,0.05807355,0.081814095,-0.073608726,0.017665843,0.0015945992,0.026921876,0.057931952,0.021346655,0.043225195,-0.0964935,0.11016232,0.074271806,-0.07703481,-0.096122876,-0.052460045,0.124266885,-0.16086775,0.1647946,-0.03709335,0.06186907,-0.1440466,0.030324314,-0.13717052,0.03605658,-0.02959345,-0.0010753889,0.11572996,0.021270463,-0.05035712,0.048029706,0.050339565,0.12858087,-0.008613052,0.05113426,-0.057593647,-0.048474174,0.14844508,-0.15694027,-0.10152598,0.034271818,0.11099538,0.024376996,-0.06885895,-0.08439268,0.036014646,0.06890918,0.08506803,0.07022507,-0.06057607,-0.03606376,-0.037931986,-0.012574438,0.04298771,0.12174885,-0.107216984
LUNG1-289,0.038249325,-0.009870987,-0.017582152,0.01777611,0.070238434,-0.047065433,0.07651213,-0.1751366,0.054423448,0.11942432,0.08206316,0.018208675,-0.22931185,-0.03335686,-0.03729158,-0.045924675,-0.053403933,0.011854567,0.055659473,-0.001435414,-0.06494327,0.13935116,0.060639106,0.044089407,0.03962221,0.07194839,0.042252477,-0.0065983534,-0.010403037,0.054807812,-0.03364023,-0.14357814,0.053620074,0.027922101,-0.018598266,0.037363403,-0.00015253946,-0.037691638,0.03078857,0.06027378,-0.14522842,-0.10560354,-0.022015532,0.005842829,-0.016963493,-0.054145012,-0.0066567603,0.18802685,-0.079977766,0.084571086,0.13196905,-0.012121864,0.084820636,-0.1695466,0.0114364065,-0.00016015768,0.0943726,0.018086426,-0.067777336,0.1120954,-0.03684215,0.003450673,0.032193955,-0.10186225,0.08198116,0.009480765,-0.0062564462,0.07243141,-0.03493551,0.1834465,-0.083787896,0.17395821,0.055660468,0.05241894,-0.05558174,-0.0373961,-0.0057008173,-0.0131858215,0.07874418,-0.053010322,0.046680767,0.11873502,0.0063749924,0.06529303,0.108526,-0.1813211,-0.07123305,-0.022997923,0.10008881,-0.2322414,0.16811398,0.084831394,0.04407473,-0.12020835,0.11324378,-0.09408529,-0.014231768,-0.04007965,0.054506697,0.083203435,0.04933346,-0.05856599,0.00081135705,0.15618168,0.14402995,-0.016955592,0.1421514,-0.0287445,-0.17451526,0.13167301,-0.16183317,-0.07728346,0.08813158,0.11613542,0.1003262,-0.0733872,-0.095561035,0.06949928,-0.013163839,0.0918058,0.009536155,0.039139524,-0.08735643,0.03734815,-0.011179581,0.057025827,0.12673622,-0.056901112
LUNG1-290,-0.00032969937,0.022553895,-0.06402877,-0.03137868,0.018468373,0.05035881,-0.059591286,-0.14938262,-0.007937118,0.12490026,0.051783323,-0.02894739,-0.13933283,0.07147868,-0.08465484,-0.026284518,-0.018151054,-0.019723695,0.048369836,-0.09139638,-0.1416094,0.11648442,0.1866943,-0.03551994,0.0015177205,0.08700146,-0.17142808,-0.0069900677,-0.024282884,0.05149926,0.013022572,-0.041972287,0.04232487,0.13021156,-0.059055585,-0.06686307,-0.101973265,0.046245776,0.055408835,-0.006176537,-0.06611842,0.0011192188,0.0078671165,0.04124047,0.03738589,-0.0026134243,-0.032170136,0.05624182,-0.053071856,0.10110813,-0.010051526,0.0010962449,0.055772595,-0.06328577,-0.047467772,-0.097443864,0.12804389,-0.07218145,0.06700805,0.06489962,-0.0553789,0.023353495,-0.17421241,-0.112710744,0.025061484,0.086938456,-0.012650788,0.15616408,-0.13963714,0.1546233,-0.061274007,0.14957307,0.059535716,0.072487965,0.12445453,-0.08796516,0.028322771,0.07188711,-0.012382811,0.06730871,-0.027792983,0.073640205,-0.051231835,0.13639227,0.08793013,-0.08179273,-0.08396978,-0.038698927,0.087618,-0.11943522,0.100913264,-0.030195676,0.018330723,-0.12054427,-0.028373148,-0.077030905,0.04854168,-0.021352863,0.053295527,0.1264373,-0.018882368,-0.07586527,0.08087961,0.0056370944,0.10481445,-0.018567475,0.011754345,-0.100254476,-0.04600569,0.11332999,-0.11054351,-0.10155073,0.000487227,0.08343728,0.003923783,-0.13864543,-0.06799711,0.11258759,0.063902855,0.08223946,0.06712269,-0.0033862889,-0.02774018,-0.056423225,-0.08207265,0.019466493,0.040872496,-0.06595143
LUNG1-291,0.07430738,0.039912842,-0.08475352,-0.019237794,0.1462573,-0.04044206,-0.06414444,-0.24279734,0.01660532,0.18623567,0.08289828,0.010853648,-0.13014767,0.07464932,-0.08899988,-0.023240946,-0.035733767,-0.07451135,0.08877717,-0.1233465,-0.12189187,0.13071,0.2112506,0.016336236,0.03627721,0.14707536,-0.22939247,-0.001779288,0.003764838,0.12971613,-0.014909975,-0.088400885,0.09839798,0.16132692,-0.044301767,-0.10897731,-0.05685405,0.10647645,0.08959535,0.021461887,-0.12237032,0.08009907,0.011051904,0.08508213,0.054856904,-0.14820631,0.008946557,0.07760312,-0.01080893,0.07855371,0.005016543,-0.074922964,0.05572649,-0.02289017,-0.019202862,-0.0446207,0.16528113,0.020967245,0.059381638,0.11866565,-0.13014029,0.00696327,-0.13132323,-0.07047749,0.045416214,0.025901616,0.034813426,0.16183966,-0.08957038,0.18769372,-0.09808877,0.20545638,0.15566564,0.06944248,0.1644656,-0.15491042,-0.07186444,0.011033937,-0.08011608,0.052302435,-0.08339924,0.075184524,-0.06735035,0.076576345,0.1254624,-0.08806586,-0.10590699,-0.03815078,0.09354553,-0.10031604,0.041824438,-0.044472255,-0.03936606,-0.12198517,-0.10340531,-0.021212406,0.12345407,-0.0069111143,0.021138994,0.1187532,0.06594473,-0.09183529,0.04048841,0.0028982759,0.15461475,-0.025161356,-0.008550368,-0.09435518,-0.07188267,0.09374793,-0.06420562,-0.088814214,-0.015235428,0.15892068,0.03262581,-0.17644134,-0.097430274,0.0163882,0.06234566,0.06665419,0.17731103,-0.021644734,0.0031115264,-0.036229767,-0.037329197,0.06489402,0.095104724,-0.02940245
LUNG1-292,0.08802693,0.062379144,0.025555607,-0.057145163,0.16411297,-0.13013121,-0.033259496,-0.12052281,0.054110553,0.100414604,0.14532855,-0.081979565,-0.24533369,0.013991773,-0.12368064,-0.0755516,-0.0015713433,-0.031385045,0.044451922,-0.065745585,-0.018290492,0.1805822,0.11883958,0.043095518,0.14112431,0.14390707,-0.11798422,-0.13267165,-0.07450663,0.111185856,-0.0073784683,-0.01416783,0.058322415,0.10642419,-0.013231251,-0.118572466,0.029836368,0.08192691,0.034686573,0.08035277,-0.07440864,-0.07988468,-0.11328504,-0.018872775,0.06984033,-0.13853368,-0.06849025,0.1471414,-0.08245541,0.14752105,0.12579294,0.10133211,0.10909272,-0.086850464,-0.03925983,-0.02151538,0.17508307,-0.062422913,0.07638314,0.13959262,-0.09381783,-0.12912008,-0.006880493,-0.10285367,0.050853558,-0.03692493,0.08763383,0.05926837,-0.14904921,0.14819555,-0.18335417,0.101298995,0.05488575,-0.008141879,0.071898885,-0.042392176,0.039274294,0.012321977,0.061646283,-0.12725635,-0.09610952,0.26020455,0.06333989,0.11458188,0.21994337,-0.17768678,-0.058241572,-0.05380869,0.06997807,-0.1582157,0.20675027,0.0928525,0.11066766,-0.08156963,-0.019239545,-0.058742434,0.040800765,0.03996171,0.01976737,0.06617244,-0.039089274,-0.04135324,-0.041181237,0.07908871,0.14784685,-5.1047653e-05,0.12758473,-0.041322157,-0.15753548,0.17606664,-0.01623936,-0.16686343,0.0018687248,0.21343341,0.12035011,-0.15307797,-0.058497995,-0.010553092,0.055759665,0.20388657,0.021647774,0.02137474,-0.18715352,0.024418395,-0.14683789,-0.046619408,0.16997981,0.030857496
LUNG1-293,-0.0007631965,-0.03249976,0.013603512,0.02153721,0.01770195,-0.06530474,0.02710868,-0.15934777,0.08723565,0.14820713,0.04877052,0.053316385,-0.17243755,0.0032643713,-0.009848032,0.012321514,-0.024786402,0.044912193,0.042813197,-0.02951891,-0.036711946,0.14006527,0.0992255,0.035703722,0.049889848,0.022472505,-0.041695576,-0.022819959,-0.027553279,0.045402583,0.031056438,-0.14398694,0.068788186,0.052576095,-0.012967121,0.032601614,0.052412156,0.02217682,0.0030351412,0.054648045,-0.116181165,-0.050435755,-0.050655305,-0.017145308,-0.061964728,-0.09648334,-0.041157607,0.17984043,-0.05806773,0.07623828,0.15646654,0.058265418,0.12351849,-0.08974266,-0.03381454,-0.020970196,0.09991803,-0.03293193,-0.05525721,0.11804758,-0.10931573,-0.010362912,0.012573603,-0.07618754,0.0668219,0.03581553,-0.00953291,0.059110276,-0.05439986,0.14360273,-0.100044236,0.18662551,0.012332052,0.047365483,0.048311096,-0.10827068,0.032752432,0.012839379,0.046503052,-0.006226938,0.076941386,0.08334585,-0.07058815,0.11116466,0.079684615,-0.08722547,-0.07029567,-0.08094508,0.11864178,-0.20536634,0.14056435,-0.00019665714,0.07488279,-0.120286286,0.0529329,-0.096185185,-0.008339189,-0.004622498,0.0439914,0.110153005,0.021714985,-0.076348454,0.022203997,0.087189466,0.13770019,0.00093258545,0.09312022,-0.010345846,-0.100021586,0.17627707,-0.15412582,-0.12245272,0.060026936,0.12093277,0.051637843,-0.040565304,-0.13687252,0.0617376,0.03132887,0.058293592,0.05801746,0.01878205,-0.060706407,-0.032558046,-0.010458283,0.05570782,0.17148319,-0.062019017
LUNG1-294,0.010317348,0.035446815,-0.0002987422,0.017371774,0.03158281,-0.021655511,0.03988047,-0.17626339,0.010426487,0.15335563,0.017504081,0.014178276,-0.13689491,-0.007324945,0.0035967976,0.036160477,0.0068251416,0.013773294,0.016258186,-0.04054212,-0.054560654,0.11358464,0.077174954,-0.008137092,0.044713616,0.03700669,-0.058347583,0.020000268,-0.037739787,0.027282793,-0.0018857629,-0.10441761,0.0520158,0.09448117,-0.05448232,0.028432772,-0.03201105,0.016617995,-0.0018304829,0.026877835,-0.112375885,-0.04558271,-0.038354218,-0.024398832,-0.06518585,-0.044373523,-0.032067098,0.08754264,-0.041028764,0.07376664,0.088976115,0.061076164,0.08943384,-0.09516402,-0.019819394,-0.045174174,0.07840563,-0.02995555,-0.06812544,0.11815882,-0.08741495,0.045793395,-0.007142556,-0.07841255,0.07001079,0.040063363,0.006261129,0.08423309,-0.05296348,0.11679524,-0.091746375,0.1548438,0.014970634,0.03391614,0.010858677,-0.09938088,0.010294106,0.0002910064,0.020248635,0.017737646,0.056537274,0.041492872,-0.052473113,0.09177966,0.07626718,-0.05452113,-0.13246517,-0.048268642,0.13088691,-0.147798,0.13282396,-0.011489236,0.08660006,-0.122074366,0.052335903,-0.08789183,0.005413916,-0.02415121,0.022671074,0.07371542,0.014846834,-0.04507692,0.041053757,0.081847034,0.112730764,-0.00080427155,0.07572504,-0.022606887,-0.07100242,0.09982264,-0.17114344,-0.088584945,0.042345423,0.099602595,0.03854201,-0.0752718,-0.09733355,0.035699025,0.034160502,0.066530034,0.049084768,-0.025700971,-0.077837944,-0.01958543,-0.00021002442,0.057006825,0.1201106,-0.09948622
LUNG1-295,0.023783058,-0.010331236,-0.039855257,-0.06854806,0.11452842,-0.10448661,-0.016407177,-0.12679356,0.09801948,0.20745745,0.15599057,0.031291015,-0.22514136,-0.05553902,-0.09103603,-0.04353623,-0.105910376,-0.046341978,0.032077037,-0.05405346,-0.008791681,0.14776686,0.15885353,0.016527502,0.057234794,0.09879463,-0.118463725,-0.040866375,-0.061839446,0.13607076,0.062958695,-0.0517675,0.1328167,0.07820668,0.025173962,-0.08095508,0.040998694,0.074231,-0.012484096,0.054275747,-0.12851466,0.036098793,0.02190502,0.0021353066,0.021481931,-0.0910203,-0.042645376,0.22602195,-0.030387074,0.11228722,0.04589139,0.017708963,0.13613358,-0.09300946,-0.04850209,0.022791572,0.08867438,0.025210187,0.01846167,0.091291934,-0.057869576,0.047994107,-0.07250155,-0.107902944,0.047775373,0.058740657,0.04816049,0.05767242,-0.18407953,0.18194321,-0.100813806,0.15244672,0.086950645,0.114554495,0.13350809,-0.16686484,0.017926361,-0.027504267,0.042149793,-0.028136026,0.0055090487,0.14080736,-0.0402127,0.19950642,0.13350996,-0.14151114,0.0070372224,-0.04977028,0.029784575,-0.2600427,0.1200119,0.09044781,0.00835602,-0.07256549,-0.012715835,-0.085038684,-0.032441504,-0.09218833,0.111916006,0.057911947,-0.020851003,-0.07957472,-0.051094085,0.12242973,0.14084749,0.001540117,0.025929809,-0.0702917,-0.10885654,0.17552301,0.013836853,-0.08763884,0.030085523,0.08440961,-0.05809199,-0.032171566,-0.14276557,0.0668811,0.04231924,0.11790739,0.06251569,0.07129088,-0.08544372,-0.08963431,-0.055976585,0.048505284,0.08846137,0.03230939
LUNG1-296,-0.05459006,-0.0205729,0.044132855,0.055487026,0.06650269,-0.049907055,-0.022947192,-0.14007144,0.017915893,0.18122911,0.08920722,0.112054616,-0.21765737,-0.046400927,-0.0899446,0.07339639,-0.05069463,0.011573471,0.034357324,-0.048480023,-0.068569414,0.07541736,0.115056716,0.025378734,0.04899028,0.05085079,-0.0006309338,-0.070412524,-0.048296347,0.056351215,0.062134206,-0.1591742,0.065339774,0.12997358,-0.01325142,0.005825896,-0.024082402,0.02435684,-0.017829977,0.03774786,-0.09824553,-0.046616755,-0.017572368,0.025627952,0.015204206,-0.088021964,-0.020232491,0.1741994,-0.08973009,0.052092202,0.11582066,0.028347446,0.104990855,-0.0040865242,-0.043711722,0.0022488758,0.09392744,0.041595973,-0.02373763,0.07036232,-0.080929264,0.0516017,-0.08848596,-0.13128746,0.09791001,0.051231936,0.029024422,0.09780459,-0.11637527,0.115302764,-0.10591847,0.21806416,0.00924952,0.07470046,0.048034642,-0.08255664,0.07865284,0.0040061763,0.14772952,0.015631385,0.0762408,0.07135341,-0.058123738,0.08008165,0.06830747,-0.11827974,-0.055786602,-0.08625289,0.12980825,-0.31547588,0.12668113,-0.003445004,0.0966562,-0.092734605,0.049843878,-0.11209061,0.019668188,-0.0069992514,0.14720581,0.07291388,0.04881643,-0.07723501,-0.019150969,0.12684675,0.2201941,-0.040752288,0.086910576,-0.04724811,-0.066343784,0.21795538,-0.09703547,-0.06933616,0.0853567,0.06483311,0.063317314,-0.02044278,-0.14741753,0.12793744,-0.08378656,0.1444763,0.02358719,0.034883216,-0.027117088,-0.119314,-0.0147268325,0.033984065,0.13871866,-0.0780541
LUNG1-297,-0.046730068,-0.049573883,0.026905417,0.06121365,0.05947502,-0.09397647,0.019349057,-0.15853214,0.053650927,0.16864416,0.08456925,0.05966513,-0.18388955,-0.023214191,-0.076071404,0.063632675,-0.043852992,-0.006531298,0.05211208,-0.044194512,-0.057794344,0.07702244,0.10572531,0.04249759,0.10870195,0.061464045,-0.040844016,-0.05682061,-0.05424823,0.0719237,0.058359213,-0.15815593,0.056310803,0.09883842,-0.02182197,0.009054985,0.014166895,0.033624142,-0.02424489,0.014165644,-0.09284812,-0.014629908,0.014329497,0.035664096,-0.017131694,-0.102495484,-0.04913394,0.20187,-0.105723254,0.05397491,0.14774325,0.0034260117,0.14534724,-0.05663345,-0.050077073,-0.017965652,0.11121144,0.0030625127,-0.047783043,0.07698287,-0.09387949,-0.024974559,-0.064704426,-0.10189218,0.078268185,0.040794697,0.030584086,0.08193749,-0.058312383,0.13352753,-0.12113175,0.21891099,-0.0057616197,0.07334863,0.061950777,-0.10055672,0.08997296,0.008994191,0.07481123,0.009507686,0.12161042,0.057292856,-0.08857016,0.07680874,0.042858254,-0.11620535,-0.02501684,-0.10154813,0.11993602,-0.22592089,0.11482916,0.021344684,0.08141997,-0.09091103,0.033992507,-0.083849564,-0.009482577,0.009423194,0.07113765,0.12901099,0.01393194,-0.07592282,-0.02023492,0.12135741,0.16656086,-0.03296189,0.07953681,-0.024319537,-0.08459741,0.15585738,-0.12686795,-0.09040097,0.10949807,0.09477407,0.030931488,0.0033904798,-0.11711185,0.052814998,0.0005112421,0.13400015,0.063368246,0.021149807,-0.023670813,-0.06727229,-0.045812253,0.024780415,0.12616128,-0.09960429
LUNG1-298,0.06483425,0.092919104,-0.0993126,-0.05082219,0.07455568,-0.03730289,-0.13766742,-0.23427144,-0.016595159,0.17944258,-0.0019581579,-0.051397897,-0.21053213,-0.08644856,-0.09707013,0.0054139574,0.027519453,-0.091555,0.029462785,-0.16718227,-0.15198506,0.1100211,0.18146992,-0.068722084,-0.014822081,0.07127047,-0.16741575,-0.104397826,-0.054775152,0.067857996,-0.077223234,-0.056052476,0.08742909,0.13108504,-0.10785396,-0.08692657,-0.12336379,-0.010755964,0.04969643,-0.017386593,-0.06618368,0.0004843101,-0.009966373,0.015330482,0.08679946,-0.08266285,0.006718346,0.11542349,-0.023506194,0.10203298,-0.026164271,0.0040399805,0.07982384,-0.079134434,-0.026071383,0.0018480942,0.11487737,-0.0077143535,0.06266232,0.11644375,-0.11709677,0.06165852,-0.20496418,-0.12494379,0.047337048,0.068338424,0.008574482,0.21432179,-0.10620979,0.16047709,-0.08555539,0.27746528,0.097387806,0.107106306,0.12922573,-0.06133914,-0.058700226,0.0027275477,0.06774751,0.10819289,-0.020163342,0.096881986,-0.027579103,0.07552007,0.106836006,-0.15017481,-0.15670139,-0.0049460307,0.041538447,-0.120114386,0.11206763,-0.005242141,-0.010132268,-0.16709751,-0.11871049,-0.11324998,0.12556845,-0.059998617,0.050266713,0.07151097,0.039299037,-0.11498125,0.08899106,0.029388,0.094054,-0.0378299,-0.01916273,-0.083672926,-0.051111877,0.101902306,-0.16028969,-0.085821554,-0.051841788,0.1681425,-0.037910454,-0.16087121,-0.10106562,0.024160434,0.035774294,0.02462846,0.05129871,-0.01843581,-0.010494672,-0.06912009,-0.026172616,0.014066853,0.06770559,-0.13740046
LUNG1-299,0.24448362,0.061200526,-0.16199543,-0.28000945,0.29520443,-0.13773978,-0.15565628,-0.23981458,-0.025128793,0.22193685,-0.0965211,-0.0623138,-0.35330927,-0.13142812,-0.24951413,-0.010870249,-0.037209988,-0.06463036,-0.14208615,-0.02172814,-0.12015623,0.26394108,0.42102087,-0.065987445,0.09470877,0.023106962,-0.52785945,-0.3498328,-0.09985116,0.2635135,0.07196624,0.033055477,0.26310015,0.10746057,0.047836475,-0.080766745,-0.13394381,0.020566553,0.1481862,-0.032661278,-0.06074771,-0.062084742,0.16214588,0.1436457,0.12815177,-0.10912282,-0.181855,0.29001117,0.018118098,0.1640282,-0.24063799,-0.009967424,0.1691929,-0.14255434,-0.17082784,0.07076648,0.16833979,0.2137717,0.1882109,-0.0833605,0.04987472,0.009867404,-0.16960004,-0.061962664,0.056307636,0.1707519,0.2793328,0.31043518,-0.37883666,0.15966517,-0.18323953,0.31821308,0.21575467,0.06894401,0.38162795,-0.115527175,0.053294927,0.039058335,0.20180747,0.08366081,-0.09731495,0.32916063,0.09372607,0.07914581,0.17085168,-0.4404022,-0.2096425,-0.1656419,0.09662142,-0.43244928,0.2316255,-0.1334025,0.048200134,0.09299199,-0.18914641,-0.20610866,0.06369326,0.015311137,0.2588215,0.1842621,0.035611857,-0.12248626,-0.014996801,0.08114442,0.0002026707,0.08560721,-0.17579958,-0.16748144,-0.20670797,0.16636421,0.08773733,0.07877916,0.074184105,0.15609393,0.008056614,-0.26716965,0.060656216,-0.04458552,0.027826235,0.27898848,-0.06131302,-0.06930077,0.0065387636,0.05034188,-0.19716659,-0.08753092,0.029265486,-0.07998971
LUNG1-300,0.016846694,-0.119344406,0.118836895,0.001434058,0.26394162,-0.24526238,0.028503478,-0.17123806,0.062359583,0.09926269,0.13665055,0.09564012,-0.35757992,-0.08900174,-0.283807,0.07026629,-0.05091346,-0.045294814,0.06565614,-0.053020395,-0.0395825,0.1357109,0.3246895,-0.011137575,0.15066653,0.10284333,-0.07116885,-0.25449064,-0.050403178,0.1490476,0.11300335,-0.18942861,0.14358881,0.14754304,0.046291612,-0.099896066,0.008798864,0.0665441,0.07192906,0.04681358,-0.090772375,-0.076212555,0.006428998,0.22451878,0.1044926,-0.32345605,-0.037538297,0.2672529,0.017725982,0.09640133,0.096899614,0.04858339,0.2652777,-0.06446366,-0.12326412,0.11067119,0.26042536,0.16494355,0.025018852,-0.015684985,-0.055946477,-0.10562644,-0.11460214,-0.09374187,0.08268366,0.00839968,0.19524121,0.1623633,-0.18340029,0.06625556,-0.26587933,0.28860617,0.098469034,0.14593932,0.2158508,0.041446313,0.13742298,0.050169587,0.23297977,-0.10514022,0.08084522,0.272529,0.024839528,0.07683866,0.09606037,-0.31423396,-0.04121592,-0.18661487,0.115866624,-0.5166559,0.25749564,-0.0044040764,0.15288557,0.004153587,0.06161842,-0.12843406,0.037450917,0.058158785,0.17798677,0.15912764,0.034211632,-0.0753299,-0.20442012,0.14216548,0.180965,-0.13850436,0.184511,0.005702179,-0.1661967,0.239315,0.03711418,-0.011883166,0.1525478,0.09866937,0.21677071,-0.12743801,-0.08967986,0.10655428,-0.12452412,0.31014287,-0.026591897,0.07589859,-0.16221951,-0.12526426,-0.16641897,-0.043286756,0.25387925,0.0134348795
LUNG1-301,-0.022717701,0.03388486,-0.07385118,-0.037417978,0.07747301,-0.03939419,-0.02033484,-0.14893247,-0.0106815435,0.10191548,0.04934836,-0.024372447,-0.20867366,-0.061199106,-0.10598719,-0.032280922,0.043740425,-0.043275222,0.023173528,-0.106202036,-0.14941496,0.04807398,0.07110923,0.0005908087,-0.013627589,0.01157986,-0.10885735,-0.13043272,-0.048741385,0.13357878,0.037716806,-0.08232974,0.13038722,0.048672512,0.04279355,-0.024882443,-0.037081912,-0.061253414,0.07816724,-0.020287633,-0.08971605,-0.016959812,0.0022552945,-0.0076601505,0.0032286458,-0.046016388,-0.058767587,0.19459075,-0.15159428,0.14674872,0.013349697,0.006995354,0.12527886,-0.16154097,0.034221265,-0.031699836,0.18356869,-0.023014853,0.0548341,0.09045668,-0.10064641,0.0006413236,-0.084691234,-0.16576779,0.021583367,-0.0026407838,-0.038011737,0.18627232,-0.13827495,0.15636548,-0.082823925,0.25325906,0.06816977,0.050673172,0.08271413,-0.0355934,-0.042462956,0.048335034,0.05885336,0.08482978,0.020328216,0.20138226,-0.007929616,0.058954082,0.090217866,-0.20417671,-0.083195925,-0.053077944,0.08356421,-0.2049093,0.101723865,0.08499678,0.064312495,-0.09894824,-0.022067279,-0.10413003,0.10421141,-0.0026240824,0.07672259,0.09495426,0.0525274,-0.11411764,-0.014791708,0.053976927,0.012754694,-0.027349042,0.02335674,-0.073676385,-0.21073174,0.09931097,-0.1368064,-0.078260064,-0.025677547,0.12717807,0.028190192,-0.08816865,-0.047142662,0.1025738,0.056817397,0.06772836,-0.015973821,-0.011402521,-0.06266616,-0.07884637,-0.13043618,0.0025497898,0.02130058,-0.053085
LUNG1-302,-0.10642668,-0.065247774,0.0010384414,0.08009763,0.16956341,-0.10172233,-0.0016930923,-0.13417423,-0.003489839,0.088961124,0.07571714,0.040900163,-0.24666643,-0.017824225,-0.20481835,0.08497012,-0.01305575,-0.042945836,0.074672006,-0.114284754,-0.060912523,0.060909573,0.17617702,0.045652382,0.09024675,0.06778293,-0.04062286,-0.21958557,-0.04439529,0.15815434,0.14408875,-0.15792184,0.12085034,0.13767461,0.044340864,-0.05032643,-0.027237875,-0.00601428,0.07806612,0.0026576193,-0.11210889,-0.042349923,-0.0040612966,0.16234726,-0.0015659761,-0.18602003,-0.034332737,0.1874173,-0.17381771,0.1378788,-0.036855042,0.03821096,0.20376626,-0.059428852,-0.07026161,0.014022045,0.23654285,0.094511606,0.011292454,-0.00860884,-0.06580643,-0.06105739,-0.056004364,-0.09555524,0.01833045,0.011102682,0.098761015,0.17770857,-0.14533958,0.12650044,-0.17002407,0.29329723,0.066277355,0.11721867,0.11007208,0.035299696,0.12208582,0.034219094,0.14947423,0.025213078,0.05033701,0.25309587,0.014854237,0.07133638,0.10914258,-0.24054064,-0.005296059,-0.10763326,0.13080016,-0.37444052,0.14729607,-0.012543618,0.12504786,-0.089974865,0.11533932,-0.10678548,0.023841668,0.0014031287,0.13411394,0.14036068,0.057449237,-0.1030696,-0.15475127,0.054662906,0.10196803,-0.12923965,0.036812693,-0.071673244,-0.19490127,0.16578338,-0.058169343,-0.04199273,0.10242344,0.10944229,0.13039517,-0.11152869,0.020418856,0.17438501,-0.03830087,0.16671303,-0.05253309,0.040846646,-0.07492539,-0.17254873,-0.14066203,0.032003377,0.12597519,-0.06348805
LUNG1-303,0.073118515,0.038407616,-0.06529899,-0.09104026,0.18293358,-0.14787851,-0.09873714,-0.14971907,0.08660398,0.13293158,0.12729749,-0.04751789,-0.1752016,-0.012032438,-0.14666338,0.06980588,-0.10651118,-0.061108172,-0.0313316,-0.124609806,-0.03511685,0.18488508,0.1517314,0.04533014,0.08359158,0.20863631,-0.18205693,-0.1003185,-0.09794536,0.13594157,0.031390365,-0.0122348,0.11247527,0.07477559,-0.05770026,-0.114842586,0.018471207,0.032951515,-0.027376052,0.011777518,-0.08792205,-0.0013033189,-0.055559006,-0.06358467,0.003009906,-0.17525785,-0.0666414,0.16129982,-0.06964375,0.114646345,0.10161944,0.08696778,0.09776977,-0.12135313,-0.03272327,-0.037407324,0.10614095,-0.05513382,0.03139245,0.12158827,-0.09430085,-0.09568914,-0.027145471,-0.048131138,-0.0030394634,0.04878416,0.07133258,0.09056554,-0.097015955,0.18116513,-0.20047608,0.1340621,0.08634333,0.040707175,0.12574863,-0.13421336,0.044632822,0.012921318,0.04257828,-0.09608796,-0.073536254,0.23598133,0.067297876,0.12407628,0.21994942,-0.1573893,-0.07764475,-0.050102737,0.01400128,-0.2282294,0.206911,0.10972825,0.12530139,0.0041617453,-0.017930903,-0.12911576,0.038429327,0.023284309,0.0332684,0.020257525,-0.015608268,-0.06234033,-0.08460873,0.025433693,0.13388707,-0.011390161,0.12647727,-0.027554486,-0.10197486,0.18209842,0.0016216487,-0.1461066,0.018473765,0.19325456,0.056344718,-0.16764756,-0.04174879,-0.059369735,0.085476756,0.12625468,0.10450471,0.01399973,-0.14293213,-0.013989925,-0.07997348,-0.013964526,0.17565313,0.024608329
LUNG1-304,-0.026738219,0.035960644,-0.030423073,0.016296227,0.09568794,-0.07268135,-0.006807357,-0.15092197,0.082069874,0.14010283,0.105920516,0.0025647283,-0.2016868,-0.00027633458,-0.11669618,-0.0061373166,-0.057752516,-0.009357937,0.16339996,-0.056001358,-0.060546212,0.07145078,0.054020274,0.06717686,0.06582471,0.06771171,0.0028735064,-0.083383135,-0.051502626,0.028817726,-0.020514345,-0.11840387,0.06874751,0.1258819,-0.0017790236,0.0037714578,-0.029269641,0.003740551,-0.0016084071,0.04629076,-0.14719918,-0.06626615,-0.011926893,0.10088539,0.001658963,-0.04813467,-0.0074962825,0.17635003,-0.12410141,0.043694198,0.07479884,-0.06462739,0.12737009,-0.12274369,-0.027360005,-0.0025735423,0.14089039,0.015535414,-0.07461893,0.060984794,-0.04816701,-0.0270648,0.059058618,-0.07320578,0.10327106,0.023565292,0.02862875,0.14691323,-0.07708679,0.18878207,-0.027524952,0.2272566,0.043559443,0.16942376,-0.020065896,-0.07007793,0.0027280282,-0.03439981,0.114491165,0.00040841848,0.06368909,0.08634771,-0.02735452,0.0032690614,0.075355485,-0.19815303,-0.06223044,-0.034181684,0.12865925,-0.256606,0.12159917,0.030431483,0.091317564,-0.1119081,0.093027666,-0.06765077,-0.08710618,-0.052692458,0.038285956,0.09897506,-0.018172165,-0.022721397,-0.024765361,0.12663509,0.17316058,-0.08084221,0.11034339,-0.026388496,-0.15821588,0.106298566,-0.08254841,-0.009418484,0.10455183,0.070602685,0.04641378,0.007918416,-0.0515064,0.048606787,-0.003564855,0.1619646,0.0022186302,-0.00084162503,-0.00049209595,-0.035470583,-0.010426078,0.022002216,0.12323965,-0.1855089
LUNG1-305,0.07531766,0.050710622,-0.12536335,-0.04699491,0.10062455,-0.045237593,-0.085524686,-0.1802446,0.05719898,0.06572611,-0.050581656,-0.065219566,-0.17136137,-0.08801053,-0.123727225,0.08456099,0.03687315,-0.07429552,-0.009682149,-0.123482645,-0.132812,0.07198162,0.13756952,-0.019922368,-0.004300788,0.07007307,-0.2161031,-0.1279467,-0.060072012,0.12455232,0.023634396,-0.05066845,0.09518283,0.0681748,0.0412189,-0.019688234,-0.11336425,0.0061446857,0.025464725,0.0010742862,-0.048574694,0.058898993,0.08975365,0.1562213,0.058861434,0.013511427,0.054660987,0.15485169,-0.072595686,0.0502985,-0.039689794,0.008141488,0.11497914,-0.14252913,-0.03557748,-0.033157244,0.1477124,0.08055044,0.023631584,0.09449867,-0.09326389,0.034732353,-0.14162906,-0.10177362,0.03603035,0.04013604,0.06643771,0.21174052,-0.10543966,0.16479611,-0.14020509,0.2097325,0.09709802,0.07939516,0.21940464,-0.046153415,0.015065646,-0.014874794,0.10659475,0.05894637,-0.0069350973,0.134657,-0.045437925,-0.005600579,0.053993743,-0.15068631,-0.122756734,-0.049242713,0.10876256,-0.20381838,0.11768989,-0.01802424,-0.021428421,-0.07049461,-0.018157214,-0.12198456,0.014075652,-0.008188541,0.05003637,0.062587336,0.0068443143,-0.1415604,0.081992775,0.0440442,0.017853491,-0.050753064,-0.02317942,-0.0835441,-0.13151442,0.10572931,-0.065941475,-0.036602467,-0.021724261,0.090428874,-0.015896104,-0.107655786,-0.00683349,0.054085314,0.034733295,0.057974815,-0.016806245,-0.044239134,-0.001475567,-0.05370304,-0.038817897,0.01629319,0.07781868,-0.13429248
LUNG1-306,0.25944248,-0.039992705,-0.045039043,-0.26932216,0.3006407,-0.17813477,-0.1899629,-0.22891527,0.009124705,0.11796459,-0.03750425,-0.05938828,-0.342428,-0.059442274,-0.2969817,0.009959253,0.0058130305,-0.1141717,-0.111318655,-0.061763797,-0.089908205,0.18912074,0.4725552,-0.062747575,0.08881475,0.07320541,-0.5334966,-0.29295638,-0.08186544,0.3894523,0.14522159,0.059582815,0.13556404,0.14485487,0.13618588,-0.06118367,-0.12516423,0.078536674,0.17188764,0.043980137,-0.06292539,-0.03364553,0.109588616,0.092019945,0.18877354,-0.16332898,-0.15398431,0.16232532,0.058458008,0.25342664,-0.15809977,0.07525827,0.18609032,-0.09969771,-0.12004933,0.027363561,0.21681169,0.21493289,0.25414523,-0.012536198,0.05076109,-0.013941586,-0.15311007,-0.120694816,0.05383712,0.16659704,0.3488975,0.2388874,-0.41704848,0.20287818,-0.2485903,0.22347099,0.26313895,0.13482784,0.39616555,-0.037856467,0.06686279,0.03809504,0.123265535,0.01796192,-0.12998345,0.46962392,0.19344768,0.17007598,0.18680632,-0.47211832,-0.11674908,-0.2383399,0.14118567,-0.45319182,0.2826697,0.014342688,0.06826874,0.09101462,-0.16368724,-0.19857997,0.17798877,0.05782035,0.25148085,0.13441539,0.017086823,-0.1671727,-0.081012405,0.034844734,-0.015771978,0.018413387,-0.089089386,-0.13509467,-0.25697857,0.16157979,0.15632713,0.0053412616,0.08973154,0.17152868,0.15845901,-0.3530904,0.20345357,0.023487326,0.0830427,0.28179958,-0.066884905,-0.030514926,-0.08497226,0.03399905,-0.3026334,-0.10006898,0.082669094,0.11599331
LUNG1-307,0.046375044,-0.047044806,-0.02985248,0.02550774,0.121138275,-0.115905225,0.075630285,-0.21747705,0.06945195,0.1644474,0.1362152,0.030814447,-0.25761372,-0.030675761,0.0343339,-0.11305211,-0.08393081,-0.07609125,-0.0018646903,-0.0048737265,-0.03811946,0.21601838,0.1775184,0.1091227,0.077132724,0.10228151,0.03235368,-0.04783812,-0.0037570521,0.13286169,-0.008345289,-0.1430017,0.06991529,0.009151742,0.033765905,-0.03433466,0.08012922,0.01461203,-0.01629788,0.10675048,-0.26724416,-0.09270728,0.019979976,-0.030487295,-0.055174273,-0.1870044,0.021791471,0.20330536,-0.060137186,0.22623509,0.13015386,0.0007176921,0.07268615,-0.25803733,0.053227615,0.07724628,0.09332658,-0.027647123,0.040485185,0.12964243,-0.078971535,-0.017319188,-0.012139018,-0.13437995,0.070697725,-0.019319475,-0.042395264,0.051267914,-0.04216607,0.20756477,-0.11663671,0.1643936,0.060545262,0.07918511,-0.014519669,-0.11143623,-0.02251795,-0.043442354,0.05592527,-0.04530703,-0.03899017,0.15636094,0.07993679,0.11073952,0.15669182,-0.24085476,-0.044720836,0.01198677,0.08730461,-0.23512535,0.14709175,0.12095199,0.07168252,-0.12574221,0.046148926,-0.03906293,-0.042135958,-0.04452253,0.14218149,0.09774724,0.06768173,-0.098985195,-0.013213702,0.15384717,0.17157108,-0.07519759,0.09868169,-0.05245875,-0.20857567,0.09816682,-0.11626356,-0.1095643,0.04290458,0.19384307,0.010198952,-0.18410538,-0.10495451,0.062032547,0.016308961,0.02849538,-0.014351338,0.124182075,-0.21203408,0.024774317,-0.06700112,0.03580105,0.11199546,0.032385238
LUNG1-308,-0.0008526314,0.03313678,-0.0485244,0.059572186,0.10536516,-0.06766079,-0.0022882596,-0.20872758,0.0043676607,0.11789793,0.080788285,0.031606257,-0.10943877,-0.012900062,-0.05746637,0.009182485,0.027663086,-0.053736188,0.02271057,-0.12875894,-0.08436526,0.024016052,0.12177443,0.00470539,0.07158014,0.025242541,-0.0768493,-0.031277172,-0.08197667,0.05799608,-0.023363473,-0.092178725,0.081377156,0.079593696,-0.024090583,-0.060818985,-0.02593587,0.06034914,0.00359389,0.018994229,-0.109142154,0.0091545805,-0.0037865564,0.039879873,-0.038367808,-0.05772136,0.010475193,0.14857763,-0.09935392,0.062234677,0.06401504,0.030508421,0.09132982,-0.10462041,-0.012751598,0.021307506,0.105515026,-0.014659457,-0.013703842,0.129278,-0.13110393,0.0015396625,-0.066740006,-0.11730894,0.04854551,-0.050165117,-0.024498895,0.14422643,-0.0676628,0.14471327,-0.1267874,0.20567244,0.034263115,0.08606754,0.073516905,-0.077269934,-0.013631357,-0.015825687,0.032209583,0.064698175,0.03715662,0.054967474,-0.018638209,0.011443324,0.08426937,-0.07375348,-0.10313413,-0.038949482,0.08063257,-0.11175017,0.0760768,0.03518447,0.096141584,-0.12733835,-0.012963399,-0.07438456,-0.013527172,-0.018346412,-0.012322336,0.06371736,-0.019060057,-0.06637607,0.014177248,0.10648899,0.10216473,-0.07402082,0.06396053,-0.047626168,-0.0733561,0.061995167,-0.13796198,-0.0951234,-0.012602814,0.11415226,0.01654218,-0.11562718,-0.06491566,0.018706318,0.013892424,0.080899775,0.08627886,-0.0330151,-0.079350084,-0.09108846,-0.039622754,0.030858766,0.052254528,-0.0927421
LUNG1-309,0.19339159,-0.004191432,-0.08575684,-0.12955281,0.06582272,-0.018215753,-0.16810876,-0.1405567,0.072626546,0.1373727,-0.02708792,-0.05999967,-0.40476608,-0.1786209,-0.2862421,-0.076664425,-0.0022461293,-0.0045035332,-0.067221545,-0.08852456,-0.10291526,0.14857079,0.2572197,-0.16123104,-0.07545862,0.0710251,-0.32384744,-0.24282014,-0.095981106,0.26320848,-0.02100285,0.0076067373,0.17516063,0.07815541,0.124523416,-0.005489938,-0.16528527,-0.060967416,0.090650514,0.0223657,-0.09060253,-0.052822735,0.055270433,0.038964376,0.1982247,-0.05988619,-0.08197203,0.28933766,0.010538325,0.057636112,0.055764444,-0.058772437,0.08991266,-0.09497525,-0.02591875,0.024529703,0.1286636,0.11314558,0.0682475,0.051979207,0.036944743,0.033739068,-0.08804229,-0.1956192,-0.036988337,0.22473446,0.061586745,0.2656501,-0.21330997,0.2842186,-0.081371084,0.19333598,0.13205548,0.019323247,0.2047171,-0.03211641,0.074408,0.00895788,0.13931441,-0.016434774,-0.076218955,0.26119882,0.10105716,0.062133558,0.14816919,-0.31740355,-0.12336996,-0.058181938,0.09347286,-0.3721031,0.21592131,0.049514726,-0.02690541,0.04268603,-0.1361092,-0.15184548,0.1453703,0.037692085,0.13156015,0.22770587,0.084486894,-0.15852977,0.011147395,0.052314356,0.00493253,0.038420208,0.009086706,-0.09206514,-0.22201408,0.21100482,-0.06282209,-0.0070678405,0.017873347,0.022432767,0.15665734,-0.028237678,0.10210712,0.12527387,0.009131227,0.22447217,-0.06171126,-0.003951855,0.06478504,0.012630608,-0.16139859,-0.010490932,0.061942194,-0.025353573
LUNG1-310,0.039012928,0.0042755716,0.0020596646,-0.15362757,0.14724985,-0.06261902,-0.024463102,-0.13172865,0.22850762,0.28606772,0.2094042,0.14530514,-0.2552659,-0.039385743,-0.11933614,-0.0021067546,-0.11170371,-0.067988,0.11648361,-0.035017543,-0.035543762,0.2899392,0.09055312,0.038626906,0.027469166,0.21979815,-0.23113796,-0.109362535,-0.03452564,0.09406126,0.047104012,-0.101634294,0.10346071,0.15585756,0.03595555,-0.17208686,0.06764525,0.06715271,0.12286133,0.052926205,-0.19988194,0.11752186,-0.019170675,0.082577825,0.07486964,-0.119963944,-0.07214233,0.33229807,-0.06107001,0.056598037,0.09158422,-0.02796194,0.16954729,-0.20199592,-0.020493157,-0.034359965,0.24927622,-0.07266162,0.08894427,0.07190967,-0.18893954,-0.16063827,-0.07417955,-0.051630773,0.07344402,0.10139384,-0.02747655,0.11774331,-0.21463394,0.32411146,-0.006797053,0.24393964,0.09663044,0.13854629,-0.005321346,-0.2448324,0.10189331,-0.05535533,0.10983967,0.04277844,0.004990276,0.24475747,-0.15288223,0.0125314,0.13593182,-0.20327532,-0.0960885,-0.07338226,0.083971426,-0.23458971,0.07083931,0.11765515,-0.020273864,-0.09867581,-0.0098427385,-0.13979536,-0.0038626948,-0.0006891815,0.10528331,0.22377294,-0.08643635,-0.03403923,-0.07089014,-0.0012435988,0.16190718,-0.0011052694,-0.022638947,-0.031058906,-0.10539603,0.20620489,-0.051754765,-0.052608874,0.052841283,0.15662637,-0.03518124,-0.00076690316,-0.22600366,0.05843257,0.04898987,0.10683749,0.11873499,0.009722717,-0.03218209,-0.07178524,0.06366751,-0.018762551,0.13169843,-0.07728291
LUNG1-311,0.06494655,0.0074879713,-0.14815746,0.006200511,0.122783735,-0.15403521,-0.13542613,-0.23799688,0.081803255,0.091644555,0.06370806,-0.045452997,-0.08994151,-0.04089138,-0.14010054,0.014383216,0.054785565,-0.12858923,0.0629571,-0.16449407,-0.12855536,0.040847898,0.17476037,-0.012688868,0.03672818,0.0886342,-0.16471748,-0.052101716,-0.092068486,0.07024735,-0.068735875,-0.06281426,0.11067402,0.087140866,-0.04054959,-0.058526866,-0.05625736,0.03337138,0.044634923,0.0090079205,-0.13716376,0.11396115,0.049149297,0.17774111,0.0554526,-0.05928917,0.06736238,0.1747884,-0.16565444,0.058275662,0.023229353,0.023420738,0.11116589,-0.05731725,0.0045889877,-0.0048691593,0.15964618,0.007750459,-0.023866469,0.16791917,-0.17221045,-0.07621414,-0.058477294,-0.10030344,0.06454501,-0.07825695,0.019508172,0.30916414,-0.08202484,0.19415256,-0.10157113,0.3017345,0.0656575,0.17538825,0.18363556,-0.07670739,-0.055973597,-0.05305074,0.041380573,0.07831382,0.04237893,0.13040131,-0.010139637,-0.08421432,0.10256882,-0.133219,-0.13803744,-0.04894435,0.07012154,-0.106334075,0.083763726,-0.013166041,0.06511935,-0.14376853,-0.07509841,-0.109170005,-0.00011701416,0.021419898,-0.06956765,0.06439538,-0.03355908,-0.12562266,0.024277395,0.047519688,0.045704894,-0.12968878,0.015856698,-0.02962951,-0.08268431,0.016109258,-0.080917746,-0.052850474,-0.030604728,0.15565401,0.03039006,-0.12770933,0.01901494,-3.6619604e-05,0.009517007,0.06369649,0.10794615,-0.065368265,-0.017294392,-0.120459914,-0.035872776,0.0072513036,0.10678126,-0.14995009
LUNG1-312,0.022561014,-0.06721318,0.013495248,-0.015279882,0.08612299,-0.12583378,0.027206913,-0.0936232,0.110898204,0.113122,0.17711115,0.06804639,-0.21515469,-0.05317445,-0.11562337,-0.0118885,-0.07603363,-0.06925594,0.030662559,-0.046849787,-0.014817482,0.15111062,0.105420575,0.05338669,0.049868993,0.13063984,-0.040566757,-0.05016259,-0.0006169751,0.08074844,0.06321688,-0.095762834,0.09654897,0.005413413,0.018527053,-0.030111335,0.06100123,0.07103974,0.0023629945,0.05688435,-0.08807496,0.006371055,-0.0026278347,0.004616713,-0.012035719,-0.1403903,-0.05824226,0.2160792,-0.0046645477,0.05204516,0.17678846,0.040821496,0.15628675,-0.14628795,-0.06906378,-0.00484341,0.13596204,-0.027708821,0.027226899,0.098392606,-0.08281367,-0.005040586,-0.03600454,-0.13791849,0.026980966,-0.002442684,0.02555271,0.05272168,-0.115682974,0.16493008,-0.12055254,0.20887783,0.04970942,0.08876315,0.10394157,-0.080994144,0.03897199,0.0413967,0.079445906,-0.052594278,0.022018738,0.18509114,-0.023284178,0.15885817,0.11939874,-0.15384945,0.015655056,-0.07046817,0.01586169,-0.29148966,0.16940895,0.12685552,0.07063084,-0.051097106,0.046612456,-0.14138329,0.01218055,-0.011299983,0.059858065,0.08268393,-0.00046582613,-0.060036175,-0.07456085,0.09974509,0.1095597,-0.013961943,0.14558752,-0.021756943,-0.13470295,0.1852564,-0.024239354,-0.1515086,0.016131967,0.10076691,0.016695214,-0.046178736,-0.16440088,0.0077218637,0.02137125,0.13468844,0.07048759,0.06459619,-0.16199122,-0.11774517,-0.07538457,0.002723366,0.143049,0.055653803
LUNG1-313,0.079533346,-0.1288242,0.026536647,-0.036920078,0.15559685,-0.2484461,-0.0004227087,-0.04266915,0.14416991,0.07426897,0.22490972,0.066871956,-0.29843634,-0.045483574,-0.1731663,-0.065653905,0.0015288293,-0.028203938,0.03471899,0.010186031,-0.06859006,0.17936021,0.11616482,-0.0103428215,0.084514484,0.1349068,-0.001419954,-0.14161348,0.009907052,0.06698629,0.103918634,-0.11355781,0.12216321,-0.01303307,0.06439577,-0.041739315,0.029361624,0.051883455,0.0010301489,0.07167959,-0.05815433,-0.019728525,0.012993041,0.032327205,-0.020129766,-0.18223782,-0.0068074577,0.2966848,0.025775358,0.03734974,0.25327092,0.043409634,0.21943295,-0.12895417,-0.07357022,0.030677497,0.2027838,0.007144537,0.015859488,0.13373968,-0.07439008,-0.060301587,-0.028779874,-0.11809689,0.026131105,0.007828809,0.061026093,0.050010327,-0.11268642,0.17969531,-0.17823505,0.19455221,0.11941442,0.10578129,0.0733286,-0.026699763,0.13325563,0.07818639,0.09527625,-0.10967798,0.091063775,0.3156904,-0.028895613,0.14101323,0.07808456,-0.21080367,-0.0047491416,-0.11782793,0.0040514767,-0.38861814,0.21162733,0.17903095,0.08964321,-0.057552077,0.097901054,-0.19209868,0.031434253,0.05407735,0.071176164,0.11680901,0.035591006,-0.12472792,-0.105740435,0.10736588,0.07043522,-0.025115566,0.20770502,0.044910867,-0.16380131,0.21570483,-0.015468828,-0.11954443,0.052108563,0.21717137,0.08847372,-0.018321458,-0.18994553,0.06730668,-0.025546674,0.14169529,0.0139892455,0.082580596,-0.11566419,-0.16838686,-0.08880384,-0.033360086,0.2543964,0.08982443
LUNG1-314,-0.039708234,-0.03356918,0.005415622,0.03568244,0.071474135,-0.07835094,0.05151103,-0.13921395,0.051261507,0.11430372,0.08162317,0.035263985,-0.17804846,-0.019754566,-0.040131114,-0.014216598,-0.027904179,-0.019370537,0.0077788513,-0.062400073,-0.04458468,0.07454501,0.08361949,0.05678778,0.051184148,0.029105062,0.015120894,-0.0642642,0.0002713576,0.05398055,0.06801972,-0.11998984,0.089090034,0.020504605,0.021550685,-0.016153943,0.052799415,0.04073078,0.0051015746,0.019711902,-0.10434033,-0.06149045,-0.0091787055,-0.047928263,-0.08480221,-0.07951155,-0.01687428,0.18594798,-0.087425895,0.0975222,0.12723187,0.019019216,0.12170969,-0.1325556,-0.04986784,-0.0130185895,0.11350007,-0.0647226,-0.019230155,0.12751077,-0.081843875,0.010760488,-0.00012398278,-0.14113775,0.02364315,-0.022332385,-0.030350365,0.0398062,-0.060851056,0.13028237,-0.11446001,0.18662769,0.029656943,0.06266442,0.043853045,-0.07687742,0.038476765,0.028825678,0.012347651,-0.0159626,0.058396384,0.10325975,-0.048079327,0.10309196,0.0794081,-0.11361621,-0.021852344,-0.041125316,0.06697467,-0.21036972,0.10976288,0.065716825,0.1158635,-0.11981129,0.049369425,-0.0825129,0.0046930555,-0.017133683,0.061552595,0.09696721,0.04539054,-0.080567926,-0.007818993,0.1053046,0.11069398,-0.028972099,0.12764248,-0.04736041,-0.1259971,0.13733286,-0.12820888,-0.12398306,0.0058347583,0.11736935,0.0061624367,-0.089716345,-0.11573854,0.056648396,0.029954974,0.028906666,0.036342513,0.020524032,-0.11784824,-0.09551402,-0.084141925,0.03895144,0.124334976,-0.012085639
LUNG1-315,0.0018652696,0.037981454,-0.121601105,-0.037912928,0.06482708,-0.039374456,-0.12006254,-0.22592634,-0.010734107,0.12295127,0.025031254,0.013306983,-0.15372977,0.012344357,-0.10932854,0.0052208854,0.07578503,-0.097336896,0.07859589,-0.14987856,-0.11691192,0.08552047,0.16034663,-0.06936768,0.03741827,0.085214026,-0.17393681,-0.069341905,-0.082847856,0.01600268,-0.03914684,-0.037043322,0.077946894,0.08422614,-0.10715437,-0.124842666,-0.028693818,0.020436658,0.07760148,-0.019959848,-0.0512064,0.049077682,-0.0042310692,0.09988993,-0.011380923,-0.01821907,0.018814873,0.1539596,-0.093330175,0.053677272,-0.009515919,0.020920323,0.10635957,-0.023977922,-0.04704296,-0.032988276,0.15267631,-0.015386708,0.02079055,0.111837976,-0.15298891,-0.030366056,-0.18178096,-0.13058043,0.027661532,0.0060626026,-0.012986496,0.25715074,-0.08245325,0.16969198,-0.13454077,0.26080194,0.038726497,0.06472623,0.15483968,-0.048386738,-0.04064652,0.02793751,0.025040476,0.12369318,0.011175875,0.10031413,-0.07303733,0.05012324,0.1165949,-0.06848821,-0.11872968,-0.0025026863,0.077075124,-0.045754362,0.11238226,0.001414977,0.034047995,-0.19349295,-0.030587308,-0.10259035,0.04873898,-0.0045886566,0.0099015115,0.11980212,-0.040038668,-0.06499148,0.04720454,0.02667204,0.07065687,-0.051437177,0.0086254515,-0.074505694,-0.037910268,0.1267755,-0.17777504,-0.09040813,-0.035960242,0.17689627,-0.05966665,-0.16080634,-0.040052194,-0.02109439,0.07762212,0.045382567,0.09922805,-0.1049286,-0.00485453,-0.11673961,-0.0630953,-0.02950064,0.041587204,-0.1519998
LUNG1-316,0.026837926,-0.055206694,0.036266882,0.03183223,0.14885594,-0.16826713,0.03214365,-0.12073918,0.073340505,0.07767129,0.11927932,0.008038536,-0.15070757,0.002179768,-0.17236646,-0.025371019,-0.06270981,-0.07014752,0.050083805,-0.03990613,-0.03451479,0.07565727,0.18191746,0.020908624,0.123423696,0.09839889,-0.07649091,-0.05933378,-0.088448,0.1530988,0.065333515,-0.1143123,0.051825937,0.08348295,0.03511727,0.015282825,-0.041697923,0.08601984,0.016570635,0.07682904,-0.13961986,-0.072411984,0.006950643,0.035804123,-0.025125189,-0.18609016,-0.034773838,0.16034168,-0.0100884065,0.08999823,0.13722521,0.06750705,0.13460232,-0.13145019,-0.046887215,0.01982607,0.1455214,0.018588468,0.017753202,0.0672966,-0.002772965,-0.07069972,-0.055379022,-0.107921585,0.03466426,0.02411474,0.07767828,0.07015906,-0.09502984,0.11856331,-0.16371712,0.16582197,0.037977602,0.09782268,0.10051904,-0.021930773,0.10139378,0.028054778,0.07511038,-0.08560504,0.049168758,0.18212989,0.028892718,0.10201472,0.06704401,-0.16116872,-0.032877773,-0.11303184,0.07775245,-0.2718156,0.15008673,0.10672598,0.12991868,0.011834025,0.04778839,-0.09615093,0.0011320934,0.011080245,0.076113,0.070451476,0.02133376,-0.07462558,-0.08117823,0.119746506,0.11185579,-0.045436367,0.16418388,-0.013829455,-0.14572506,0.13700572,0.020243362,-0.11803821,0.06404258,0.08218096,0.11924964,-0.09324196,-0.03180896,-0.001922071,0.0058126524,0.18424222,0.024568958,0.01537171,-0.15110122,-0.062067326,-0.1588018,0.0087568015,0.11312767,-0.00084999204
LUNG1-317,0.18387488,0.084238656,-0.087427825,-0.18976569,0.19998834,-0.15732273,-0.07532359,-0.17481849,0.020161454,0.064740025,-0.054981247,-0.065971054,-0.17995597,-0.029048368,-0.13301006,0.005934184,0.019304141,-0.098734535,-0.07688719,-0.019904677,-0.11272578,0.16224104,0.2377246,-0.019807234,0.058235526,0.058685448,-0.39036214,-0.16866669,-0.07921986,0.25105557,0.056229755,-0.0046525,0.09255754,0.1288173,0.06428596,0.014603592,-0.16210377,0.055452768,0.07341531,0.010591853,-0.07913877,-0.026517252,0.10158972,0.087420836,0.0899989,-0.09780662,-0.09818641,0.10353745,0.028510563,0.119824305,-0.103476994,0.04779326,0.11421846,-0.16668016,-0.079974525,0.021018155,0.16794369,0.12301714,0.12628126,0.03841063,0.029903714,0.015607048,-0.1256183,-0.07282849,0.029739007,0.10608717,0.22710001,0.22534546,-0.23626174,0.08293876,-0.18366079,0.21197012,0.16089019,0.0948973,0.27867448,-0.08397417,0.013061233,0.026589232,0.1466755,0.0135178715,-0.06867064,0.25388747,0.03718005,0.05405628,0.08518292,-0.27834487,-0.18883532,-0.15171719,0.12531866,-0.25707525,0.17342807,-0.06957688,0.06558878,-0.0023330674,-0.09589034,-0.1269216,0.06677396,0.02609915,0.14698917,0.07539628,0.02036084,-0.11750315,0.06405187,0.04329446,0.0040975735,0.07208861,-0.056474946,-0.10430132,-0.15135507,0.07101641,0.03429053,0.014039077,0.069552764,0.15690562,0.053437598,-0.24521919,0.050644364,-0.052818693,0.03895222,0.19723696,-0.03663975,-0.12007076,-0.03341511,0.04174751,-0.1442765,-0.039305724,0.08365023,-0.054606713
LUNG1-318,-0.035664402,-0.08362746,0.06730896,-0.0026412383,0.117639005,-0.06107222,-0.0010454133,-0.167467,0.052161697,0.1149698,0.121257976,0.10411072,-0.2804849,-0.106966995,-0.1812221,0.07793023,-0.13249123,-0.05671186,0.05635479,-0.049824223,0.004621092,0.11477157,0.23010057,0.031503856,0.07960939,0.105263144,-0.09209865,-0.105055995,-0.069509104,0.16555658,0.097650364,-0.12639031,0.10771826,0.095300965,-0.01162418,-0.108993836,0.056547415,0.074715294,-0.00033853762,0.06332853,-0.12431961,-0.03374904,-0.008360077,0.0968599,0.03350222,-0.17492172,-0.06478003,0.2721433,-0.0018983409,0.13412187,0.08605093,0.03424885,0.18013245,-0.0730778,-0.10623518,0.027696356,0.14476523,0.11570483,0.049142595,0.004903063,-0.036373466,-0.0006605871,-0.09235865,-0.15903881,0.08606485,0.08165957,0.121067934,0.06714381,-0.20074332,0.11165166,-0.2388456,0.16303504,0.04307658,0.07043592,0.1572742,-0.057284236,0.11845993,0.0105812345,0.21464089,-0.036667176,0.017961849,0.19406372,-0.0112512335,0.13769126,0.10866418,-0.25031513,-0.025108524,-0.10261522,0.09321733,-0.46286723,0.18804514,-0.043718178,0.089734234,-0.011465028,0.0105439145,-0.12932324,0.012731852,-0.00195554,0.20453668,0.10396114,0.04250003,-0.08426291,-0.10356017,0.17279837,0.2137438,-0.0673829,0.12825197,-0.02338311,-0.11997989,0.30921143,0.049183317,-0.06752631,0.07244074,0.052383915,0.07298967,-0.11667693,-0.10792829,0.08359133,-0.10777366,0.2532258,-0.026402362,0.101255804,-0.15278113,-0.12539822,-0.13086407,-0.014437094,0.14819708,0.05753892
LUNG1-319,0.030052803,-0.021670502,0.0039075576,0.029016048,0.12175366,-0.1278806,0.019430202,-0.10499872,0.026339548,0.1087348,0.1040485,0.007838316,-0.22076555,-0.008668464,-0.074955,-0.062499046,0.027677022,-0.008288892,0.008673342,-0.045977473,-0.044303402,0.08329962,0.08305959,0.025010651,0.097926944,0.07408936,-0.023849495,-0.10526665,-0.05863326,0.1148547,0.054026924,-0.10975146,0.070699655,0.06460854,0.03939894,-0.040756233,-0.0031548217,0.07356104,-0.0028416635,0.056931835,-0.06712258,-0.0943015,-0.029955655,-0.024151037,-0.028353078,-0.10746564,-0.04386987,0.190566,-0.07937827,0.07980341,0.16774717,0.04480245,0.09193337,-0.10748712,-0.042486697,-0.016809426,0.116149575,-0.03431645,-0.004308544,0.11723739,-0.051706243,-0.06369535,-0.05324405,-0.15365762,0.032317027,-0.017530192,0.020720897,0.07534499,-0.0844981,0.1116376,-0.1583147,0.15117654,0.04672796,0.012617338,0.03896885,-0.010860316,0.08367097,0.027853953,0.04009045,-0.07722233,0.028207514,0.15851724,0.0033416748,0.13020998,0.09545212,-0.1509931,-0.0336058,-0.09294438,0.08558583,-0.16035846,0.122757316,0.086396396,0.10865082,-0.11810095,0.05683446,-0.0653488,0.05778666,0.028101306,0.057854075,0.08816546,0.031850144,-0.09135716,-0.007937428,0.088146165,0.10726361,-0.009937698,0.16507155,-0.043127313,-0.13201278,0.15077381,-0.095252655,-0.14439914,0.052192792,0.16743049,0.12543008,-0.093222,-0.08299377,0.04684269,-0.010885194,0.10272336,0.038814113,-0.017564457,-0.14464313,-0.0696326,-0.11217574,-0.031615146,0.16510907,0.0003171116
LUNG1-320,-0.07888235,-0.08360454,0.0032117218,0.07728152,0.18261364,-0.14687884,0.003571406,-0.13070884,0.04216239,0.024978627,0.06727749,0.042619735,-0.18020861,0.006598752,-0.22971311,0.08035507,-0.04908629,-0.089217156,0.08432323,-0.08028794,-0.08270447,0.044004545,0.24437565,-0.0074317176,0.10269831,0.09055757,-0.062111214,-0.17601672,-0.08151555,0.17456754,0.13084911,-0.12911019,0.06895283,0.16508678,0.072517,0.031770945,-0.10278435,0.049564157,0.045735814,0.051873628,-0.18374175,-0.031167341,0.055160694,0.21353656,-0.017295294,-0.19979918,-0.0061401986,0.12128495,-0.07454699,0.13313727,0.027480341,0.046018496,0.17681581,-0.09960474,-0.05507377,0.030724272,0.24891117,0.08114401,0.0031234212,-0.0370377,-0.05137212,-0.06763469,-0.0016420688,-0.07977249,0.0559085,0.02976914,0.14966929,0.16666514,-0.14392473,0.11811913,-0.17638949,0.24074072,0.098122865,0.16982725,0.09492993,0.020464376,0.15751877,0.047563456,0.14861357,0.0032999068,0.072992206,0.23351929,0.054321975,0.052721396,0.06399245,-0.24550037,-0.078155085,-0.12950094,0.1828857,-0.4048154,0.14349322,-0.032208532,0.16356042,-0.0055413917,0.09501946,-0.085223675,-0.013293412,0.019165365,0.14283058,0.121844664,0.040324967,-0.108321786,-0.110136636,0.053092815,0.06620974,-0.11769788,0.121190175,-0.047700815,-0.19890246,0.14259636,0.011068597,-0.032402545,0.12438526,0.051280037,0.18217376,-0.11225999,0.024401251,0.12649171,-0.024304833,0.18175128,-0.07282598,0.023866802,-0.09126536,-0.13042773,-0.15901187,-0.0070558414,0.14645994,-0.045535352
LUNG1-321,0.06366146,0.046409667,-0.06506847,-0.010929383,0.11027594,-0.08356073,-0.091684006,-0.23177984,0.037271615,0.15388045,0.046453927,-0.04951495,-0.17005423,-0.008563872,-0.11762331,0.026831778,-0.013228808,-0.09986868,0.032447003,-0.18533576,-0.12625396,0.083630525,0.16701604,-0.010899577,0.0235436,0.1119681,-0.18929467,-0.0686445,-0.103698276,0.07887435,-0.08632414,-0.07901451,0.10461535,0.12799531,-0.050914746,-0.0989657,-0.060672857,0.00869938,0.062326573,0.0116299465,-0.107556224,0.09667077,0.019158073,0.06601723,0.056762666,-0.103962556,0.025885273,0.11809701,-0.071064025,0.08639127,0.0038538277,0.0036064647,0.08845736,-0.07443568,-0.0023582727,0.022960909,0.15091255,-0.036548845,0.027326118,0.13723293,-0.17078608,-0.028012812,-0.13236395,-0.081376426,0.035075944,-0.012235656,-0.008636914,0.20865169,-0.11204549,0.17510998,-0.07885523,0.2678798,0.050797287,0.12660058,0.14727147,-0.08549743,-0.08519428,-0.031286307,-0.010065495,0.06103825,0.007564429,0.11088627,-0.056553837,0.0025679693,0.12523468,-0.097851366,-0.1313932,-0.010811225,0.06130068,-0.082475364,0.07634449,0.074799396,0.017386522,-0.11804801,-0.112932876,-0.046132684,0.10871042,-0.030782117,0.044768013,0.08557104,0.0038987305,-0.06234618,0.04538032,0.024468418,0.10549225,-0.09332333,0.0072420947,-0.07819154,-0.09247125,0.08280048,-0.109779894,-0.07427057,-0.04066494,0.16102771,0.0061433315,-0.18453495,-0.09786785,0.03529393,0.036924534,-0.0016629621,0.09758572,-0.045063745,-0.033953257,-0.05633765,-0.04325704,0.030908909,0.070286974,-0.120518014
LUNG1-322,0.043763593,0.021257764,-0.07765037,0.006452825,0.055133,-0.025159517,-0.09268611,-0.14892942,-0.029927537,0.115963764,0.087849125,-0.06644489,-0.13576573,0.002627615,-0.18001945,0.024332326,-0.043261133,-0.103066236,0.012548778,-0.24218908,-0.14774582,0.047745597,0.15997797,0.012531954,0.014000285,0.12596463,-0.16962476,-0.08228094,-0.10924268,0.027825903,-0.07774304,-0.039735794,0.072972015,0.11060892,-0.10663521,-0.14661619,-0.08316066,-0.040245995,0.13903064,-0.01626638,-0.050502732,0.08966004,0.07035014,-0.0048194416,0.045065254,-0.037717126,-0.037291016,0.12953424,-0.10089649,0.11799863,-0.016114838,-0.06744072,0.06138694,-0.07228236,-0.021594252,-0.053464178,0.17158422,-0.091537446,0.034059342,0.042111803,-0.12460717,-0.049785122,-0.21106079,-0.08695045,-0.010119405,0.00093090907,-0.047285154,0.18621248,-0.18078725,0.116781026,-0.07868902,0.19317572,0.042747077,0.080938704,0.083169274,-0.012746908,-0.03293254,0.04005037,-0.014119516,0.11556655,-0.0098975,0.13546844,-0.056956697,0.059690654,0.123496145,-0.11158039,-0.09895502,-0.031061029,0.04353695,-0.07567799,0.05656962,0.0735623,0.038811255,-0.036681294,-0.121616885,-0.05353514,0.15204585,-0.009152511,0.11966026,0.1370208,-0.016469628,-0.07760282,0.067666985,0.0021026284,0.06710066,-0.060569197,-0.031611413,-0.13347162,-0.07614173,0.13068387,-0.101785935,-0.116597235,-0.030408904,0.17706263,-0.058912374,-0.22941703,-0.10518752,0.085391134,0.05300535,0.07528428,0.0687164,-0.01802414,-0.05775543,-0.052469768,-0.12725037,0.035844117,0.03088011,-0.10546994
LUNG1-323,-0.0006999094,-0.022881594,0.037881065,0.035899416,0.05842085,-0.037262194,-0.01370509,-0.1489528,0.032242574,0.2392911,0.111019716,0.052225962,-0.25022066,-0.06576982,-0.06338635,0.044284366,-0.070697546,0.025472011,0.045254733,-0.004233148,-0.0048897564,0.13452788,0.091503404,0.026034083,0.07247191,0.053045604,0.019406147,-0.08425289,-0.030006979,0.0412075,0.022044044,-0.15727398,0.10812383,0.06800342,-0.055831447,-0.016529232,0.001354374,-0.04224111,-0.02514957,0.10287083,-0.10758883,-0.120285355,-0.06827075,-0.041200623,-0.030687202,-0.105663195,-0.029452149,0.22905433,-0.08373494,0.07232246,0.16462365,0.01429978,0.11402461,-0.10693564,-0.03231094,0.028044164,0.09912503,0.019418813,-0.040012922,0.13241705,-0.08561104,0.029431995,0.015773658,-0.09544033,0.10810017,0.028163692,-0.0284084,0.09919696,-0.066263676,0.1903736,-0.09681074,0.22127211,-0.013123866,0.048293695,-0.029801853,-0.09441587,0.06468598,-0.032775126,0.16695592,-0.030093193,0.047396142,0.14469941,-0.07484984,0.07618485,0.11943153,-0.14467779,-0.08499677,-0.03606738,0.113970555,-0.29393768,0.18488699,0.02547177,0.09708583,-0.092223056,0.048519507,-0.1599735,-0.0022723535,0.011895094,0.12170261,0.12161444,0.06344759,-0.07062841,-0.052433923,0.10883297,0.22537985,-0.023537595,0.11183421,0.017271344,-0.11672678,0.23563921,-0.1616038,-0.07554835,0.10535464,0.0998935,0.06472883,-0.042117834,-0.17783053,0.062400103,-0.09161759,0.11170685,0.044466652,0.06995964,-0.03095096,-0.052288577,0.025627524,-0.00088048726,0.18435854,-0.06340706
LUNG1-324,0.04878994,-0.09237828,-0.06513178,0.055704325,0.21354268,-0.22320735,0.047788925,-0.20067765,0.09047777,0.23837298,0.22691134,0.03766027,-0.36247805,-0.06593724,-0.050182052,-0.10073488,-0.10765095,-0.12603554,0.09085059,0.039243437,-0.030558534,0.27583486,0.2265996,0.13565628,0.15437114,0.17052746,0.044549722,-0.1430988,-0.065802656,0.14422196,0.061814196,-0.15092671,0.06504461,0.004904762,0.023014262,-0.07105946,0.10517833,0.054448113,-0.086497456,0.11127597,-0.20882617,-0.06587905,0.09487677,0.05418183,0.0027764272,-0.271865,-0.017082173,0.2874734,-0.07491836,0.14181429,0.105719686,-0.073451094,0.10434775,-0.20956546,0.0052965805,0.110842034,0.13237563,0.014481068,0.067386895,0.0073925406,-0.036897834,-0.14762932,-0.096470796,-0.06218002,0.0946051,-0.04039903,0.013888083,0.1052692,-0.054748885,0.159203,-0.2052423,0.21732199,0.10937099,0.10819323,0.078028716,-0.09098832,0.095792316,-0.05388756,0.11106865,-0.082697235,0.009947836,0.18012922,0.04947236,0.1188333,0.14892738,-0.30212355,0.0071578473,-0.025245689,0.07933724,-0.28391162,0.1446256,0.1086947,0.12552114,-0.095103875,0.055374708,-0.07946457,-0.12375385,-0.023839189,0.143227,0.13899456,0.09834447,-0.12863705,-0.09867924,0.17249875,0.20126949,-0.12068551,0.16835804,-0.026261266,-0.22209232,0.11642188,-0.057332594,-0.110577345,0.1255717,0.22745284,0.026865274,-0.16467378,-0.1339873,-0.008705005,-0.019386325,0.110883646,0.027494946,0.1359745,-0.18785885,-0.052280955,-0.094332136,-0.03164757,0.19814327,0.06020055
LUNG1-325,0.016819805,-0.08598786,0.06810202,0.017502293,0.14573695,-0.15713936,-0.0007557273,-0.15312618,0.05094152,0.11706257,0.11797921,0.07316515,-0.3011121,-0.090291224,-0.1938439,0.08518888,-0.10159569,-0.016008891,0.024093464,-0.0071621835,-0.044549856,0.13109976,0.16788274,0.0073513594,0.09005508,0.09316082,-0.04629896,-0.10324646,-0.032846455,0.104897074,0.104605526,-0.16366181,0.08175393,0.08146158,-0.016351081,-0.030856691,-0.016192473,0.013441832,-0.013739048,0.060744893,-0.10114969,-0.06426767,0.024648681,0.05814404,0.024748284,-0.19343534,-0.01099381,0.21492597,-0.01182998,0.05153638,0.16845158,0.036972612,0.18459946,-0.093876265,-0.07298979,0.042645916,0.16567746,0.086296685,-0.013855141,0.08236037,-0.041726332,-0.008486185,-0.062386334,-0.12354566,0.06984724,0.0008024387,0.104735285,0.115470484,-0.0980522,0.10617055,-0.21248636,0.20490229,0.082111984,0.114355154,0.1248381,-0.020389013,0.09347267,0.01998845,0.16573241,-0.07889719,0.044376075,0.18396306,-0.01908242,0.074811086,0.08198768,-0.21551156,-0.048585165,-0.111008085,0.07400596,-0.4150864,0.24869215,0.02239164,0.11521939,-0.009093054,0.051677488,-0.16081923,0.012721678,0.030341957,0.13775736,0.095498264,0.057277855,-0.073925085,-0.106788,0.14761147,0.1854063,-0.09116556,0.18423995,0.015949596,-0.1380306,0.23146799,-0.014726251,-0.04968845,0.09550135,0.045173287,0.14396095,-0.08768924,-0.10824755,0.03539158,-0.08759935,0.20242888,0.011124741,0.046158865,-0.103057005,-0.11255123,-0.0920556,-0.0066040754,0.20104352,0.024244867
LUNG1-326,-0.001224976,0.0077727083,-0.06576255,-0.12085117,0.21419214,-0.17378598,0.015034966,-0.17661446,0.18699238,0.18679011,-0.033794105,0.038111202,-0.19160116,-0.15210986,-0.19573541,0.13169682,-0.1685558,-0.060667515,0.07610993,-0.16741374,0.079838544,0.08128531,0.1364376,0.05120433,0.1169966,0.21475294,-0.1384347,-0.25875667,0.001423493,0.10597227,-0.029467236,-0.00977473,0.15732573,0.048759013,-0.06849429,-0.10733915,0.1018527,0.04384175,0.07638659,-0.042886965,-0.0852721,0.06589226,0.013016101,0.024976991,0.07314154,-0.15442611,-0.1461776,0.28390384,-0.07301699,0.15705417,-0.08267409,0.04752016,0.22969061,-0.17527854,-0.15638645,-0.04194601,0.10874969,0.04840395,0.02532665,0.039567545,-0.13627216,-0.19019571,-0.003709606,0.007602297,0.10628875,0.10433974,0.16187257,0.12262225,-0.14720121,0.24886203,-0.15454,0.2022067,0.062135052,0.0053147282,0.031952433,-0.19358227,0.124924965,0.06503663,-0.012670943,-0.106436215,0.10867735,0.26625758,-0.01647596,0.16820629,0.118920736,-0.2275225,0.002494745,-0.14188054,0.050837327,-0.31270528,-0.0013407841,0.120469026,0.1455845,0.002532974,0.021676559,-0.080533564,0.050735667,-0.0031152777,0.15556076,0.06870303,-0.117591165,-0.004041169,-0.117646195,0.080153696,0.16068858,-0.062281407,0.13094264,0.041413408,-0.19334573,0.22647363,0.060392775,-0.0055668317,0.079785615,0.26027545,0.042835608,0.02573527,-0.08771441,-0.026626803,0.10185942,0.09946035,0.06912484,-0.037488088,-0.15544379,0.0068455134,-0.14084235,-0.07771275,0.09548391,-0.09494292
LUNG1-327,0.0034100767,-0.21886092,-0.0028913692,0.067018025,0.27403453,-0.23002955,-0.031241782,-0.25723282,0.14532518,0.15509254,0.25801608,0.1908931,-0.3426006,-0.15348098,-0.22110642,0.09922396,-0.2122421,-0.19056247,0.03541988,-0.18572375,0.019054405,0.24520543,0.30385268,0.12912549,0.12950051,0.27238208,-0.04475835,-0.24499905,-0.020016432,0.1443283,0.15210941,-0.15965363,0.04901841,0.018710587,0.029721648,-0.091444395,0.2284187,0.029362023,-0.06855044,0.1552617,-0.18892051,0.08428038,0.04146424,0.062333584,0.020930879,-0.48443985,-0.10642201,0.31935686,-0.03330419,-0.026646852,0.23506135,-0.029246628,0.2635394,-0.13579878,-0.055353194,0.069265455,0.2205694,0.002433814,0.080066755,0.04332979,-0.24461946,-0.13466442,-0.13258801,-0.14809044,0.00027943496,-0.02327158,0.08530499,0.098241925,-0.024191096,0.22546548,-0.35409418,0.3347104,0.1587256,0.08808519,0.22616774,-0.08575885,0.024151655,0.005554975,0.048385896,-0.059089452,-0.05371333,0.24017294,0.019314192,0.12597844,0.22325316,-0.34371454,0.007782124,-0.14997295,0.07060123,-0.439947,0.27986914,0.1569446,0.15699199,-0.012801871,-0.001430383,-0.22365516,-0.020994313,0.07237801,0.05199496,0.12248071,0.10236928,-0.09604606,-0.21755835,0.09218045,0.19244197,-0.17106888,0.24948603,0.01136357,-0.11529796,0.27264753,0.028373785,-0.23701872,0.032875206,0.17070842,0.13095699,-0.15854122,-0.15282877,-0.1398718,0.09290249,0.24446094,0.20158261,0.08980636,-0.30433357,-0.20362511,-0.13170494,0.004244752,0.31129065,0.107045166
LUNG1-328,-0.0026726164,0.016755547,0.11648013,-0.069402106,0.29003936,-0.08643692,-0.02914022,-0.22011754,-0.04895693,0.14934354,0.040794082,0.13785537,-0.32783505,-0.1379875,-0.22667392,0.05674204,-0.0061477046,-0.052632444,0.11439582,-0.044530373,-0.010215791,0.06613478,0.43083233,-0.02800366,0.1422157,0.0063855127,-0.06539078,-0.2621515,-0.090505704,0.23183039,0.042258177,-0.14701852,0.18331972,0.2061041,-0.02198524,-0.091422506,-0.047871225,0.05092806,0.11014559,0.064174145,-0.13498448,-0.13080831,0.019081533,0.23446155,0.13196105,-0.26156855,-0.04723355,0.23925212,0.040086783,0.15307337,-0.04673694,-0.0012052096,0.1980167,-0.026786044,-0.13480788,0.2097588,0.23537019,0.29245156,0.047825973,-0.13091499,-0.023886584,-0.021321807,-0.11244514,-0.10200871,0.10372471,0.06596431,0.19866669,0.21400857,-0.3128485,0.0363521,-0.31842062,0.28020367,0.04764391,0.1300076,0.30444306,0.052628838,0.112186156,0.022166524,0.33467358,-0.009848237,0.04423789,0.24062398,-0.0029930323,0.088341214,0.09397916,-0.336084,-0.13448423,-0.15511903,0.18678883,-0.53672385,0.17769167,-0.28700778,0.12179522,0.050751343,-0.08691834,-0.059934217,0.104243994,0.09076283,0.27149475,0.1592933,0.07306053,-0.13741419,-0.16622949,0.20140299,0.22998291,-0.081058934,0.13897471,0.0027521886,-0.091309056,0.28294384,0.0039817244,0.11300391,0.14864728,0.123984315,0.17192355,-0.19939396,-0.063106574,0.109493196,-0.24674973,0.27802998,-0.13048112,0.05250661,-0.13500202,-0.073565,-0.2491653,-0.08757404,0.17913619,-0.05861579
LUNG1-329,0.022481285,0.03016333,-0.10454275,-0.03970296,0.06469541,-0.07304166,-0.055125333,-0.20505875,0.023549326,0.06906234,0.07343328,-0.04758579,-0.08513755,0.0013816394,-0.11201759,0.008912639,0.070102066,-0.101626344,0.05556381,-0.1234248,-0.15506074,0.049599238,0.14910275,-0.051205292,0.038279478,0.107480094,-0.17704062,0.0022185966,-0.06231928,0.05041326,-0.01473029,-0.06513487,0.07363937,0.083618626,-0.058744747,-0.05461026,-0.07610014,0.02629553,0.086739965,-0.004594328,-0.05806896,0.028006457,0.06349869,0.11694265,0.03676561,-0.01321598,0.034525074,0.13690795,-0.09869869,0.059879396,-0.009692274,0.0037620105,0.084761664,-0.059965998,-0.0014664251,-0.057948392,0.16059034,-0.02692809,0.023488168,0.13190159,-0.11101625,-0.05299034,-0.15802991,-0.12361781,0.027072273,-0.014244478,0.00054751337,0.22939292,-0.081928685,0.15227859,-0.137819,0.23817748,0.04137488,0.08638305,0.17099062,-0.04229489,-0.03503712,0.01106177,0.03030609,0.07778433,0.026034858,0.09190046,-0.049885374,-0.027964108,0.07798557,-0.081559196,-0.15256014,-0.040177956,0.12480131,-0.089166865,0.10980146,-0.01811621,0.06190204,-0.1326258,-0.022674348,-0.102530904,0.02942539,0.035253923,-0.033184815,0.06949427,-0.0193891,-0.07916835,0.085071325,0.024517685,0.039066147,-0.03416442,0.0069018863,-0.086249635,-0.05762945,0.043182038,-0.12811643,-0.07760312,-0.032735944,0.12822288,0.0167199,-0.17020631,-0.009936273,0.02212473,0.06615729,0.08363952,0.089174494,-0.117129825,-0.03345356,-0.07156071,-0.040781066,-0.0022397563,0.08615671,-0.17067485
LUNG1-330,-0.00062957034,-0.09987327,0.04912704,0.025188353,0.13086258,-0.15138252,-0.019587263,-0.116502225,0.11194134,0.1782749,0.18820131,0.058139086,-0.3056926,-0.049949206,-0.10864059,0.0037840435,-0.03631401,0.045494646,0.051091604,0.0063905343,-0.05177072,0.17544636,0.07263858,0.010608988,0.09099265,0.08424637,0.0592073,-0.1523554,0.014736667,0.04434111,0.09385456,-0.18966526,0.1244352,0.028679546,0.028891936,-0.025391944,0.07006547,-0.05600731,-0.00877881,0.06618794,-0.046737712,-0.091763966,-0.05315424,-0.0074819075,-0.035129488,-0.15741704,0.018781152,0.33003294,-0.09619635,-0.0050301254,0.22821575,0.0128304735,0.17879269,-0.09027207,-0.027298613,0.05132232,0.1294903,0.0076141395,-0.045081854,0.18158624,-0.12953848,-0.061380833,-0.01753278,-0.09539166,0.053302005,-0.00639309,-0.010726348,0.08580872,-0.028669924,0.19301662,-0.15717597,0.2533144,0.08285144,0.052837834,0.008800022,-0.0608451,0.11097254,0.012038637,0.110920295,-0.05297104,0.12969585,0.21384357,-0.11304698,0.073070906,0.083094,-0.17950685,-0.040300358,-0.08854405,0.076316684,-0.35222694,0.20164928,0.11349393,0.09436124,-0.12597091,0.12047986,-0.21188128,-0.01294872,0.072490364,0.086121604,0.13047269,0.09734536,-0.08440773,-0.08070332,0.08184131,0.1483287,-0.01872984,0.19726121,0.03647049,-0.13091402,0.24767339,-0.1519079,-0.105884805,0.09627165,0.20169303,0.11971385,0.00068350136,-0.22399156,0.097385556,-0.048128225,0.11793974,0.05070065,0.033894397,-0.025353637,-0.12613712,-0.018249385,0.0030695945,0.30592135,-0.04501939
LUNG1-331,-0.029661084,-0.08702497,0.018723246,-0.025835037,0.08595616,-0.08121224,-0.010966398,-0.075097434,0.115865454,0.18908173,0.15384293,0.12188108,-0.22216317,-0.06488496,-0.051125824,0.036163833,-0.06307122,-0.05001635,-0.0202211,-0.10037598,-0.034784175,0.17626914,0.08289461,0.028032755,-0.0026920587,0.09764465,0.0074927174,-0.07350921,-0.032360494,0.075975604,0.07855326,-0.09584557,0.13629279,-0.027286038,-0.018665133,-0.058126613,0.13672614,0.09544096,-0.037036534,0.10416456,-0.09837767,-0.005730711,-0.058897223,-0.06284639,-0.09242641,-0.14902265,-0.08532081,0.25761387,-0.027001675,0.0845484,0.20223925,0.05909768,0.11569176,-0.13776475,-0.055451773,-0.016942777,0.103600204,-0.07405749,0.07060869,0.1175628,-0.17268431,0.033910856,-0.0012833455,-0.17937168,0.0377741,-0.0293678,-0.045678757,0.100159466,-0.12874606,0.18931171,-0.1709291,0.23670396,0.038491067,0.029486414,0.07609314,-0.11265501,0.052462414,0.058917988,0.09083408,-0.015581502,-0.012403756,0.24280661,-0.070555255,0.2192558,0.15285774,-0.20112805,-0.019554846,-0.039350808,0.0057973117,-0.28094038,0.17239615,0.070667095,0.1452178,-0.07936775,-0.0120521635,-0.17902875,0.035357818,0.018278364,0.112862155,0.08942171,0.022665275,-0.05635929,-0.071936,0.055954315,0.15254956,0.0017029867,0.12950808,0.008389082,-0.09022868,0.26846185,-0.12172021,-0.1840227,0.039524898,0.2093901,-0.009179626,-0.075244404,-0.22243012,-0.02296976,-0.012543764,0.076987594,0.08134245,0.09300594,-0.19163068,-0.18706082,-0.05998958,-0.057038553,0.17462705,0.05789838
LUNG1-332,0.05790981,0.03139099,-0.08861318,-0.00036381185,0.07479863,-0.08160155,-0.09566677,-0.18010336,0.03548854,0.09606014,0.04972094,-0.053096488,-0.108382784,-0.065916106,-0.13076839,0.05139726,0.04291016,-0.11265792,0.048476502,-0.161116,-0.1465515,0.0031149685,0.11916952,-0.054916024,0.05440007,0.070917755,-0.14207561,-0.044226296,-0.08243657,0.07644479,-0.010942798,-0.07392294,0.0847782,0.053422086,-0.044126447,-0.026491322,-0.0873644,0.0017248988,0.01817108,0.017056951,-0.0834517,0.030288719,0.034228057,0.11618494,0.03777103,-0.029122755,0.026263513,0.17834756,-0.0977516,0.058168504,0.011150137,0.010154873,0.10045314,-0.10520992,-0.028276194,-0.03266883,0.13332818,0.0013272464,-0.010387372,0.13834998,-0.12091297,-0.01174644,-0.1302592,-0.13412377,0.06553302,-0.02031511,0.001579579,0.21125835,-0.07490015,0.14104733,-0.117927946,0.2763968,0.044083294,0.12824214,0.14277197,-0.03650471,-0.016063951,-0.0002022062,0.08442057,0.09754875,0.043771774,0.13354836,-0.020452537,-0.023133703,0.05193643,-0.12636241,-0.11002625,-0.05099306,0.08409394,-0.16733532,0.083952524,0.0025769882,0.06950595,-0.09475882,-0.055974185,-0.13976362,0.028135799,0.0048398003,-0.008072581,0.03179334,-0.028251085,-0.11702092,0.050027125,0.06263599,0.03451419,-0.06901772,-0.0006134212,-0.024324138,-0.10550922,0.06073152,-0.08657189,-0.05204394,-0.040141985,0.13827702,0.019542968,-0.12165428,-0.03032706,0.031049594,0.032546416,0.046833504,0.035314444,-0.04611659,-0.07857524,-0.10745639,-0.044371232,-0.0072327256,0.049016573,-0.1456941
LUNG1-333,0.1675503,0.060084045,-0.0019853693,-0.18557215,0.26771644,-0.217897,-0.017337874,-0.3512875,0.07791835,0.3528069,0.081084535,0.040726922,-0.44960865,-0.19576645,0.01639609,-0.15589729,-0.05043181,0.10716628,0.115976155,0.05227729,-0.00979468,0.34163323,0.31617713,0.049930558,0.16630076,0.037266497,-0.12045094,-0.25605324,-0.037080258,0.19107902,-0.19512925,-0.1502555,0.19644818,0.16214964,-0.060135625,-0.078702904,-0.007906936,-0.13143826,-0.031165134,0.21443883,-0.20372601,-0.1397996,-0.038357314,0.033851117,0.13076323,-0.15683782,-0.021132097,0.38867342,-0.06282031,0.2588957,0.024111036,-0.114095025,0.13326773,-0.13577816,-0.052329548,0.22206427,0.1354654,0.18015769,0.059705507,0.16612214,0.023480168,-0.012154337,0.004650724,-0.011517122,0.2568085,0.109424196,0.042645633,0.15974256,-0.20200484,0.33662674,-0.15916792,0.25009617,0.08002503,0.073864006,0.01886059,-0.1479314,-0.01855858,-0.057782654,0.2568123,-0.020792738,0.03558607,0.25331217,0.0029569045,0.072803125,0.18030012,-0.39696193,-0.1843011,-0.0324208,0.263314,-0.35029304,0.20971566,-0.026376735,-0.06315187,-0.1932441,-0.060599312,-0.08264278,-0.08526783,-0.039514154,0.23607297,0.23656324,0.054082435,-0.16987702,-0.064467534,0.17847519,0.28871927,-0.051344663,0.008721221,-0.0014929734,-0.27402914,0.25430948,-0.14861208,0.07182644,0.13923879,0.303872,0.09058425,-0.14345635,-0.06795404,0.09212787,-0.19269548,0.14874695,-0.10254771,0.11155304,0.07720682,0.1111753,0.014356032,-0.08223405,0.23938274,-0.19717963
LUNG1-334,0.021858316,0.07261316,-0.020329334,-0.045468546,0.085773736,-0.019948829,0.059167065,-0.1305841,0.09125677,0.050799906,0.05102607,-0.043647163,-0.16064376,-0.04390513,-0.07788875,-0.06942626,0.0069950894,-0.043441035,0.065995365,-0.1199701,-0.12683627,0.060321853,0.06191961,-0.0037252307,0.0067231134,0.0749541,-0.048471514,-0.0073011965,-0.040631983,0.02168243,-0.0181328,-0.02501081,0.08709953,0.049399927,0.003070008,-0.03796509,-0.038225036,0.0026587136,0.044498477,-0.02233753,-0.08793921,-0.053178113,0.030030169,0.008788658,0.012962852,0.004398793,-0.013997715,0.159261,-0.09627369,0.08206098,0.00047941506,-0.00046166778,0.046338547,-0.13271293,-0.039612744,0.0199022,0.10284853,-0.009898607,0.009779882,0.09613178,-0.022107065,0.03712392,-0.057377204,-0.12551716,0.025031485,0.10019024,-0.026892275,0.077256486,-0.112005755,0.17215347,-0.07350828,0.1878324,0.034755033,0.088513345,0.04129018,-0.074003644,0.020747647,0.026642466,0.06532407,0.028652862,0.09777215,0.07618521,-0.05125968,0.06375723,0.076646805,-0.13353074,-0.12150903,-0.048554894,0.08002907,-0.1369412,0.14284343,0.072735846,0.09387765,-0.11675307,0.049771093,-0.08899178,-0.03007931,-0.077035114,0.043830942,0.069130026,0.0033047278,-0.035875045,0.033802193,0.12353158,0.047155354,0.046581395,0.025185116,-0.087849796,-0.1452926,0.096529566,-0.094550155,-0.07264765,0.0041182786,0.15942752,-0.038435023,-0.06083218,-0.062495798,0.088449754,0.06364787,0.12313846,0.01577196,-0.057246402,-0.013063077,-0.07551707,-0.052034657,0.021871518,0.037313372,-0.12739363
LUNG1-335,0.09759581,-0.07194971,-0.044567093,-0.04772506,0.068716206,-0.12104647,0.017193634,-0.057273936,0.031858053,0.10339204,0.13457757,0.09254983,-0.3582505,-0.13343981,-0.027388964,-0.19011977,0.070728734,0.06270798,-0.06871599,0.04250914,-0.12941614,0.24443355,0.0035371073,-0.11978211,-0.023350678,0.006935861,-0.01214071,-0.08537776,-0.029553268,0.05723592,0.040342923,-0.08714528,0.1574123,-0.033940233,0.12187822,0.05327861,-0.028355265,-0.11488239,0.096980065,0.0737828,-0.08544649,-0.17256281,0.0007665083,-0.15469322,0.022361133,-0.13360175,-0.07280643,0.31417778,-0.04655798,0.016284011,0.23788661,0.05570364,0.00051316246,-0.20761436,0.067317694,0.105158806,0.16095823,-0.06410079,0.09519671,0.13253774,-0.12723975,0.005058689,0.0322406,-0.15783606,-0.011120284,-0.0012205541,-0.04591568,0.09794192,-0.13225283,0.215765,-0.11336942,0.23215732,0.094865486,0.015795428,-0.018372558,-0.05020017,0.041110482,0.026201814,0.1512965,-0.028642073,0.07556018,0.25978386,-0.0020156577,0.051702913,0.17388368,-0.26134115,-0.18542299,-0.066710874,-0.01044789,-0.28925127,0.19743243,0.16062275,0.06314738,-0.120195284,-0.039140157,-0.20399398,0.09826819,0.055212244,0.13438737,0.15502328,0.17684682,-0.17999148,0.03933639,0.13072021,-0.0041946247,0.115972586,0.14799058,-0.007965498,-0.15288939,0.2079429,-0.15959665,-0.117579505,0.013981275,0.21762916,0.15635592,-0.05000042,-0.21109587,0.14685462,-0.0037016328,0.064280525,0.0015677214,0.029013783,-0.04421038,-0.078374356,-0.042632673,-0.038994506,0.19407311,0.047898516
LUNG1-336,0.0026817434,-0.12627769,0.036717046,0.052491058,0.13648689,-0.15629244,-0.0254912,-0.112849064,0.03391147,0.069481686,0.11351987,0.058851063,-0.24940464,-0.028043486,-0.16808555,0.045707703,-0.016531369,0.012114363,0.045394115,-0.018551357,-0.072377786,0.078931384,0.16903803,0.015838694,0.08673324,0.09434551,-0.021234497,-0.10506774,-0.026290998,0.10943152,0.09019516,-0.15103747,0.0886333,0.10024764,0.03967145,0.012392383,-0.065245025,0.0068438686,-0.00031778403,0.04667587,-0.08580512,-0.053557273,0.044765428,0.06634147,0.000879677,-0.14673541,0.035349898,0.17173165,-0.015392832,0.038180914,0.17039657,0.01363527,0.16948727,-0.06877256,-0.07667394,0.03867244,0.1620206,0.07602345,-0.032151192,0.08998355,-0.035175413,-0.0048366524,-0.069002,-0.11084141,0.047633942,0.025869183,0.082785666,0.09290026,-0.075610735,0.117460184,-0.16531867,0.17637369,0.08903727,0.12832329,0.096444346,-0.0136700645,0.11862808,0.04661147,0.12172496,-0.046102032,0.1008918,0.16892818,-0.0063494444,0.081233,0.029872147,-0.16520691,-0.03941522,-0.12593028,0.0754427,-0.413883,0.16168816,0.068880074,0.113325596,0.0017609298,0.09775623,-0.13956723,0.02361717,0.036785185,0.12898064,0.12314154,0.06639353,-0.14490312,-0.077128835,0.09500848,0.14004494,-0.09929261,0.18823412,-0.0017013773,-0.13079259,0.19468084,-0.012996107,-0.039098307,0.08426348,0.06599674,0.12128826,-0.06531122,-0.07511382,0.14108074,-0.050378397,0.1631786,-0.031350218,0.043204784,-0.060115706,-0.12073186,-0.08302279,0.012414981,0.21694526,0.0072686523
LUNG1-337,0.008568488,-0.08695938,-0.03454518,0.029736456,0.16576199,-0.13814038,0.019659389,-0.19658835,0.06366525,0.24619514,0.16977441,0.031203419,-0.34291127,-0.07096165,-0.008868583,-0.06725077,-0.12607798,-0.100899674,0.076631576,0.015442893,-0.012633458,0.23484936,0.22854486,0.12446328,0.114168964,0.16167247,0.044650782,-0.08614319,-0.049189083,0.14593522,0.0457214,-0.13804995,0.07685411,0.035994917,-0.022367308,-0.07854929,0.0912282,0.014663987,-0.09844288,0.10253547,-0.21734156,-0.09823796,0.06592412,-0.010242168,-0.008803615,-0.23361233,0.0016193064,0.24554852,-0.07117137,0.18655765,0.08397472,-0.033977993,0.090154245,-0.20792158,-0.0042370334,0.1141597,0.07707664,0.04112514,0.0591089,0.062498644,-0.055264276,-0.067834124,-0.06477128,-0.087082945,0.09706639,-0.009851031,-0.0056253336,0.11452814,-0.05773846,0.19632569,-0.19940388,0.1731869,0.063900456,0.104952194,0.05540221,-0.12990122,0.051928513,-0.043007005,0.11896653,-0.058296975,-0.0025761612,0.16242218,0.05606775,0.1415307,0.15926704,-0.28993034,-0.0005868226,-0.013614682,0.08098112,-0.2779354,0.1660726,0.069545604,0.13446307,-0.07434269,0.012083815,-0.08944162,-0.08578383,-0.038977906,0.1541705,0.11524528,0.07326461,-0.11037643,-0.08535051,0.16555834,0.25868943,-0.1655505,0.14122099,-0.038932562,-0.20180039,0.13305382,-0.07375789,-0.081787735,0.11017857,0.21029735,0.014246221,-0.17874683,-0.121085316,0.007951781,-0.039898932,0.08852775,0.03061917,0.13945918,-0.16294624,-0.036125768,-0.0807551,-0.016681798,0.16184019,0.024824612
LUNG1-338,0.013155017,-0.1409154,0.0861405,-0.008350581,0.2178936,-0.19632557,-0.032103635,-0.17629519,0.07776802,0.15604074,0.14866301,0.10069156,-0.40558285,-0.12559393,-0.19063193,0.053326603,-0.066644326,-0.01612217,0.068073764,0.01857026,-0.039047614,0.17233789,0.22466844,-0.03206515,0.1057234,0.10048324,-0.010095224,-0.16221568,-0.0257885,0.14334154,0.08112647,-0.17138074,0.15380612,0.08199464,-0.009871077,-0.09064806,0.046753276,0.024353638,-0.021437045,0.058689024,-0.08168873,-0.108055316,0.02650024,0.09007031,0.06739859,-0.24201763,0.0002022991,0.32060993,0.021322668,0.08426003,0.14567769,0.022752995,0.23997933,-0.092982404,-0.09067729,0.14188412,0.17195207,0.1420438,0.04103374,0.10841761,-0.08366873,-0.044475265,-0.098131925,-0.10915148,0.097601146,0.017955963,0.09542413,0.11822067,-0.11609474,0.13223186,-0.29660797,0.23067877,0.108982176,0.10110552,0.16119385,-0.021124933,0.14142211,-0.0038564126,0.22154576,-0.08518941,0.106704235,0.24352491,-0.039312806,0.09807579,0.07806997,-0.25946063,-0.03397078,-0.13736007,0.075640604,-0.49840373,0.23816487,0.03662019,0.13574865,-0.023657873,0.0492372,-0.20143494,0.0060256068,0.079624765,0.16555513,0.12925886,0.07442102,-0.12692146,-0.14770553,0.1694035,0.19718559,-0.11266304,0.21240374,0.051930446,-0.1322952,0.30041298,-0.005915493,-0.0031947307,0.1436943,0.14534572,0.1561149,-0.088142194,-0.17033859,0.057340506,-0.13060385,0.23434779,-0.006425768,0.06058818,-0.10450605,-0.13775025,-0.097558364,-0.064257525,0.28056076,0.032316364
LUNG1-339,-0.0027494244,-0.054991893,0.040360797,-0.033000015,0.122528285,-0.12923986,-0.009882614,-0.1055029,0.1277419,0.22959712,0.20203006,0.16254014,-0.3009224,-0.081582196,-0.07518058,-0.024944726,-0.079486005,-0.068651855,0.066066,-0.026446179,-0.01768928,0.15059254,0.11340935,0.035701457,0.05796653,0.14705193,-0.018697917,-0.16086292,-0.03196778,0.08927549,0.05364231,-0.12183503,0.13336584,0.07791899,0.051343545,-0.06982035,0.056456026,0.079685315,-0.0028497176,0.10661361,-0.12770826,0.010684606,-0.060255066,0.08993511,0.023021676,-0.15373336,-0.09106773,0.30461404,0.032472976,0.0665785,0.14335877,0.0047749057,0.20900178,-0.069657594,-0.05830951,0.03446383,0.16582306,0.03449461,0.0498459,0.07360779,-0.06331739,0.004528325,-0.04633482,-0.13346311,0.14326878,0.07813148,0.054955896,0.07048208,-0.21513195,0.22906661,-0.13341576,0.19074951,0.061350908,0.0796075,0.028954271,-0.11912593,0.09403702,-0.010654802,0.14958745,-0.054307908,0.07201657,0.2646538,-0.055897973,0.18154213,0.12180019,-0.25097817,-0.006221667,-0.11241303,0.087506235,-0.4173129,0.12940851,0.084129386,0.010939106,-0.10605756,0.04758868,-0.14411187,-0.0340925,-0.0043907105,0.18415692,0.13332325,0.008331394,-0.088470906,-0.09880499,0.119571194,0.18611649,0.0064432845,0.0746724,0.024544958,-0.15069756,0.23869914,-0.026549738,-0.048338935,0.12721881,0.14415336,0.010672435,-0.010779507,-0.21694127,0.12311083,-0.07335214,0.17794386,-0.020496868,0.1376984,-0.106994934,-0.13093275,0.0080992915,-0.013812341,0.18506414,0.015322901
LUNG1-340,-0.07864815,-0.018840611,0.009918265,0.09204654,0.11992131,-0.049917523,-0.0007114336,-0.15129879,-0.01374457,0.15249863,0.051353797,-0.0034891441,-0.20793042,-0.03622523,-0.096402444,0.037650045,-0.04088855,-0.03543019,0.041742478,-0.056713805,-0.044219267,0.056941368,0.11567783,0.076391876,0.085703194,0.04902967,9.5870346e-05,-0.12207007,-0.05876047,0.12374596,0.05547549,-0.14586866,0.10262355,0.11517278,-0.0042384714,-0.06029868,-0.004376933,0.035631828,0.02138514,-0.005013291,-0.093319386,-0.09004745,-0.046913434,0.02443039,-0.04028993,-0.094825685,-0.030660927,0.18272474,-0.13032675,0.12563722,0.035054397,0.005692385,0.107006684,-0.063854635,-0.049051728,-0.027064506,0.12501442,0.03136996,-0.03297893,0.056947127,-0.01820667,-0.018576328,-0.06305993,-0.126044,0.04927567,0.030700568,0.032241926,0.11302028,-0.08473749,0.07936992,-0.1406112,0.18437113,0.0058510713,0.018847246,0.041916728,-0.022061653,0.078371614,-0.013567157,0.09946991,-0.02986987,0.028083177,0.1146117,-0.0077342615,0.07928313,0.090073675,-0.15044868,-0.029650088,-0.03242436,0.09261337,-0.24698213,0.071960226,0.0018379949,0.103470825,-0.09657997,0.07776721,-0.06462245,0.03986582,-0.02644779,0.11633757,0.09988098,0.08012375,-0.09034237,-0.05420523,0.092491925,0.17561886,-0.07003133,0.07658897,-0.08709004,-0.14811775,0.17373699,-0.07873428,-0.07086108,0.05157861,0.1009358,0.061232112,-0.09568576,-0.0438743,0.105469525,-0.06938571,0.108584255,-0.012820777,0.022001907,-0.0714844,-0.093926445,-0.095893376,0.045865387,0.09758244,-0.06808352
LUNG1-341,0.011847008,0.030368801,-0.040823568,0.026814424,0.07721979,-0.06259769,0.040434677,-0.16277108,0.027553229,0.11516751,0.09175499,0.00088886917,-0.1631661,0.03651556,-0.051381856,-0.003242955,0.008938694,-0.029310811,0.008236894,-0.12909037,-0.05414122,0.037029274,0.10138265,0.06960048,0.054185987,0.06621068,-0.058980715,-0.04493794,-0.04643503,0.03194792,-0.0050556115,-0.070861585,0.098223634,0.09591527,0.051062055,-0.016855106,-0.015572667,0.007904032,0.0023575649,0.011264775,-0.12519863,-0.010003917,-0.029866215,0.023515973,-0.024132531,-0.053488914,0.009958731,0.11653141,-0.1012594,0.06510575,0.053374723,0.033802003,0.09428683,-0.10676573,-0.03949576,-0.016616683,0.088462204,-0.058249757,-0.0329137,0.13710493,-0.051709924,0.0371988,-0.014550069,-0.12423235,0.03476964,-0.014361221,-0.005905479,0.076209635,-0.10125926,0.1369277,-0.08131088,0.15926236,0.043742675,0.109493315,0.060527116,-0.08757854,-0.027081005,-0.0189062,0.02930153,0.018652558,0.038344197,0.062719785,-0.003964998,0.060903262,0.101432964,-0.10592757,-0.058611467,-0.037304934,0.09433088,-0.17845654,0.09763734,0.07146679,0.095577754,-0.10264195,0.06374049,-0.06430969,-0.019443328,-0.054504625,0.038146805,0.057366535,-0.026021035,-0.03385756,-0.014364101,0.05489757,0.10898283,-0.061503354,0.055765398,-0.0729749,-0.1329281,0.037304845,-0.11362544,-0.07443431,0.009670496,0.097075924,0.0144773405,-0.11451742,-0.025488593,0.10264332,0.04589168,0.07849594,0.010529086,0.008016102,-0.10544673,-0.0731962,-0.027000885,0.06784649,0.07553595,-0.089842744
LUNG1-342,0.16296244,0.016475286,-0.052642673,-0.028658263,0.17276782,-0.1699308,0.10415297,-0.09403961,0.08556719,0.17709066,0.20687109,0.0354613,-0.34550372,-0.096566446,0.10987368,-0.23435405,0.05438295,-0.014072567,0.006826274,0.10705303,-0.03788256,0.2762917,0.095163465,-0.023666032,0.037866578,0.09395083,0.0719863,-0.11014826,-0.017674621,0.08733178,-0.054874044,-0.120835915,0.1430735,0.032400772,0.09534165,-0.010322247,0.039748598,-0.028907504,0.03251347,0.1620166,-0.20103557,-0.18687797,0.012050234,-0.009988863,-0.057855427,-0.1238773,0.01345894,0.28315964,0.023117088,0.18343386,0.23181194,0.020948516,0.037638187,-0.28951907,0.016290639,0.16307728,0.18803382,-0.04128052,-0.020112656,0.17443272,-0.046955124,-0.024084508,0.06868123,-0.12322746,0.11193952,0.0009777062,-0.016785078,0.013234489,-0.12242094,0.24343443,-0.087468326,0.12166019,0.10058376,0.074395575,-0.08724903,-0.0531198,0.008464136,-0.06329809,0.15256295,-0.15555292,0.0029040128,0.31173527,0.09563175,0.12521593,0.14545193,-0.28868043,-0.12490176,-0.057437506,0.07941587,-0.2902609,0.18535659,0.15478298,0.0061441064,-0.13370658,0.10738363,-0.059616774,-0.04985375,-0.0028372733,0.13854602,0.08073806,0.06584571,-0.15952033,0.021284085,0.18936342,0.07363779,0.045154057,0.14626098,-0.058903757,-0.25831902,0.17322502,-0.11801654,-0.04683156,0.03451329,0.25657353,0.10257212,-0.15803483,-0.14780712,0.19141224,-0.0042398106,0.0280955,-0.0458953,0.11625527,-0.14511254,0.084623724,0.10391749,-0.07433169,0.19318286,0.015374549
LUNG1-343,0.03996118,-0.0018689781,-0.035923596,0.027769264,0.11051381,-0.08376504,0.08314409,-0.20145477,0.059853382,0.17402521,0.13307801,0.027567737,-0.271443,-0.037523225,0.007163547,-0.10491339,-0.052696135,-0.029209007,0.07173836,-0.0004299134,-0.026859125,0.13573366,0.111988276,0.07923725,0.075446896,0.07002394,0.02111835,-0.085039206,-0.026667275,0.092486344,-0.044473276,-0.12543534,0.07237524,0.03908195,0.023670897,-0.039688304,0.044016514,0.036937676,-0.008177776,0.08018321,-0.1790627,-0.100405976,0.015124731,0.004017003,-0.0074161924,-0.07435633,-0.025467519,0.21490091,-0.05204815,0.15049157,0.10303939,-0.044465713,0.10195978,-0.18735342,-0.026358109,0.0540874,0.13080135,-0.0019313768,-0.011233341,0.08654944,-0.019705873,-0.036580496,0.014815116,-0.12055208,0.118937135,0.018927922,-0.007847287,0.045197222,-0.091061875,0.19628975,-0.07760309,0.15612566,0.06069215,0.08601287,-0.028361268,-0.053252965,0.012276942,-0.031296216,0.0693795,-0.06584611,0.045133557,0.12370961,0.04424551,0.118929386,0.12289672,-0.24216674,-0.032580636,-0.038783416,0.10051875,-0.24449185,0.119833246,0.09334524,0.0357447,-0.15765883,0.09104188,-0.027842363,-0.079231806,-0.06938439,0.099189594,0.091576904,0.031962827,-0.06037066,0.003314685,0.18637334,0.17175129,-0.03083363,0.12898761,-0.047816616,-0.21155132,0.09035829,-0.14225388,-0.08001974,0.08356269,0.13241625,0.008382426,-0.09907555,-0.10842422,0.08710578,-0.016154371,0.09372688,-0.030347988,0.096239835,-0.115177944,0.04866996,-0.021876726,0.008082103,0.106314756,-0.048681963
LUNG1-344,0.003068732,-0.10736788,0.038759146,0.0174139,0.10009498,-0.104963705,-0.07275622,-0.09791004,0.113088176,0.21463981,0.23032212,0.09032716,-0.33156738,-0.06568306,-0.083813354,-0.0038038362,-0.09694392,0.014616393,0.024895534,0.014094479,-0.04477061,0.23887295,0.108222455,0.018429236,0.053526476,0.086713165,0.07619999,-0.12603086,0.0067768544,0.0585611,0.087525845,-0.16010249,0.14615034,-0.02662357,-0.0034986287,-0.059636913,0.098718986,-0.06124919,-0.015847756,0.14292097,-0.08474775,-0.12058098,-0.051256306,-0.060639277,-0.05039393,-0.19190733,0.015121837,0.3298221,-0.065522484,0.053626508,0.27915215,0.021516379,0.11634228,-0.16296321,-0.0076896157,0.08045761,0.13602668,0.005868163,0.03634959,0.18055575,-0.19463542,-0.011077672,0.02482272,-0.11673488,0.035633624,-0.03357347,-0.07319613,0.105878495,-0.046917416,0.22152433,-0.14261162,0.28966847,0.060527544,0.024023265,0.0076062866,-0.086400755,0.09047351,-0.00074209226,0.18824804,-0.048691776,0.041761257,0.28214675,-0.07601666,0.08682954,0.17049399,-0.20429231,-0.078310214,-0.029654335,0.05793812,-0.3638245,0.25765064,0.0832835,0.12473066,-0.11906737,0.03387312,-0.26375735,0.0068364553,0.08692653,0.12055915,0.1236864,0.10683892,-0.11645861,-0.09105716,0.09285449,0.19595808,0.01060044,0.18146375,0.0020678826,-0.11889805,0.33188063,-0.13522047,-0.17380892,0.06092285,0.22390759,0.07869559,-0.038205914,-0.2841797,0.044806488,-0.108620465,0.1272826,0.06256541,0.106419995,-0.06797042,-0.16320375,-0.012365282,-0.047204927,0.29153064,0.04016333
LUNG1-345,0.059756175,0.10553946,-0.11632848,-0.07876109,0.11178085,-0.02230559,-0.05521024,-0.1384636,0.054530654,0.11078008,-0.08973906,-0.10812257,-0.1650931,-0.07628477,-0.10107561,0.031526215,-0.0075370977,-0.009734668,0.017664183,-0.069234475,-0.08646019,0.09098151,0.118201494,-0.021709062,-0.0013911054,0.07355769,-0.21962288,-0.11001276,-0.029201627,0.13252398,0.0063044317,-0.030119155,0.12664819,0.11072867,-0.006020885,-0.046988934,-0.13783677,-0.008754488,0.032571316,-0.05689741,-0.07688441,-0.052965116,0.09041471,0.087092705,0.058011748,0.010954179,0.0071150786,0.13592374,-0.058221743,0.076897964,-0.10691143,-0.0026366152,0.095225155,-0.16676608,-0.07574407,-0.018445287,0.10677507,0.104663216,0.019018997,0.09747313,-0.006145109,0.027688833,-0.116711386,-0.07282832,-0.0028895,0.11829218,0.059502862,0.20232722,-0.0929973,0.14441502,-0.110570416,0.20256174,0.09203832,0.041547477,0.19872805,-0.10071879,0.04525976,0.020338656,0.09905333,0.038405538,0.011810537,0.10023697,-0.064074025,0.041070532,0.03504183,-0.16481565,-0.12992516,-0.058878206,0.07033443,-0.22354296,0.10563722,-0.057594627,0.041942928,-0.046471413,-0.0031630136,-0.10967372,0.013983035,-0.030658325,0.08709947,0.086505346,0.012657723,-0.094981834,0.08997354,0.031984754,0.05847781,0.022171944,-0.0038860664,-0.09950675,-0.13392296,0.09618441,-0.049648885,0.02334226,0.014691034,0.11238442,-0.029916726,-0.0685888,-0.012264337,0.027768616,0.023454634,0.13156366,-0.039895684,-0.09138507,0.050376102,-0.019970426,-0.074229345,-0.009236932,0.04275929,-0.1901987
LUNG1-346,0.016400326,0.027389124,-0.09569664,-0.0033085868,0.07788233,-0.026048565,-0.104884245,-0.20058703,0.048220143,0.11334728,0.04124564,-0.035247415,-0.20837143,-0.05821415,-0.10910373,-0.021837475,0.009400565,-0.13555229,0.06812312,-0.19573994,-0.073213555,0.09578466,0.14324602,-0.048653275,0.03842158,0.087364644,-0.119171515,-0.06734913,-0.0735162,0.061726883,0.015289387,-0.02056171,0.055831622,0.06126578,-0.078541204,-0.14768186,-0.045695275,0.015029045,0.02173816,-0.0079122055,-0.055369433,0.034881793,0.005378224,0.047906823,0.014805932,-0.030938044,0.026115818,0.14938462,-0.080181465,0.07301468,-0.013071738,0.030395402,0.056404736,-0.06599347,-0.06252229,0.044626236,0.11903263,0.012635402,0.071304545,0.10496141,-0.13421193,-0.0032486469,-0.17217666,-0.12484644,0.024990097,-0.0006268751,-0.03061416,0.1619361,-0.09697242,0.15557468,-0.11924506,0.26607865,0.055226605,0.08239339,0.17532772,-0.058191173,-0.012328617,0.01932751,0.07850994,0.10679531,0.01933594,0.09669923,-0.08147898,0.071694404,0.1651834,-0.10273974,-0.050302304,0.0109101385,0.06572809,-0.06650348,0.116747335,0.05323676,0.016268976,-0.19328704,-0.049407415,-0.09362793,0.029560547,-0.072382495,0.057572287,0.076618224,-0.011622203,-0.05033627,0.031661168,0.08142714,0.104265414,-0.024485897,-0.018676288,-0.11118181,-0.07995865,0.15836957,-0.13863173,-0.11271466,-0.05732213,0.17025232,-0.0795089,-0.15023834,-0.07914364,-0.024594285,0.054568965,0.05895261,0.0759958,-0.04625648,0.027339585,-0.12548572,-0.08549592,-0.009679444,0.028153416,-0.08348766
LUNG1-347,0.036822982,0.061812423,-0.04466538,-0.04614161,0.080102764,-0.013758555,0.060011834,-0.16214466,0.0777204,0.07936,0.04462327,-0.019614562,-0.1630885,-0.0042450354,-0.055749945,-0.02582593,0.021821026,0.006984095,0.11463304,-0.054451786,-0.07422703,0.11350843,0.043378614,0.042702373,0.07823841,0.09294271,-0.0674385,0.018142901,-0.05132383,0.0113602225,-0.08069553,-0.057696793,0.06695316,0.08402571,-0.045236167,0.03464429,-0.028490957,0.0095643485,0.055292115,0.032559402,-0.10672107,-0.09542702,-0.013072481,0.07390611,0.02680052,0.037634943,-0.042185646,0.15237156,-0.069367394,0.039282404,-0.010945551,-0.024965093,0.07490791,-0.11082831,-0.0023518745,-0.06696722,0.10957137,-0.005263604,-0.088450655,0.06397891,0.019369116,-0.084249064,-0.0071728667,-0.067305885,0.073392764,0.08933146,0.045033902,0.10085599,-0.08951278,0.1578305,-0.02649597,0.15059876,0.030917536,0.06583497,-0.031496078,-0.04975144,0.010984989,-0.030730464,0.08459913,0.024505965,0.07397788,0.0525525,-0.035189003,0.06634441,0.0813802,-0.15506302,-0.15055022,-0.05514887,0.15673956,-0.12903957,0.10405059,-0.007179293,0.055781078,-0.12019548,0.10693643,-0.06169021,-0.06970548,-0.008979864,0.013596929,0.11999163,-0.038956802,-0.0121459775,0.10517563,0.08914233,0.08756567,0.024613347,0.058370344,-0.05282291,-0.14780433,0.07496816,-0.13194901,-0.026623156,0.080831416,0.12290219,0.06240542,-0.023698715,-0.02202574,0.056291685,0.044610143,0.13740647,-0.008430164,-0.09751524,-0.044612937,0.06827973,0.02873417,0.026448142,0.10530852,-0.2265616
LUNG1-348,-0.051741146,-0.10310797,-0.0074407924,0.09271528,0.12282951,-0.114697956,0.00045416504,-0.13575001,0.040801696,0.1057898,0.11150118,0.042986758,-0.19641662,-0.026585683,-0.16150612,0.09054929,-0.09255185,-0.035871826,0.042260855,-0.100904286,-0.0522928,0.10740944,0.15104184,0.07532214,0.102466635,0.12536767,-0.01580765,-0.098353766,-0.056522764,0.08916779,0.10683581,-0.17810452,0.074777,0.08639896,0.0035375059,0.017129773,0.0114238,-0.010603312,-0.029689435,0.052489504,-0.10626887,-0.012726031,-0.00088942796,0.043794125,-0.046497256,-0.20440343,-0.026655775,0.16580866,-0.06829955,0.019470934,0.15086617,0.009164967,0.12302135,-0.097257204,-0.053879295,-0.0049234256,0.10621164,0.0062374137,-0.03467089,0.047685105,-0.1050104,-0.039543092,-0.03963881,-0.10094014,0.034885023,-0.008129209,0.03847052,0.10941461,-0.02545188,0.13313256,-0.18238112,0.21478346,0.06502785,0.09952384,0.08066606,-0.08558574,0.055459455,0.0375739,0.08839274,-0.046893008,0.027419265,0.1137428,-0.031066295,0.07125631,0.079763845,-0.16756058,-0.035922993,-0.08482356,0.07977968,-0.33952785,0.17625773,0.06523552,0.1260044,0.007637039,0.06662722,-0.13912317,0.0046443027,0.013153419,0.081064075,0.11378851,0.072765596,-0.07386739,-0.100018166,0.06283044,0.16790304,-0.11698833,0.17222361,-0.012339927,-0.124099225,0.19218715,-0.058411412,-0.09446928,0.05559343,0.07434806,0.13180853,-0.09610688,-0.074753866,0.042101365,0.031833634,0.1531586,0.053480063,0.048796922,-0.11303908,-0.09945895,-0.0900376,0.050518587,0.2080732,-0.033159867
LUNG1-349,0.01649383,-0.0447056,0.014935426,-0.03798435,0.095976055,-0.13620955,-0.009361163,-0.046558566,0.116689,0.14089644,0.16208571,0.10772252,-0.22388163,-0.05300737,-0.01898617,-0.053977523,0.0002593221,-0.024529543,0.014442537,-0.01351431,-0.043471064,0.16857216,0.044751957,0.016108856,0.027003165,0.058598824,0.029087778,-0.11886465,0.002791278,0.07328182,0.07855683,-0.091516584,0.15517882,-0.0020521358,0.05246274,-0.045665838,0.099434,0.045621775,0.0018960573,0.09707341,-0.090855695,-0.06437787,-0.06260094,-0.06457179,-0.08968495,-0.097962335,-0.058102764,0.276907,-0.01570119,0.10705508,0.2268835,0.08563782,0.11788787,-0.17324492,-0.043502983,0.030402675,0.15749389,-0.08127748,0.060001146,0.1614609,-0.12915656,0.00640475,0.03372625,-0.1652549,0.042018645,-0.024532352,-0.036280237,0.066251606,-0.13334833,0.18297777,-0.14473544,0.18371525,0.07089053,0.039714005,0.034389045,-0.09411603,0.07953315,0.044257406,0.088436835,-0.07932378,0.039654236,0.26285762,-0.059387155,0.17276311,0.12452094,-0.2060697,-0.053184222,-0.086094625,0.001846835,-0.27881134,0.1622675,0.101446316,0.09056625,-0.12032547,0.03138957,-0.17011017,0.023075014,0.03728448,0.12278549,0.09748477,0.04606622,-0.11566754,-0.03559474,0.083351925,0.11318988,0.034088857,0.13109288,0.013800424,-0.17025952,0.23806715,-0.08688198,-0.14395577,0.03477933,0.24168393,0.011761762,-0.059469923,-0.21046151,0.09433437,-0.009042673,0.042009946,0.016957853,0.07951748,-0.1278787,-0.13116217,-0.038872067,-0.07707002,0.18702498,0.04175365
LUNG1-350,-0.04459651,0.018367432,-0.037015118,0.06031604,0.062639244,-0.013544474,0.031604692,-0.18619895,-0.033498876,0.1399371,0.062110446,0.033501804,-0.12324186,0.03477455,-0.017342106,0.017059414,0.017475864,-0.027773175,-0.012668334,-0.06700172,-0.10539925,0.03794939,0.10862734,0.048841327,0.052853487,0.02083965,-0.031360522,-0.04444252,-0.038935255,0.04484033,0.0038212724,-0.112288974,0.064141765,0.11474684,-0.031059833,-0.00061811134,-0.040983602,-0.0047663637,0.00224684,0.021588136,-0.13195416,-0.05751921,-0.034357477,-0.007374038,-0.07556103,-0.04550859,-0.0004969118,0.09137832,-0.116256535,0.1310149,0.08451622,0.017116237,0.094887495,-0.08518307,-0.0009967927,-0.079064295,0.095875025,-0.06520975,-0.042622127,0.10951795,-0.05829477,0.043210573,-0.02471687,-0.1543705,0.018833105,-0.00023819879,-0.011460364,0.09434361,-0.090286426,0.13155259,-0.09785321,0.15826693,-0.02397631,0.05894816,0.019325078,-0.084616326,-0.033049762,0.008260395,0.008737576,0.014118932,-0.005649902,0.06525007,-0.011887811,0.09820409,0.0789924,-0.08421441,-0.08956862,-0.029487345,0.12124869,-0.131223,0.10052904,-0.03064443,0.09965705,-0.1202365,0.040869106,-0.04717206,0.023349717,-0.03338135,0.033062533,0.079621695,0.02512607,-0.030269777,0.002098985,0.047809437,0.110702395,-0.050240748,0.060608823,-0.06746081,-0.08110093,0.047165256,-0.18701397,-0.10197978,0.01657494,0.07376838,0.022163048,-0.12054663,-0.07908357,0.08405456,0.0075551663,0.037580837,0.047350857,-0.027484834,-0.104466304,-0.047008418,-0.06741896,0.070320554,0.053162497,-0.12960115
LUNG1-351,-0.0155455535,-0.032226212,0.033288766,0.029824086,0.08712238,-0.073047,0.0028089583,-0.10159238,0.06701234,0.12864432,0.14386573,0.035836242,-0.17327064,-0.027599454,-0.08303507,-0.007757662,-0.07006423,-0.04037623,0.057396695,-0.0456702,-0.019853456,0.085546724,0.12112535,0.039927118,0.08093692,0.08041157,-0.014846852,-0.026056446,-0.05049566,0.11333982,0.03965991,-0.09338927,0.09046445,0.035620973,-0.0012532845,-0.011757918,0.003851097,0.05103225,-0.015409733,0.058571715,-0.10725625,-0.06364099,-0.010256637,-0.04006987,-0.041436844,-0.12214327,-0.04514165,0.1609808,-0.0139042735,0.07047014,0.1638086,0.05842715,0.07493003,-0.12913167,-0.042263433,0.015762784,0.09340382,-0.018994804,-0.0011545196,0.106318966,-0.06509592,0.025587441,-0.05825756,-0.11814833,0.045972373,0.0056020375,-0.015277274,0.051003702,-0.08295926,0.09667279,-0.13916045,0.16523305,0.013799433,0.042171247,0.07590996,-0.066752955,0.058043107,0.022166945,0.09698799,-0.049953133,0.025945034,0.12155866,-0.024100006,0.13841546,0.10744142,-0.12861338,-0.0074174777,-0.061787233,0.048331153,-0.21919353,0.1256201,0.078699306,0.099454746,-0.024488471,0.037946615,-0.09814414,0.03495744,-0.00089578517,0.09095511,0.053713135,0.020811034,-0.08708242,-0.052833326,0.0967289,0.13373639,-0.011206081,0.16075715,-0.036260076,-0.11121592,0.1926086,-0.042158633,-0.13125643,0.031668205,0.12060106,0.040937513,-0.05621536,-0.12019232,0.022028714,-0.00641324,0.118594654,0.05307402,0.033547148,-0.13916558,-0.116363265,-0.081921086,-0.0046217814,0.12205835,0.002408415
LUNG1-352,-0.05545434,-0.064062625,0.0058441795,0.11555475,0.1081405,-0.08721331,0.0033722222,-0.15110779,-0.0040797256,0.10713808,0.11335049,0.09527552,-0.20721981,-0.051056392,-0.19238505,0.114393905,-0.09339159,-0.006147517,0.046415344,-0.10997525,-0.09474574,0.07461231,0.15182763,0.1029648,0.08226726,0.058970857,0.014494032,-0.11637119,-0.04040746,0.050944038,0.11502171,-0.221346,0.0596477,0.11336604,-0.015393818,0.07488473,-0.024695277,-0.06406095,-0.025344338,0.04972068,-0.10255773,0.0028652176,-0.0062265843,0.055417016,-0.001970563,-0.19417766,-0.021439262,0.13954648,-0.082789384,0.0069659427,0.18910103,-0.001550585,0.11479288,-0.048467867,-0.07394682,-0.018099375,0.11759093,-0.002784837,-0.06735713,0.01311627,-0.11279036,0.026657537,-0.0390532,-0.11561495,0.06582473,-0.025998965,0.061639756,0.13215725,-0.05659367,0.113216005,-0.19519365,0.260426,0.055782977,0.12582898,0.07865016,-0.071552746,0.028215177,0.04764271,0.14734155,-0.042468023,0.013189662,0.07087892,-0.008428775,0.019046608,0.08673118,-0.15813832,-0.063016854,-0.11127005,0.090104066,-0.36243483,0.22350687,-0.0066500315,0.106211804,0.009521365,0.07283558,-0.15618077,0.054332495,-0.0021936018,0.100533076,0.114227004,0.086783126,-0.05723165,-0.09763307,0.10487767,0.20050986,-0.11946281,0.15063196,-0.015989486,-0.12193927,0.21345562,-0.10716322,-0.10087061,0.06272748,0.021023143,0.16886377,-0.10825689,-0.08296573,0.08795498,0.0015068371,0.16579539,0.04507935,0.06709106,-0.077368066,-0.11959231,-0.063023135,0.063953154,0.18729874,-0.053954575
LUNG1-353,0.006545821,-0.10384243,0.03959455,0.0016166866,0.07100743,-0.076546,-0.048992947,-0.11202308,0.06924155,0.11841242,0.119460344,0.115716815,-0.27563176,-0.0725974,-0.12479465,0.007003974,-0.05581686,-0.01516103,0.043069236,-0.0028568953,-0.050897818,0.11321984,0.124961816,0.007338343,0.019012284,0.06936772,-0.024169434,-0.059975676,-0.02454304,0.13172352,0.04501265,-0.12791327,0.060744263,0.06390691,0.01448866,0.0051673576,-0.048017584,0.02745959,0.0037734546,0.07665977,-0.12017869,-0.06036392,0.010127068,0.005104441,0.0147698745,-0.10907755,-0.027974587,0.21125072,0.014673643,0.06399917,0.18938413,0.0226776,0.13702916,-0.10642191,-0.06487951,0.030993767,0.13330173,0.042535424,0.023027968,0.09436989,-0.06615953,0.057848603,-0.060621142,-0.116710514,0.070142105,0.044761356,0.005275015,0.06699005,-0.11655823,0.1492783,-0.14117673,0.16268077,0.07881373,0.08911067,0.048325293,-0.048138518,0.1108996,-0.0074402047,0.18556014,-0.018104287,0.06536807,0.17691301,-0.013537437,0.09262386,0.07884425,-0.16558571,-0.04755822,-0.085691236,0.07126236,-0.41068828,0.12818596,0.059506856,0.06709352,-0.03572553,0.05579967,-0.13571191,0.039248377,0.023623683,0.14944538,0.11265076,0.06310043,-0.15602426,-0.029321715,0.11890064,0.18816018,-0.042358823,0.1331612,0.019625876,-0.09463907,0.24007034,-0.014030427,-0.04576143,0.07098214,0.062465493,0.09910797,-0.04724324,-0.12200607,0.1272227,-0.080780335,0.13329571,-0.030458823,0.08113885,-0.07984286,-0.15534814,-0.053241204,-0.0041588396,0.17927605,0.03741668
LUNG1-354,0.018048763,0.024095217,-0.05321809,0.08448632,0.11240819,-0.078942865,-0.013324484,-0.22522613,0.05575372,0.13388124,0.06479643,0.044230387,-0.072732374,0.0082257055,-0.02747605,-0.053541325,-0.06383786,-0.0637624,0.12211699,-0.07786729,-0.058426395,0.12988722,0.18293628,0.06924899,0.038052313,0.05769359,-0.15038325,-0.042799577,-0.022040918,0.14776966,-0.007625164,-0.13601884,0.0451914,0.14259815,0.015913267,0.038166754,0.035482805,0.13397777,0.092867054,0.0473006,-0.19429407,0.048387222,0.036209762,0.08790769,-0.0039003287,-0.14308615,-0.03133205,0.08864886,0.046325766,0.021271449,0.08914302,-0.022557117,0.07140143,-0.05241438,-0.083720654,0.05179982,0.14815095,0.004945334,0.046022918,0.06038676,-0.21919504,0.004910581,-0.07909678,-0.09140613,0.086221986,-0.08694495,0.008960865,0.13063806,-0.091291904,0.1325179,-0.10231729,0.19894004,0.134107,0.03289347,0.12739292,-0.106895804,-0.021130282,6.387895e-05,-0.03068788,0.03578554,-0.019449428,0.088180274,-0.016854323,0.06455212,0.12165076,-0.07528159,-0.12818345,-0.045418035,0.09262742,-0.13919947,-0.0027169734,-0.07022615,-0.013242111,-0.056882177,-0.06551013,-0.03127426,0.080886066,-0.023857033,0.037365414,0.108677946,0.06749079,-0.16951585,0.00092190504,0.09100883,0.15351823,-0.02326061,0.07724703,-0.06217019,-0.100091666,0.16155475,-0.030722428,-0.1559127,-0.04768823,0.07865504,0.10470316,-0.18800934,-0.1155121,0.00033017248,0.10997686,0.0853458,0.12994415,0.030490324,-0.0738349,-0.045362335,-0.06605357,0.033500154,0.15074798,0.023912035
LUNG1-355,0.07259116,0.006361438,-0.052043896,0.0069292225,0.09757131,-0.06600435,-0.022067204,-0.1291932,-0.004700441,0.0052544326,0.052960396,-0.023665193,-0.17457673,-0.007328633,-0.124361455,-0.024103774,0.08842195,-0.11405602,-0.0024837554,-0.19602184,-0.118574485,0.035240367,0.13233353,-0.0006899033,0.03317275,0.12612373,-0.09442395,-0.04475729,-0.069356665,0.014265684,0.0011607148,-0.006593801,0.047704548,0.10226755,0.011694092,-0.01853232,-0.16125493,-0.007859677,0.08152886,0.028124101,-0.023003362,-0.034868658,0.04653453,0.05366973,0.08130697,-0.0021819891,0.00084905885,0.11646214,-0.08707583,0.00212311,-0.017564967,0.037528306,0.013734728,-0.040862978,-0.021493187,-0.017038688,0.13252068,-0.0039415024,0.07063061,0.13928647,-0.04528261,0.032360073,-0.19015056,-0.1081087,-0.011860257,-0.0319886,0.017495938,0.12283193,-0.13619947,0.08775695,-0.15064533,0.18641615,0.11010435,0.061669223,0.13139848,0.025234856,0.027704332,0.019646011,0.07809991,0.097086295,0.047345914,0.062338896,-0.07487474,-0.021203391,0.11153051,-0.13849032,-0.12416907,-0.079314,0.06580394,-0.12809953,0.14853743,0.055614315,0.10071639,-0.071706556,-0.0055627786,-0.098296545,0.023915794,-0.00081630424,0.03666458,0.08441445,0.030924594,-0.12528695,0.09998639,0.04420149,0.06390007,-0.041996643,-0.036077447,-0.101689085,-0.13600615,0.09223267,-0.060345225,-0.11268062,-0.037293933,0.20568901,0.046760112,-0.20901334,-0.037809923,0.103507794,0.027426964,0.09495719,0.028127454,-0.084358916,-0.052939177,-0.08636466,-0.041540574,0.015634857,0.081457496,-0.08517133
LUNG1-356,0.08174639,0.03714597,-0.09023256,-0.04645487,0.06029182,-0.056074142,-0.08244719,-0.18797252,0.0325455,0.054743,0.02524722,-0.058447257,-0.14403892,-0.090730466,-0.1523113,0.04104876,0.05889888,-0.14907981,0.05730273,-0.15621907,-0.16688819,0.029344555,0.10520044,-0.05944007,0.043310232,0.087345965,-0.14572419,-0.048139535,-0.056190994,0.07607365,0.021861378,-0.039715372,0.066570096,0.045312855,-0.03947158,-0.018170193,-0.11470875,0.003209332,0.03806298,0.0070089335,-0.07145028,0.017245792,0.05506754,0.097020715,0.07924232,-0.015809275,-0.0063262973,0.1650436,-0.076819666,0.057965405,-0.044885308,0.009201266,0.08540162,-0.091543205,-0.02110318,-0.04850959,0.13131051,0.008784976,0.05153757,0.12107161,-0.09350434,0.018215116,-0.19321702,-0.14068255,0.07397691,0.0081446,0.022790084,0.19320926,-0.08343792,0.13182867,-0.15076551,0.26435888,0.064743996,0.11939064,0.13582647,-0.01704099,0.0046226466,-0.005264449,0.11038255,0.112746894,0.03528343,0.12866557,-0.0055510625,-0.017714664,0.071030736,-0.13927299,-0.13962045,-0.04556267,0.09061689,-0.18534368,0.106885225,0.0267285,0.061456706,-0.10530293,-0.030286767,-0.14628953,0.018524747,-0.009727978,0.018733004,0.025127146,-0.010038062,-0.14116555,0.07723495,0.05915948,0.022326075,-0.03813796,-0.048040867,-0.03537692,-0.12512183,0.0761497,-0.056910813,-0.06089128,-0.048932105,0.1703915,0.005319044,-0.13709046,-0.03592964,0.07001923,0.07102041,0.039541088,-0.008585289,-0.0381236,-0.09322731,-0.09398531,-0.035944786,-0.007717125,0.04612381,-0.12264231
LUNG1-357,-0.012770389,-0.11667714,0.026561942,0.021606456,0.11320616,-0.09337719,-0.054549225,-0.1098063,0.09177349,0.17806011,0.19816852,0.08265987,-0.33530584,-0.093959756,-0.115668386,0.029826662,-0.11683042,-0.05059702,0.034780975,-0.027528752,-0.023755265,0.1778056,0.13948119,0.032405436,0.059763614,0.115602165,0.016673472,-0.09790387,-0.026944153,0.10065096,0.09632177,-0.1327371,0.12941796,-0.004001297,-0.0064028352,-0.08868074,0.06996414,0.017087877,-0.050102618,0.08260309,-0.068707705,-0.061139964,-0.0059048124,-0.01751753,-0.024465054,-0.18944344,-0.0363083,0.29521838,-0.033633072,0.041320793,0.22185943,0.009011231,0.12619391,-0.12454308,-0.03556424,0.050764896,0.10864728,0.027620189,0.042337973,0.11076379,-0.1374157,0.00027306378,-0.056810398,-0.13183618,0.04308374,-0.009147443,-0.028387383,0.09284949,-0.08629333,0.14305058,-0.20488824,0.23282793,0.055978928,0.03686452,0.0896446,-0.07356273,0.09085697,-0.014276411,0.18111172,-0.03995107,0.019511405,0.22233467,-0.042889748,0.122086436,0.13417985,-0.19250037,-0.020784777,-0.045270346,0.06493036,-0.37864736,0.21197891,0.05982565,0.11821426,-0.055707265,0.039728314,-0.19301492,0.02644021,0.05808208,0.12643212,0.102706656,0.07727546,-0.107933246,-0.10531556,0.10938595,0.18423694,-0.03091741,0.18633083,-0.01435538,-0.09426117,0.31097054,-0.04553099,-0.12929189,0.04600817,0.15464309,0.06835008,-0.051724285,-0.2037367,0.016644306,-0.10081409,0.17657574,0.06245903,0.08309449,-0.11827329,-0.20453869,-0.071964815,-0.05410426,0.23140302,0.07004983
LUNG1-358,0.056693703,0.0524458,-0.1221071,-0.034051605,0.08079699,-0.09303807,-0.069465525,-0.2122189,-0.018237062,0.101529896,0.062973544,-0.040583897,-0.11164582,-0.025319852,-0.12883626,0.016243832,0.08849768,-0.10266328,0.03267969,-0.15530051,-0.14314674,0.041411914,0.14170814,-0.042541116,0.023998823,0.10869871,-0.2009458,-0.046325088,-0.056709617,0.07943842,-0.017858619,-0.06591682,0.06914035,0.08737012,-0.0755754,-0.076053135,-0.0889827,-0.0024614688,0.093080625,-0.014995009,-0.04400815,0.0335216,0.060728393,0.09397963,0.042922124,-0.0068327235,0.039285176,0.14867815,-0.10092414,0.07134943,-0.022210218,0.009287186,0.080159634,-0.08451872,-0.033457786,-0.019943133,0.14680848,-0.00714273,0.06568679,0.16007924,-0.12535957,-0.040381163,-0.20084563,-0.12748855,0.00607061,-0.057085626,-0.0024532229,0.23851684,-0.10604424,0.15640423,-0.1609176,0.25724092,0.07366793,0.08635385,0.20148715,-0.032161277,-0.03304482,0.0044063926,0.05160654,0.11349979,0.012191635,0.12630555,-0.036269743,-0.029115431,0.09760775,-0.08798313,-0.15700747,-0.05105863,0.078998104,-0.086459816,0.103102535,0.01629673,0.062328953,-0.10828619,-0.060917825,-0.13175231,0.046678413,0.022519283,-0.0034177955,0.06792505,-0.009573233,-0.1075432,0.080126226,0.023664325,0.043597206,-0.062670946,0.010599472,-0.08456388,-0.09325494,0.0651113,-0.122525126,-0.0775335,-0.06433613,0.15280956,0.01956134,-0.23039138,-0.035851866,0.035234064,0.047829583,0.05881935,0.089725696,-0.11693996,-0.035730526,-0.0644509,-0.031751413,-0.011725314,0.08236411,-0.13290474
LUNG1-359,0.037009135,0.024468455,-0.102920905,0.004892066,0.052165203,-0.046519797,-0.08268129,-0.1882006,-0.02845493,0.109607294,0.061134364,-0.018224679,-0.1300411,-0.0019492246,-0.10712899,0.0036334333,0.056618787,-0.114399314,0.038385063,-0.17438352,-0.1351342,0.059571132,0.13863571,-0.0633734,0.05675094,0.09870787,-0.12737799,-0.049817942,-0.09114888,0.011366123,-0.014156185,-0.039988242,0.0471788,0.078606434,-0.09466006,-0.099413164,-0.067082554,0.0064075813,0.058596373,-0.0023164786,-0.03330589,0.022040315,0.014451116,0.055024073,-0.0007028654,-0.019028828,-0.00825456,0.16220877,-0.088796124,0.0757411,0.004315771,0.020748513,0.0659139,-0.061832592,-0.042012163,-0.033220105,0.11971487,-0.041410834,0.036850635,0.09611463,-0.122447364,-0.010295056,-0.18347596,-0.1532871,0.01164926,-0.00705475,-0.023757122,0.20442733,-0.08996488,0.12160839,-0.15663095,0.25274178,0.02969182,0.0618065,0.124182604,0.007640861,-0.014643112,0.023533061,0.043009207,0.12820807,0.017411064,0.10659651,-0.049288243,0.04131408,0.13019872,-0.07560368,-0.13647655,-0.026516147,0.078510985,-0.06115944,0.11988865,0.011071984,0.0546057,-0.17934789,-0.047678255,-0.13232228,0.07015466,-0.029603627,0.0139309345,0.08582165,-0.009203685,-0.076745376,0.048343893,0.04405395,0.07386035,-0.019435253,-0.019734107,-0.09145142,-0.032710254,0.11404702,-0.15776092,-0.14206494,-0.033374377,0.19152033,-0.040146895,-0.20574987,-0.085968174,0.02220476,0.03780359,0.06608431,0.09291136,-0.06669959,-0.059991367,-0.09501385,-0.06575798,-0.00054923445,0.065138325,-0.12882924
LUNG1-360,-0.053767934,-0.09935846,0.034645315,0.07008466,0.07517754,-0.08304922,-0.009617344,-0.13019437,0.037006266,0.10162234,0.08578527,0.06372923,-0.20149581,0.008969571,-0.07530038,0.077201225,-0.035886046,0.03169541,0.017214436,-0.0728207,-0.028095765,0.05011581,0.1128223,0.0440249,0.079483345,0.031274118,-0.03224635,-0.07598182,-0.027653005,0.049217585,0.06651837,-0.13151911,0.10631747,0.05568626,0.012892354,-0.00402122,0.038937297,0.057049133,-0.027383037,0.016142623,-0.037893485,-0.022900036,0.0070078485,-0.03291629,-0.0517636,-0.08401402,-0.02456395,0.1834819,-0.05963111,0.028389819,0.15756327,0.011713013,0.13811955,-0.022421796,-0.08301625,-0.0106312595,0.098700926,-0.0046494342,-0.049518563,0.12421582,-0.120120354,0.024000606,-0.042089418,-0.11454022,0.029844075,0.020136228,0.034451798,0.04446629,-0.07132967,0.087989524,-0.1693049,0.16259481,0.006004989,0.039756704,0.09517981,-0.06890029,0.091106124,0.024495382,0.06538177,-0.0003646128,0.103309914,0.08187124,-0.08810294,0.1316751,0.053094223,-0.092213266,-0.00966762,-0.10021011,0.07878316,-0.26313502,0.115428515,-0.01024948,0.110102385,-0.080808386,0.037572037,-0.08550865,0.02981922,0.058673292,0.08202973,0.0973158,0.044488065,-0.102525085,-0.003617026,0.083640054,0.123624496,-0.04240343,0.16362229,-0.010823969,-0.03694021,0.22526193,-0.10190587,-0.10803039,0.051082544,0.118508264,0.038077295,-0.02606257,-0.13698104,0.08511404,-0.019414913,0.1147095,0.040175144,0.0104795545,-0.075493105,-0.14094098,-0.08141025,0.037242554,0.19569024,-0.03406392
LUNG1-361,0.059214942,0.049049407,-0.11025618,-0.018629551,0.09836386,-0.09151033,-0.13270718,-0.25091025,0.007825597,0.16810554,0.02164983,-0.024633933,-0.17030054,-0.04977619,-0.116339035,0.031890593,0.05285261,-0.10008645,0.056011118,-0.17110562,-0.12934472,0.07257405,0.17207456,-0.054700054,0.023053069,0.07410044,-0.19291408,-0.10179145,-0.08883881,0.07973087,-0.098001845,-0.08829631,0.12926316,0.11538939,-0.08176224,-0.09536833,-0.061404515,0.011502545,0.04623516,-0.0055541378,-0.08469432,0.07551161,-0.009122625,0.09466404,0.05487396,-0.0855839,0.024308512,0.16024736,-0.066070065,0.07745217,0.012064386,0.026496975,0.11553171,-0.066745974,-0.029122073,0.01262711,0.16059592,-0.01826594,0.011026911,0.13764022,-0.17661828,0.0044102333,-0.1611877,-0.10321005,0.06279217,0.008144317,0.0036012046,0.23821944,-0.09798908,0.1705319,-0.092091106,0.30104947,0.06116509,0.11925767,0.1410008,-0.07386348,-0.062143505,-0.015953172,0.042391572,0.08294472,0.02129456,0.11241962,-0.026692096,0.018643573,0.105878346,-0.11545977,-0.12801293,-0.01007343,0.050397445,-0.11239698,0.06773141,0.039462294,0.0058235005,-0.15366623,-0.10317531,-0.0937099,0.10434813,-0.017731974,0.004503444,0.08818139,-0.0005925321,-0.11333733,0.042297028,0.03997066,0.08264765,-0.101582855,0.0061789565,-0.037037097,-0.06378428,0.0971883,-0.13776903,-0.06336906,-0.051952973,0.16631055,-0.011134408,-0.15518339,-0.0774045,0.020562228,0.036603425,0.0026452541,0.080444776,-0.024096128,-0.046928518,-0.08916866,-0.014583871,0.0067201667,0.05769369,-0.13818568
LUNG1-362,0.021385994,0.0502221,-0.08228523,0.059291713,0.11585985,-0.10000787,-0.030258045,-0.25008604,-0.013621002,0.20263463,0.0860652,0.036321394,-0.14067914,-0.010345668,-0.041427564,-0.003126532,0.058847196,-0.06829753,0.004665153,-0.11252084,-0.086107165,0.07111356,0.18556711,0.045235746,0.055201687,0.030061366,-0.07883491,-0.10465179,-0.06363909,0.09793232,-0.055933487,-0.1023673,0.14723513,0.11452432,-0.001715906,-0.03180638,-0.007134985,0.039374355,-0.016157376,-0.0009787269,-0.2086832,0.01997538,-0.026360305,0.0758826,-0.01564195,-0.11636131,0.021801114,0.13931233,-0.10355821,0.12559086,0.024654776,0.04101757,0.1323607,-0.062962264,-0.015325181,0.022876263,0.09061664,-0.0230805,-0.0048583746,0.14628182,-0.131221,0.024984961,-0.055424936,-0.14948198,0.065707505,-0.052119203,-0.021965653,0.1863696,-0.09654325,0.17031664,-0.09412664,0.22880206,0.044022117,0.11820988,0.08771457,-0.12939732,-0.06882976,-0.054399613,0.027837066,0.048759073,0.005354956,0.09471044,0.033734538,0.039806485,0.084081605,-0.10880996,-0.11994791,-0.010682479,0.05349037,-0.16611919,0.04758711,0.0069525857,0.07018488,-0.1287431,-0.025305614,-0.074685454,0.02238778,-0.04936684,0.030808548,0.046111263,0.041604046,-0.10922103,-0.042747058,0.036067396,0.11170783,-0.11814373,0.034021452,-0.01696783,-0.11445445,9.390712e-05,-0.12450876,-0.045587078,-0.017849628,0.14459103,0.004986828,-0.1331912,-0.075037554,0.08165669,0.005701158,0.012159653,0.017536325,0.03099133,-0.09772232,-0.06361298,-0.01916068,0.06641701,0.056832664,-0.11071504
LUNG1-363,0.00062651746,0.035029076,-0.019351821,-0.0018472373,0.053071983,-0.042771775,0.023525923,-0.13997737,0.08363138,0.065074176,0.07752086,-0.038982593,-0.14644709,-0.0013311766,-0.07173469,-0.026091564,-0.017479263,-0.038663637,0.024802128,-0.13012621,-0.089333564,0.0299985,0.086176775,0.00018698722,0.05834704,0.047090463,-0.06603842,0.008533727,-0.053695843,0.026483849,0.025964022,-0.060904425,0.06117444,0.06928427,0.0046760775,-0.042321943,-0.04423058,0.022783045,0.0016765706,0.012010671,-0.0782287,-0.011691641,-0.003097795,0.01995118,-0.014539254,-0.030650381,0.020179255,0.15053898,-0.096283376,0.052087754,0.05964654,0.019963697,0.0750867,-0.117382824,-0.0368282,-0.01504774,0.09732619,-0.04720763,-0.021858444,0.14517157,-0.060551163,0.015276708,-0.05304965,-0.10555589,0.017036475,0.044155646,-0.030677997,0.066691555,-0.073817454,0.12962589,-0.09244586,0.20251542,0.016266964,0.09628667,0.07047676,-0.093297236,0.024920002,0.016266037,0.059394766,0.027875349,0.081226505,0.056906845,-0.06406052,0.03746681,0.09242532,-0.08521029,-0.06473925,-0.042622674,0.1072428,-0.14407337,0.1186813,0.04713785,0.09143992,-0.14312899,0.031223077,-0.08306775,-0.027558412,-0.03703312,0.008501762,0.06359839,-0.033425007,-0.05038213,0.04404354,0.10006445,0.08653224,-0.0004683789,0.047241524,-0.0784246,-0.081201516,0.07547698,-0.11158892,-0.10652177,0.0072516724,0.13171092,0.005830776,-0.08927995,-0.05905003,0.05460579,0.02903977,0.07944425,0.051859442,-0.050135203,-0.042481154,-0.13202177,-0.052446306,0.034722213,0.057942882,-0.107244164
LUNG1-364,0.0030962974,0.036687624,-0.07741828,-0.016563378,0.0932181,-0.04948026,-0.025129981,-0.2147648,0.055850245,0.057015657,0.061484978,-0.034628958,-0.13935897,-0.03981705,-0.09953457,-5.2465824e-05,0.0413199,-0.08148743,0.07451558,-0.14391372,-0.090045795,0.070159316,0.1398029,-0.022702284,0.018265475,0.11502731,-0.16306551,-0.019461364,-0.03358815,0.056108557,-0.029503828,-0.047044728,0.09582457,0.10549608,-0.051857293,-0.08403946,-0.06614636,0.042812876,0.06692558,-0.021398965,-0.049748622,0.023483962,0.040142156,0.09936856,0.06870566,-0.03950363,0.059315182,0.121627524,-0.07394429,0.029070936,-0.030843653,-0.00047110394,0.066377535,-0.0567832,-0.01499263,-0.017200824,0.14343092,0.008611366,0.01761106,0.15060304,-0.0989441,-0.04153,-0.15192439,-0.07987018,0.016757648,0.02259796,0.0129985735,0.17074111,-0.09973754,0.15716644,-0.12753487,0.22716108,0.059263986,0.08973326,0.15576789,-0.104084656,-0.0073491,-0.011531895,0.052502707,0.05030848,0.030459192,0.047934733,-0.077962525,-0.0018264055,0.08093652,-0.08110108,-0.09650941,-0.03147573,0.08956777,-0.09610829,0.078015104,0.006310027,0.036580566,-0.117471725,-0.0019343998,-0.05096156,0.018504087,0.0027953526,0.008830148,0.08352078,-0.02158287,-0.06449434,0.07353766,0.06110637,0.0635743,-0.0502003,0.02675528,-0.0819347,-0.08633413,0.081453666,-0.10460637,-0.05092985,-0.033013098,0.14295179,0.002646029,-0.10963343,-0.018455435,0.051441304,0.0640658,0.08463895,0.0470404,-0.112207755,0.003703544,-0.10927257,-0.04465171,0.010753762,0.065225974,-0.1401833
LUNG1-365,0.008366423,0.038987465,-0.08498062,-0.04634753,0.05118502,-0.039548207,-0.04419452,-0.19298351,0.008458539,0.09664314,0.0131843835,-0.028835677,-0.13320412,0.004678279,-0.06249796,0.007414428,0.03309983,-0.03452516,-0.018759593,-0.1134395,-0.14461675,0.08791843,0.15498652,-0.042701572,-0.0007788837,0.103887394,-0.13732165,0.034950394,-0.049607895,0.0210343,-0.019842776,-0.07125566,0.08494023,0.13565587,-0.04090054,-0.009028599,-0.106181026,0.018122293,0.035149503,0.0043791886,-0.08851905,-0.0036899224,-0.021885842,0.046080872,0.054573245,-0.040527053,0.010087287,0.11604789,-0.06960745,0.046419106,0.009597335,0.039011296,0.08396922,-0.045288138,0.018976029,-0.073252626,0.0743496,-0.022629028,-0.029705307,0.15680486,-0.0669916,0.01787466,-0.10595275,-0.12041071,0.049970575,0.07308553,0.04386873,0.16770318,-0.06324307,0.15968981,-0.08620517,0.18505895,0.041087497,0.08004771,0.103142716,-0.08803454,-0.04718217,0.015529454,0.041494522,0.029901467,0.025689851,0.033596523,-0.05270238,0.039600242,0.06816544,-0.06830091,-0.1436765,-0.06190347,0.10451995,-0.14451757,0.13478644,-0.037279136,0.053235177,-0.13625959,-0.034642242,-0.09983641,0.04249804,0.014499342,-0.054824814,0.056349754,0.0009757811,-0.09096718,0.06649132,0.0051797032,0.087989,-0.032859337,0.0009550005,-0.07352102,-0.022654463,0.06580639,-0.12846595,-0.06986366,0.016673269,0.114723265,0.048704356,-0.10472293,-0.03146232,0.05705393,0.04732383,0.053202473,0.07658238,-0.0610523,-0.057845864,-0.058559608,0.007948417,0.0657912,0.12860596,-0.15741801
LUNG1-366,-0.008916481,0.05922836,-0.059586942,-0.0017760918,0.05089026,-0.017168064,-0.00077429414,-0.18123695,0.009149112,0.09597756,0.05014451,-0.010070428,-0.12735479,0.058474597,-0.024896689,-0.048230592,0.018439183,-0.027569972,0.016453238,-0.10195091,-0.13312067,0.07870484,0.16310564,-0.03179646,0.0103498325,0.09003121,-0.11243898,0.03728394,-0.021570403,0.017743362,-0.008012661,-0.052078813,0.038913067,0.14166147,-0.041898336,-0.01796829,-0.11000014,0.050490044,0.05720263,-0.005534051,-0.074840054,-0.04749372,-0.017519573,0.034197226,0.02119292,-0.043722466,-0.016770774,0.058458567,-0.027544744,0.08571566,-0.000415802,0.027956633,0.03146591,-0.07160568,-0.015280126,-0.056846492,0.07130994,-0.048880942,0.044317227,0.13386174,-0.036845855,0.01923746,-0.13872044,-0.12139785,0.013221951,0.076528236,0.0032552816,0.11209998,-0.07486689,0.13774568,-0.09480754,0.17341813,0.060920175,0.043582894,0.09213583,-0.105132714,-0.019051008,0.04042274,0.019882632,0.038493186,0.018298436,0.011969462,-0.051116746,0.0595643,0.073654115,-0.047949582,-0.14814132,-0.054390486,0.11837919,-0.10657514,0.109750286,-0.037083037,0.04938311,-0.1510168,0.0007330645,-0.06452627,0.05459375,-0.040047906,-0.0048855394,0.08603677,0.014929937,-0.07618642,0.06630601,0.01546368,0.10758262,0.02608832,0.016918391,-0.09020837,-0.029766206,0.072579905,-0.13430713,-0.09756241,-7.8246e-05,0.14279728,0.035234414,-0.14891227,-0.061503366,0.078665815,0.040754896,0.06559508,0.07344377,-0.07257379,-0.026700642,-0.07110503,-0.020606117,0.03361906,0.099700406,-0.12799825
LUNG1-367,-0.0089566605,0.06903988,0.07537,-0.06335757,0.046134695,-0.09528296,0.03956642,-0.08719867,0.18839242,0.106446706,0.101943016,0.08600193,-0.15827315,-0.07069371,-0.027130969,-0.045799892,-0.02979497,-0.098586574,0.1271505,-0.08141138,0.045703623,0.065189585,0.04052156,0.06531994,0.07369567,0.13768621,-0.037418496,-0.14511752,0.020215273,0.08154088,0.024779487,-0.032823328,0.09330919,0.06261813,0.061966926,-0.02094584,0.12918547,0.07187815,0.067879416,-0.053207904,-0.055733144,0.040571027,-0.04780377,0.051816687,-0.025561912,-0.050975334,-0.066331446,0.22745493,-0.0006850958,0.13132942,0.064836755,0.07472944,0.14297314,-0.123579405,-0.10240705,0.004667841,0.12884624,-0.028430196,0.016914483,0.082572095,-0.10470817,-0.027911477,-0.02057207,-0.13158679,0.043478105,0.03476068,-0.002791129,0.062104218,-0.20314384,0.19715384,-0.07160112,0.14006136,0.037210945,0.030008812,0.027064336,-0.18114004,0.106546216,0.03730125,0.032868516,-0.07199695,0.09615302,0.20555213,-0.042969216,0.15162571,0.11964305,-0.18484636,0.054858968,-0.093750045,0.06615091,-0.18420634,0.028465725,0.103625305,0.04265327,-0.09366584,0.056665227,-0.06069072,0.02111569,-0.0575176,0.15007688,0.09265006,-0.10410066,-0.009941112,-0.068554364,0.100425504,0.09418529,0.072307095,0.08203253,-0.025319207,-0.22811101,0.16593167,0.012466475,-0.06411777,0.012801226,0.20327699,-0.043195747,0.017238796,-0.100103386,0.15111178,0.11432888,0.10670999,-0.0042752847,0.0033426806,-0.09842536,-0.0010867994,-0.06998382,0.010101959,0.04527141,-0.03406322
LUNG1-368,0.020165998,0.048029758,-0.06316664,0.018258177,0.06331215,-0.04300285,-0.01856222,-0.15680012,0.019058065,0.114295036,0.06283429,-0.04004515,-0.12948531,0.0047626123,-0.08666846,-0.017021015,0.0058716135,-0.04903111,0.027868986,-0.13286027,-0.11345102,0.040387187,0.12864679,-0.019387394,0.036682833,0.08435682,-0.11287141,-0.011049941,-0.0727358,0.04893654,-0.025884276,-0.04734531,0.05516547,0.10158184,-0.064183414,-0.032352656,-0.08018385,0.013381034,0.027865168,-0.0058038514,-0.05698617,-0.0021706335,0.010295816,0.027658701,0.005245464,-0.011232816,0.0061288374,0.1095669,-0.06730259,0.06938574,0.01821109,0.0015846565,0.06089428,-0.08404548,-0.053465437,-0.02191465,0.09540902,-0.037252214,0.005692374,0.13232298,-0.05118571,0.005703127,-0.13403246,-0.11349026,0.016039845,0.029126018,-0.021491371,0.13431986,-0.09501624,0.12243336,-0.10134417,0.21095195,0.032686245,0.06650319,0.11241758,-0.07642519,0.0023123343,0.019122167,0.028067619,0.045149527,0.05388239,0.07026422,-0.057255365,0.058659185,0.07576744,-0.06886727,-0.103064194,-0.034161165,0.07882293,-0.09895645,0.08196141,0.017823271,0.06430186,-0.11148024,-0.028726857,-0.08191174,0.04105101,-0.05872587,0.036726166,0.0731756,0.0012145923,-0.069719195,0.036856864,0.051541924,0.07500702,-0.0086627565,0.032477412,-0.07667362,-0.07952423,0.07868023,-0.11543647,-0.089671865,-0.0024718158,0.14698651,0.0032711308,-0.14602461,-0.07232194,0.03274659,0.022022586,0.06877934,0.05712267,-0.074676834,-0.029044334,-0.08793539,-0.064729646,0.023266621,0.0546516,-0.112670906
LUNG1-369,-0.011282351,0.06430584,-0.12928522,-0.070079036,0.1187966,-0.027101872,-0.04026317,-0.19820413,0.0015734844,0.16051215,0.023611452,-0.015722848,-0.1219166,0.04859639,-0.09266079,0.032636207,0.058678515,-0.008935044,0.064658955,-0.106619224,-0.092765704,0.08389163,0.14693007,-0.022269879,0.0517234,0.09178967,-0.19813885,-0.061324947,-0.03911566,0.011008751,-0.013032564,-0.028349768,0.1270758,0.11665855,-0.06328155,-0.09347779,0.0017555729,-0.0025235992,0.06217549,-0.03560297,-0.080648065,0.042041488,0.016998135,0.098062776,-0.04669623,-0.009818351,0.015941711,0.14052758,-0.118719,0.04654242,-0.026295863,-0.012030229,0.11331023,-0.053279575,-0.07852515,-0.042084016,0.14775911,-0.020607201,-0.03644794,0.13253123,-0.085696764,-0.011534989,-0.097318,-0.0977353,0.05913698,0.04210405,0.024988353,0.22929311,-0.07356142,0.18494463,-0.14039762,0.19392304,0.039864052,0.10290337,0.14853181,-0.118387915,-0.06304457,0.041223302,-0.048368122,0.09528373,0.029629767,0.06691638,-0.0624239,0.08565116,0.066578455,-0.07193215,-0.13370426,-0.029817369,0.1043069,-0.10520962,0.09131109,-0.015894767,0.06733029,-0.124377,0.026810665,-0.08333625,-0.016165918,-0.021004127,0.055311825,0.09568818,-0.05294835,-0.012561351,0.032084692,-0.0015168488,0.04905165,-0.06800079,0.046744436,-0.08912046,-0.09451498,0.09598619,-0.14893746,-0.004936088,-0.00422363,0.09862413,-0.042996973,-0.12374275,-0.02330595,0.00679864,0.10726635,0.074724644,0.058895495,-0.101854526,-0.0024330374,-0.0364187,-0.03764606,0.02365882,0.03623437,-0.15344879
LUNG1-370,0.023241058,0.043809935,0.009662751,-0.046321146,0.08983936,-0.04708174,0.005552754,-0.11726452,0.09527716,0.14074335,0.09759987,0.016705334,-0.14231074,0.006878745,-0.07406727,-0.09216183,-0.06469106,-0.040890176,0.06359577,-0.081415735,-0.04469827,0.098937765,0.13599914,0.039077144,0.058198236,0.11469287,-0.1064841,-0.02131264,-0.032571852,0.07333596,-0.021800539,-0.029288035,0.064368844,0.12465763,-0.018924303,-0.03648351,-0.03675409,0.032124143,0.060029663,-0.010113711,-0.083743654,-0.013797086,0.0072884746,-0.004209889,0.022449765,-0.025635926,-0.013850618,0.13192694,-0.056814432,0.095466904,0.025745764,0.026615057,0.06864141,-0.12915942,-0.08607645,0.017936163,0.10011018,-0.048218306,0.03340077,0.104825266,-0.035824485,0.0026996732,-0.107089706,-0.10189117,0.015331261,0.04957367,-0.02954287,0.08585417,-0.16231465,0.19509035,-0.04630218,0.17148551,0.02819636,0.11520424,0.0708728,-0.14404802,0.056543753,0.031878106,0.049689233,0.010889608,0.04714709,0.09299868,-0.06284137,0.10399534,0.124819234,-0.10484132,-0.039881457,-0.0415502,0.0386579,-0.10181921,0.08174192,0.0795797,0.039961953,-0.07015455,-0.034286108,-0.08601122,0.016022539,-0.07834398,0.09546105,0.1349235,-0.04890555,-0.06600205,0.002674725,0.06369676,0.103510596,-0.004775498,0.022478007,-0.07822677,-0.13309866,0.085654154,-0.03576366,-0.08522629,0.02741791,0.13330118,-0.01844927,-0.11219448,-0.10842422,0.08761367,0.04946752,0.05679981,0.09214618,-0.039329037,-0.018438682,-0.04772321,-0.06539197,0.022365347,0.044642553,-0.06935462
LUNG1-371,0.054916486,0.10250774,-0.04702367,0.017487802,0.10944712,-0.12531208,-0.039969996,-0.23572898,0.0050224178,0.15195373,0.052640714,0.015676148,-0.17239982,-0.027681313,-0.03183246,-0.08891632,0.022257868,-0.042204726,0.016180592,-0.12304594,-0.09458871,0.093128994,0.17758164,-0.012132287,0.033575177,0.045218494,-0.12116672,-0.053906597,-0.0551937,0.09886526,-0.06247183,-0.077033564,0.095204115,0.16370866,0.003925152,-0.05167015,-0.045284275,0.031364128,0.0005059,-0.010774868,-0.14543393,-0.030615605,-0.047558714,-0.009729592,0.0034571812,-0.09980174,-0.0037428346,0.106930055,-0.027187187,0.09810715,0.052136306,0.036312968,0.08220065,-0.08789666,-0.018330187,0.1112064,0.076362714,-0.0031866208,0.039770994,0.16236313,-0.11616482,0.0635525,-0.12272555,-0.13031507,0.025380455,-0.012300674,-0.023432523,0.15021527,-0.090369746,0.15142834,-0.13386816,0.20895001,0.1041563,0.07267275,0.13010989,-0.11452019,-0.042083286,-0.032400094,0.056473188,0.039709218,0.014386419,0.041599017,-0.010115825,0.031498753,0.11994184,-0.12946948,-0.16981143,-0.014522211,0.0418023,-0.081529684,0.090008736,0.020889439,0.030342508,-0.15503731,-0.105287224,-0.043561466,0.071628146,-0.057791818,0.044851974,0.040345404,0.063258156,-0.13916045,0.024337914,0.06113218,0.101701155,-0.027708175,0.0561741,-0.062888235,-0.08636168,0.077157386,-0.13266729,-0.071957074,-0.016546257,0.19108227,0.03294921,-0.17981884,-0.08914593,0.04159075,0.03131353,0.03761524,0.07959063,-0.030001443,-0.019457713,-0.03431181,-0.020044848,0.023512911,0.11748636,-0.070357785
LUNG1-372,0.09007786,0.052802138,-0.16168068,-0.021378748,0.07920689,-0.08529532,-0.20207617,-0.27948844,-0.02882341,0.18666941,-0.022849318,0.011152945,-0.20893894,-0.034327164,-0.09974133,-0.032845337,0.07418341,-0.11628716,0.06352471,-0.15605447,-0.14691603,0.1372787,0.23446319,-0.068799466,0.04691716,0.05843384,-0.20119086,-0.12034338,-0.11723722,0.076680586,-0.09590913,-0.10012243,0.117293894,0.13241185,-0.087248966,-0.124027394,-0.061098337,0.01609002,0.014017969,0.004205765,-0.101107016,0.067645244,-0.03775504,0.08564084,0.033055317,-0.11233759,0.005142847,0.17557035,-0.064146385,0.06862751,0.037871763,0.021266881,0.10199964,-0.019280154,-0.025657406,0.045274332,0.12923649,0.003509581,0.031888228,0.11142382,-0.1977751,0.037782844,-0.2087595,-0.11814146,0.087566614,0.00747147,0.0038588122,0.2943732,-0.05898037,0.16235682,-0.116999745,0.28769857,0.08061883,0.07719441,0.17361929,-0.070985906,-0.07915354,-0.0076941038,0.06722309,0.08419366,-0.012135968,0.082950994,-0.015839688,0.03674019,0.13458294,-0.123697385,-0.17177647,-0.00049559213,0.064920865,-0.037817117,0.090308554,0.00013391674,-0.02879975,-0.23240665,-0.1593731,-0.101173304,0.11425916,-0.00998698,-0.006583279,0.10744894,0.024193542,-0.15227203,0.068914674,0.036711454,0.11004911,-0.09782099,-0.023558773,-0.06477474,-0.007923301,0.14007813,-0.18766049,-0.07674859,-0.05832582,0.2140181,-0.016510114,-0.2003377,-0.07354735,-0.03390941,0.03060073,-0.0037107058,0.14744896,-0.005236998,-0.021175342,-0.06577106,-0.009758826,-0.0018244535,0.07586298,-0.13195348
LUNG1-373,0.0066148136,0.07701221,-0.050080143,-0.0075016543,0.080311954,0.006238427,0.010352574,-0.12713702,0.056820203,0.055718828,0.04584901,-0.0728501,-0.13391063,-0.065125056,-0.10946499,-0.02195097,-0.0017463174,-0.091367155,0.08874279,-0.16280967,-0.101884186,0.064657815,0.061038423,-0.004262598,-0.005322121,0.11625075,-0.07979918,-0.036086164,-0.030941155,0.031224119,-0.022132058,0.0064941794,0.07284607,0.06505896,-0.08538481,-0.09325387,-0.05566044,-0.010090016,0.05396899,-0.04681378,-0.0589891,-0.032811467,0.017061636,0.025463615,0.010493703,0.026632715,-0.013505068,0.12647921,-0.08236279,0.0903102,-0.06776019,-0.015777506,0.03067277,-0.111200675,-0.06554556,-0.022102613,0.11188639,-0.0019451343,0.033007886,0.071184956,-0.008374141,0.004577063,-0.14871857,-0.14186472,-0.027845366,0.07829858,-0.04155033,0.14416674,-0.13161606,0.1335938,-0.095060214,0.20170534,0.05316321,0.071581885,0.079333484,-0.052561745,0.024500184,0.04473336,0.057458278,0.06162267,0.026462264,0.0851122,-0.0873839,0.096989974,0.09540854,-0.13357499,-0.094418325,-0.015070811,0.03248688,-0.099125594,0.10496169,0.032031022,0.07838709,-0.09702774,0.026322575,-0.08546843,0.020573642,-0.09112361,0.09192425,0.06828326,-0.000536263,-0.014555912,0.026518088,0.077825084,0.05715984,0.036883667,0.023979343,-0.07923301,-0.146571,0.108386666,-0.090201095,-0.07338548,-0.012572922,0.16761768,-0.07571176,-0.1042468,-0.054153368,0.07178165,0.05788023,0.12967005,-0.0066079833,-0.084305674,-0.013164602,-0.0771614,-0.101112746,0.0005248934,0.010192104,-0.12637609
LUNG1-374,-0.06066978,0.0029663872,-0.050685704,-0.02594424,0.022165481,0.025041707,-0.017521538,-0.15378416,-0.016258642,0.15362124,0.05106516,-0.011447474,-0.09284856,0.08261582,-0.10282695,0.04318133,-0.033337656,-0.016582452,0.072094776,-0.11733404,-0.09377523,0.06383693,0.09706938,-0.059327878,0.012990333,0.12316999,-0.13226323,-0.033855483,-0.028121136,0.010210237,-0.016619133,-0.06097475,0.07069949,0.10505378,-0.12116584,-0.111576,-0.06452447,0.024650076,0.08243905,-0.02258119,-0.08907958,-0.025059849,-0.043334905,0.012398977,-0.059355676,-0.028077563,-0.031828046,0.091125965,-0.091444805,0.119231254,0.013781492,0.028247597,0.10060024,-0.070129216,-0.05026594,-0.11471018,0.16561502,-0.1265024,-0.019603183,0.08472516,-0.07056664,-0.0012861267,-0.07246901,-0.122319944,-0.0056087514,0.041360356,-0.036748618,0.14734136,-0.09495318,0.15447035,-0.09008825,0.14405571,0.020701986,0.074665874,0.061350107,-0.060473785,0.009284159,0.09745255,-0.038175993,0.067956984,-0.0033260658,0.120978914,-0.06902397,0.10538238,0.10052286,-0.060158096,-0.05792377,-0.0019677617,0.08128151,-0.09270848,0.085118376,-0.018935233,0.09187324,-0.13161531,-0.021487027,-0.07947928,0.0382177,-0.00884122,0.05258266,0.13042986,-0.04803969,0.013726827,0.00836895,-0.013224348,0.105563894,-0.034511603,0.047549184,-0.049079582,-0.036987215,0.097232856,-0.15645845,-0.055647586,0.024431318,0.07815283,-0.02234799,-0.1079139,-0.0817793,0.054990932,0.05425313,0.07982655,0.07316305,-0.0448347,-0.050665118,-0.068615735,-0.098449714,0.035612408,0.030488502,-0.15339842
LUNG1-375,0.06702929,0.006792674,-0.063286096,0.021982063,0.11910312,-0.11578755,-0.06470362,-0.17233899,0.07894124,0.05086553,0.08665053,-0.031082407,-0.09223899,-0.010329701,-0.11928651,0.034884114,0.016048536,-0.09874298,0.047063753,-0.16013876,-0.13108937,0.006999057,0.12686187,0.014657715,0.06872942,0.060605876,-0.13732366,-0.04090061,-0.076491326,0.07128232,-0.017267922,-0.07500346,0.043122754,0.09772779,0.019713134,-0.038016453,-0.06780504,0.023810303,-0.0055298647,0.055696428,-0.14480953,0.070987865,0.029344827,0.12423653,0.020694744,-0.047166042,0.020212192,0.12108971,-0.13816947,0.042519677,0.070436254,0.003979057,0.110335946,-0.14103997,-0.017470865,-0.03093002,0.16663498,-0.017018158,-0.03126806,0.15350598,-0.11095915,-0.046026222,-0.030863386,-0.07958199,0.041625615,-0.04795534,0.008775242,0.20067465,-0.06622352,0.15576908,-0.09296356,0.26041958,0.060443174,0.17423436,0.12531435,-0.07023364,-0.025372915,-0.025475869,0.041992247,0.07582887,0.033604443,0.117812976,-0.0072014555,-0.05934272,0.08409759,-0.14433426,-0.11700913,-0.08352758,0.105745286,-0.14624397,0.09886599,0.028853733,0.08306764,-0.12062232,-0.017202452,-0.08133855,-0.020809207,-0.005855772,-0.042110555,0.06543727,-0.046504565,-0.09984972,0.038950413,0.06344056,0.066515766,-0.10348224,0.04444844,-0.019447442,-0.11788379,0.008362614,-0.05916845,-0.0889531,-0.008765772,0.13994156,0.05881498,-0.12112018,0.0052875057,0.039065015,0.021709986,0.08741109,0.07899235,-0.0593905,-0.072263926,-0.12157547,-0.052596077,-0.0008602515,0.08924755,-0.11948809
LUNG1-376,0.059891187,0.03925941,-0.009926515,-0.038295582,0.10210316,-0.09167967,-0.009136349,-0.1373082,0.045950443,0.098643996,0.09677304,-0.02506214,-0.1243899,0.079065636,-0.07444012,-0.020887678,0.01452451,-0.07126359,-0.021417357,-0.11219369,-0.14903598,0.07363429,0.15566762,0.03257242,0.051914576,0.11711062,-0.1313126,0.027944732,-0.07522872,0.072917506,-0.033992022,-0.06407881,0.044131007,0.12936254,0.0012050346,-0.0028918236,-0.07366026,0.021340942,0.058451936,0.059720185,-0.11365668,0.017936155,0.0017522909,0.01698313,0.03733124,-0.090080194,-0.0037372317,0.07419316,-0.07250836,0.07516248,0.063018575,0.009246588,0.059559055,-0.09104346,-0.011863779,-0.039240193,0.14037097,-0.07471758,0.029105779,0.17229772,-0.058765788,0.013992952,-0.08519471,-0.062567815,0.013063611,0.015733462,0.005398296,0.10630905,-0.0959454,0.12647262,-0.09162277,0.18154466,0.068748534,0.10922997,0.09690344,-0.10294473,-0.027072627,0.008049741,-0.0072067925,0.031957872,0.02699807,0.1032086,-0.047508862,-0.0033086315,0.06995434,-0.098754555,-0.12537156,-0.062159054,0.09364861,-0.09795996,0.12060111,0.056407794,0.090098225,-0.08129181,-0.035323232,-0.060716607,0.041049596,-0.014428105,0.02520482,0.09366977,-0.006392693,-0.11656062,0.059450693,-0.009618215,0.084949,-0.031985004,-0.0004799664,-0.06643294,-0.09233684,0.022001829,-0.07189706,-0.101700425,0.03203811,0.19212437,0.049105246,-0.18434317,-0.061922215,0.06244789,0.046476975,0.034506805,0.095582746,-0.052913696,-0.096124515,-0.07115732,-0.026130997,0.045382123,0.089479834,-0.06878495
LUNG1-377,-0.00058027357,0.0319927,-0.057007056,0.01886364,0.0903336,-0.05494991,-0.037985295,-0.21706966,0.0469767,0.095451474,0.06998527,0.0016590804,-0.1521501,-0.048369013,-0.086958334,-0.031881344,0.026850287,-0.08560248,0.06903711,-0.16485345,-0.058420733,0.051454574,0.117802344,-0.028851949,0.070173874,0.06514109,-0.09782461,-0.021239921,-0.070637226,0.061366096,-0.024951234,-0.059635468,0.08218819,0.06563065,-0.05833351,-0.10564562,-0.02733809,0.05631924,0.02455435,-0.003940886,-0.07132846,0.03032457,-0.007668283,0.06190195,0.011318717,-0.059197042,0.033787534,0.16560495,-0.07709931,0.044607464,0.024749454,0.041429594,0.091492556,-0.08236635,-0.031081658,0.042429246,0.11822059,0.017120421,0.016233291,0.13676013,-0.14791921,-0.019830395,-0.11845347,-0.10260145,0.042243484,-0.008385453,-0.02689518,0.14450383,-0.07443182,0.15513754,-0.119710624,0.23963252,0.043329168,0.09085254,0.11843455,-0.074545845,-0.00687504,0.0018827555,0.062741764,0.08349116,0.05642904,0.061073862,-0.060615875,0.025203295,0.111933865,-0.09068516,-0.05917805,-0.013439227,0.06476469,-0.10034867,0.08452053,0.056247257,0.054890424,-0.15904258,-0.018626466,-0.074898526,-0.007518209,-0.024731869,-0.0069303457,0.070949204,-0.04514989,-0.05238272,0.027137846,0.110683836,0.10289029,-0.05904317,0.032967716,-0.057739384,-0.074671976,0.10088098,-0.12794305,-0.08089791,-0.030497454,0.14430776,-0.028085511,-0.104200415,-0.049451116,0.00288105,0.04450675,0.07473561,0.07035922,-0.056304283,-0.028759552,-0.12229398,-0.049115393,0.008708514,0.030901961,-0.090437785
LUNG1-378,0.05785437,0.06141299,-0.065125346,-0.007840119,0.08911629,-0.06793408,-0.033785887,-0.16503929,0.038417384,0.072292,0.07492864,-0.052702323,-0.14778702,-0.07242128,-0.122980244,-0.009791918,0.025958005,-0.08544785,0.017431945,-0.19455272,-0.103128105,0.012126189,0.097769566,-0.016425889,0.045030177,0.094485335,-0.115580216,-0.039907545,-0.069491915,0.05091066,0.00046848413,-0.015135225,0.076326184,0.058523193,-0.024348117,-0.06847007,-0.069923624,-0.00018511154,0.039617263,-0.0087325685,-0.034052365,0.015538193,0.035351276,0.025186483,0.05103761,-0.011900434,0.018299174,0.16159396,-0.07584816,0.05133994,-0.0097736195,0.00524801,0.06378178,-0.10846107,-0.047491986,0.009888247,0.09974876,-0.0009639673,0.0427027,0.14674777,-0.0810799,0.004981324,-0.1560071,-0.12387802,0.013891084,0.0016262121,-0.00908044,0.11822385,-0.10431583,0.1294263,-0.13203093,0.22843072,0.06250341,0.08311105,0.13257313,-0.051828485,0.015177129,0.0067946254,0.0854877,0.09409562,0.05786904,0.091960266,-0.042357158,0.00932131,0.096977346,-0.1249519,-0.10074554,-0.045251176,0.050521743,-0.14107719,0.094077066,0.06862639,0.07788047,-0.07874782,-0.040667757,-0.11437507,0.024431389,-0.04229574,0.04549145,0.049045384,-0.01635463,-0.09981604,0.045774415,0.07578506,0.04177305,-0.030230548,0.008305233,-0.077347055,-0.11813704,0.09266233,-0.078597516,-0.09704725,-0.045038037,0.17424059,-0.015390404,-0.1610418,-0.057675198,0.057009347,0.041388366,0.06472027,0.035274666,-0.0625896,-0.04812911,-0.10676251,-0.05719183,0.009391695,0.046299573,-0.07203979
LUNG1-379,0.09562541,0.045482107,-0.094224766,-0.0003792718,0.10802014,-0.058324747,0.036561012,-0.20254415,0.024602935,0.16393176,0.033997416,-0.007333033,-0.10073069,-0.025586635,-0.072730616,-0.0059181326,0.056764342,-0.0848882,0.07831566,-0.042184465,-0.089022934,0.11765658,0.16656789,0.07104717,0.07415649,0.054199383,-0.060002517,-0.095789514,-0.059039146,0.106663354,-0.052929472,-0.055949446,0.094635814,0.076163426,-0.04529836,0.10670352,-0.04500996,0.034703445,0.0132664535,0.023753928,-0.18548417,-0.036394358,0.037462577,0.13666353,0.018018395,-0.06902397,-0.013677783,0.16395536,-0.10684873,0.08558873,-0.043889202,-0.008823838,0.08277662,-0.057761524,-0.036925826,0.017943434,0.084401295,0.043420933,0.0022849701,0.07044619,-0.049786624,0.05162629,-0.09618092,-0.080649294,0.17621031,-0.022394683,0.025021937,0.21561292,-0.06510631,0.14354643,-0.13794978,0.21731555,0.044043783,0.12242566,0.05563516,-0.08916011,0.00012878701,-0.014421308,0.050091993,0.060306333,0.034686092,0.11512752,0.03819844,0.029123977,0.06566708,-0.12903084,-0.12720999,-0.033437673,0.11385726,-0.16413195,0.053165942,-0.027843071,0.06616356,-0.09030348,0.027073974,-0.062123716,-0.06627782,-0.05854424,0.08268714,0.054804534,-0.0059135724,-0.122577816,0.0072571672,0.06302025,0.07313582,-0.032465436,-0.00076048076,-0.017376348,-0.20833932,0.04871019,-0.10612163,-0.024307813,0.0034787096,0.18383321,0.023799501,-0.12700519,-0.036602948,0.08416385,0.029190442,0.048868977,-0.07184301,0.044170357,-0.0922716,0.015132731,0.024264187,0.07696183,0.03670945,-0.08637902
LUNG1-380,0.019997023,0.02010569,-0.061172497,0.010961056,0.048223898,-0.04769518,-0.069199435,-0.18529111,0.041554384,0.112024754,0.055885553,-0.026582051,-0.1667074,-0.020447664,-0.09563658,-0.022358488,0.0113279,-0.09671587,0.050306167,-0.16227195,-0.09842424,0.060439266,0.13307491,-0.04807546,0.0594413,0.070785955,-0.102047935,-0.028010428,-0.08241399,0.046646502,-0.010562348,-0.048159853,0.059635893,0.08303278,-0.06290921,-0.07542033,-0.06396805,0.031645127,0.014058042,0.011749006,-0.068195455,0.02691827,-0.009237945,0.05000177,0.01820194,-0.050016385,0.007433898,0.15041646,-0.07345192,0.07928592,0.021778848,0.03393717,0.08191509,-0.07827114,-0.03752239,0.0028320327,0.100500315,-0.023597315,0.027770694,0.12551643,-0.11596462,0.004444696,-0.1300937,-0.116826996,0.04533356,0.01907077,-0.030235872,0.14546806,-0.079679586,0.13335574,-0.114389054,0.2502176,0.025251362,0.087632135,0.11606102,-0.061830632,-0.009412006,0.014445898,0.05729226,0.072810404,0.051207792,0.0757853,-0.06354845,0.042065427,0.11852451,-0.08595344,-0.07994999,-0.01439711,0.08059977,-0.102399915,0.10399458,0.038813494,0.04301895,-0.17513406,-0.04094705,-0.09240197,0.04581539,-0.05177579,0.00883871,0.072375365,-0.019405918,-0.07558647,0.03227886,0.06856688,0.10126741,-0.028410528,-0.0029534549,-0.06786262,-0.048558407,0.11156999,-0.13470104,-0.10410097,-0.01712507,0.16845313,-0.025470734,-0.14440504,-0.081376545,0.007431403,0.026322871,0.04343982,0.068420485,-0.044527262,-0.031956367,-0.12491669,-0.05862215,0.008807734,0.053752758,-0.110911965
LUNG1-381,0.005513113,0.0013276748,-0.06474891,-0.06220696,0.04965748,0.03515809,-0.041315712,-0.15876946,0.025640689,0.014735986,0.054819882,-0.03703776,-0.12416342,0.018667093,-0.09570982,0.01604826,0.038766008,-0.10015736,0.068542704,-0.09877968,-0.12548238,0.09513786,0.18886778,-0.028342467,0.026383989,0.12424973,-0.19826616,0.019628856,0.015649796,0.06956832,0.07484994,-0.02307428,0.056678653,0.09662908,-0.016920904,-0.036838718,-0.12150292,0.045350946,0.07333842,0.02307811,-0.06274405,-0.009614319,0.066023014,0.10132187,0.0795286,-0.015547961,0.029454593,0.0628736,-0.041536465,0.04887264,-0.07797701,0.01598639,0.024124619,-0.047070563,-0.0051699337,-0.05665285,0.14665183,0.0055127814,0.09409487,0.12540612,-0.05285065,0.027354497,-0.21287842,-0.088080265,0.050484158,0.065638445,0.027125292,0.15420076,-0.09922382,0.13549675,-0.14822593,0.15336064,0.075621516,0.10081498,0.19407064,-0.08896836,-0.005216241,0.04672839,0.025067175,0.062265888,-0.040193804,0.061114464,-0.078825906,0.04090317,0.081316605,-0.08349058,-0.08649687,-0.0406064,0.1400407,-0.12262409,0.13207132,-0.03344287,0.01780378,-0.110512175,0.041948132,-0.06320004,0.0066344105,0.0049274694,0.05023668,0.06928734,-0.023529824,-0.08210744,0.1323731,-0.0062881783,0.06722941,-0.019729398,-0.0023072958,-0.11833328,-0.09214507,0.09952848,-0.09230626,-0.064951956,-0.041980438,0.105587065,0.016646804,-0.16971429,-0.022573968,0.0894145,0.09837939,0.07963434,0.022421174,-0.07636451,-0.028538465,-0.046132647,-0.03610421,0.015597992,0.068790264,-0.08226194
LUNG1-382,0.011597067,0.011621933,-0.05433958,0.029058218,0.0609119,-0.02316521,0.014859427,-0.1278384,0.048949234,0.04338,0.08370544,-0.0629862,-0.12460889,-0.032799102,-0.121746354,0.026536182,0.037386835,-0.094153814,0.025834855,-0.17639384,-0.08690216,0.007068012,0.111556016,0.008068247,0.06919096,0.09628074,-0.08199826,-0.0059494823,-0.06834703,0.013148658,0.020996107,-0.031040732,0.041757375,0.0486896,-0.037065692,-0.04178206,-0.09251703,0.019452699,0.06368916,0.003895362,-0.008730475,-0.001244422,0.049554825,0.07453937,0.03942164,0.0019824225,0.03361944,0.14269128,-0.097873665,0.008035436,-0.007803917,0.0067704543,0.026650742,-0.071481,-0.029996637,-0.043462455,0.09494005,-0.01967759,0.007993698,0.1307623,-0.043355186,-0.04051666,-0.15356669,-0.10559803,-0.0032890635,-8.137897e-06,-0.021050997,0.13495618,-0.08553903,0.110687196,-0.1471045,0.20178464,0.029038,0.06754866,0.12135928,-0.028124403,0.032602202,-0.013862014,0.07992721,0.07512032,0.05532959,0.052156772,-0.100063786,0.0017801225,0.06872927,-0.07952503,-0.09554297,-0.056655042,0.09866529,-0.13263725,0.11266659,0.012984581,0.0862095,-0.07835448,0.033331037,-0.083232194,-0.037589453,-0.008178298,0.016312543,0.062322155,-0.03274221,-0.042258106,0.082060695,0.07391812,0.07839551,-0.0024796333,0.019367937,-0.08540744,-0.096829005,0.07665236,-0.0934732,-0.10176967,-0.0340977,0.13476801,0.017121822,-0.13980132,-0.032353148,0.050471146,0.03146435,0.120359525,0.023472156,-0.09769751,-0.03879463,-0.095795736,-0.05080869,0.013086274,0.054328255,-0.11946269
LUNG1-383,0.060385063,0.010187117,-0.025869928,-0.059696592,0.111334965,-0.07220989,0.08987641,-0.10227164,0.06759256,0.072172865,0.08986698,0.016360432,-0.16302767,-0.019596286,-0.056029163,-0.13279042,0.05298331,-0.030540716,0.11922328,-0.07538895,-0.06015715,0.051914044,0.034460843,0.03719607,0.03290067,0.09708479,-0.028224526,-0.04675252,-0.005582802,0.10130287,-0.03514082,-0.054769672,0.1099443,0.053229764,0.11566356,-0.03368455,0.031497512,0.023608275,0.041940123,-0.01415411,-0.110360876,-0.05621917,-0.037491996,0.0055027492,0.009028994,0.0035435148,-0.024636187,0.19944388,-0.11203037,0.11697747,0.07578092,0.044455677,0.12344131,-0.09052153,-0.057837978,0.013072476,0.15582249,0.015354704,-0.026947489,0.13173082,-0.024339551,0.05595027,0.010224903,-0.13811046,0.054570027,0.036269087,0.003460478,0.021167729,-0.124478996,0.16428536,-0.102549106,0.11426464,0.10085347,0.034367375,0.044212937,-0.033954576,0.045577955,0.036650587,0.040571284,-0.031850476,0.12353101,0.1592937,-0.004991263,0.07685467,0.08425246,-0.1731021,-0.04296176,-0.07330319,0.01672528,-0.2008553,0.098157674,0.15483114,0.08445717,-0.11847321,0.058765594,-0.058918756,-0.010233716,-0.04617763,0.037510246,0.03494472,-0.0007514274,-0.102696724,-0.032607697,0.11897659,0.055372387,-0.011572851,0.041391946,-0.0808402,-0.22406949,0.11846858,-0.030923046,-0.055720214,0.011973549,0.19753778,0.0026661959,-0.07168697,-0.034050617,0.17862284,0.07506645,0.11197965,0.006651625,0.034154534,-0.088078484,-0.02084413,-0.01333857,0.032677166,0.08346006,-0.0020860806
LUNG1-384,-0.065328866,-0.08693846,0.045037147,0.068472356,0.075723805,-0.060672138,-0.024145663,-0.15631096,0.036576916,0.13580059,0.0864158,0.10437362,-0.20868444,0.010091871,-0.07789773,0.09049591,-0.04171438,0.011162344,0.05165612,-0.10434684,0.004488338,0.058608726,0.1624564,0.042905364,0.07942214,0.04527944,-0.04453581,-0.109182306,-0.044303697,0.0664641,0.049821414,-0.12315081,0.12734541,0.07942227,0.0016204715,-0.010194734,0.078165755,0.06708141,-0.0107445335,0.021920914,-0.03105297,0.00905443,-0.007630922,0.027078412,-0.023428202,-0.116627224,-0.030078162,0.19108614,-0.043494653,0.026997197,0.13032006,0.001991108,0.14517926,0.03584291,-0.093767494,0.011121839,0.0961605,0.018919379,-0.0053649545,0.089031994,-0.15842381,0.02603919,-0.054203525,-0.12940454,0.043230068,0.012970641,0.052165646,0.06993758,-0.13526142,0.11549921,-0.21091345,0.1896779,0.007491544,0.04570951,0.15282845,-0.08134748,0.08037991,0.018449383,0.07921579,0.025047876,0.105502605,0.08105206,-0.10824847,0.15558413,0.06275825,-0.09711327,0.015358269,-0.109566934,0.07313865,-0.3056035,0.11037046,-0.04624149,0.08842011,-0.03901498,0.0019135848,-0.081280045,0.048902027,0.060845725,0.119115606,0.11874151,0.034457065,-0.1005548,-0.040733017,0.08032435,0.14092487,-0.032969285,0.14445034,0.002156008,-0.024330359,0.28990212,-0.08929681,-0.08895784,0.059773967,0.1226203,0.032186847,-0.03697191,-0.14735334,0.103360265,0.0028193705,0.15510811,0.0146589875,0.043655984,-0.08566895,-0.13472822,-0.118332684,0.029888943,0.18584874,-0.03596506
LUNG1-385,0.018558126,0.0004514344,-0.086168975,-0.044030905,0.10128598,0.0029303133,-0.07620261,-0.21898791,0.011992908,0.16362342,0.059551,-0.013920318,-0.13590412,0.08192833,-0.116808206,0.03395526,-0.0423846,-0.07213494,0.07556674,-0.12601964,-0.11915833,0.12528965,0.19211355,-0.026550483,0.028618518,0.1507726,-0.23209766,0.010226648,-0.0037612468,0.0866766,0.007848224,-0.06964616,0.097283676,0.13762844,-0.07688981,-0.13366601,-0.058771655,0.08524135,0.070847675,0.0006664768,-0.094575845,0.06548222,0.014832515,0.072013676,0.046874158,-0.08527275,0.007399294,0.12243371,-0.07333626,0.11109663,-0.03774406,-0.032093458,0.088794135,-0.03943954,-0.012335854,-0.096550494,0.15829797,-0.024249729,0.022707772,0.12901302,-0.13552037,-0.023429643,-0.13525732,-0.088818654,0.041332945,0.05622103,0.039605323,0.16491199,-0.06607789,0.19348407,-0.057966862,0.19812548,0.10077503,0.09259436,0.15022689,-0.13533854,-0.05805619,0.022910876,-0.07992631,0.0761571,-0.070063256,0.08110167,-0.08730362,0.10783859,0.092630394,-0.059491336,-0.07455578,-0.022016415,0.101530455,-0.10466318,0.06493758,-0.03069866,0.001209721,-0.15458627,-0.076350465,-0.06114973,0.08926264,-0.0005849255,0.018825438,0.10888929,0.022815388,-0.04390902,0.06749368,-0.009447359,0.12381572,-0.06006164,-0.016624786,-0.09480739,-0.04992253,0.10577166,-0.07062321,-0.0974575,-0.023700282,0.10521572,-0.009266585,-0.13887961,-0.09292049,0.033275973,0.06884804,0.046417296,0.17542714,-0.04823564,-0.0027923193,-0.061768185,-0.053477544,0.054907553,0.076207966,-0.06831828
LUNG1-386,0.087240554,0.01669917,-0.04353182,-0.09777268,0.13667633,-0.107458204,-0.002847612,-0.13499686,0.049037196,0.20000148,0.1546458,0.037922412,-0.13696712,0.09209573,-0.07586475,-0.10485437,-0.09613606,-0.038257178,0.062161844,-0.088857025,-0.1186301,0.14249848,0.2197083,0.041827716,-0.016302526,0.1293993,-0.22614218,-0.006451182,-0.01603344,0.14190435,-0.019479295,-0.07177584,0.05414574,0.18467626,0.037196428,-0.094325446,-0.09927253,0.050232,0.20845896,0.03005454,-0.17461404,0.06532079,-0.0006159842,0.028218355,0.059466995,-0.12597431,-0.06398553,0.086451456,-0.03800381,0.16596454,0.01891489,-0.002132833,0.052207276,-0.12868279,-0.05595792,-0.02373628,0.20418963,-0.111039326,0.1269757,0.062754646,-0.116567984,-0.04007017,-0.15445024,-0.008876625,0.0180602,0.009699475,-0.008910321,0.096142344,-0.2464236,0.22268176,-0.027343132,0.13719337,0.1734189,0.13315502,0.08384617,-0.17436951,0.014715026,0.053647455,-0.0036056633,0.04573305,-0.015119478,0.19489294,0.0071664676,0.07340257,0.122336894,-0.10895245,-0.07878675,-0.08610038,0.030220944,-0.15280586,0.04990521,0.08110166,0.0011685193,0.008376636,-0.039410293,-0.02994686,0.05751063,-0.043735873,0.111095615,0.1652165,-0.07823875,-0.114859164,0.02495991,-0.04788191,0.10031474,-0.0018147379,-0.05885139,-0.10868043,-0.11584727,0.0795522,0.0045780987,-0.07427281,-0.0032953657,0.12648147,0.039910257,-0.19995853,-0.10286833,0.17858616,0.09718145,0.068636194,0.12514499,0.059237808,-0.05707966,-0.02375502,-0.055872835,0.024889454,0.04133991,-0.002334796
LUNG1-387,-0.021229174,0.028193602,-0.046414386,0.0012963712,0.047709182,0.008519232,-0.033994384,-0.17265537,0.05685256,0.080442056,0.06666231,-0.01938324,-0.16654575,-0.0029861182,-0.08951612,-0.03359028,-0.020084474,-0.08685304,0.09702349,-0.14439571,-0.07187311,0.09500225,0.13769233,-0.037860714,0.026061561,0.1081122,-0.12089516,-0.004238896,-0.032033294,0.04951445,0.013971174,-0.022776593,0.05223128,0.10715,-0.07688056,-0.08638165,-0.067408085,0.06406851,0.03106441,-0.012979187,-0.061120156,-0.0030205473,0.0059633926,0.067384556,0.03214927,-0.035343952,0.029813386,0.09743957,-0.058223702,0.06163247,-0.01887051,0.0071748905,0.048944294,-0.05757619,-0.054007806,-0.013921179,0.11875658,-0.0067118183,0.04269014,0.12892331,-0.0868529,0.009677421,-0.13684423,-0.10276887,0.024430793,0.054542683,-0.0033389665,0.13068606,-0.10730046,0.16476819,-0.10871834,0.21062934,0.040512893,0.09972641,0.13579035,-0.11072399,0.01919297,0.013169902,0.049277607,0.057277404,0.019826557,0.05077922,-0.084003836,0.08696957,0.1269292,-0.062251695,-0.040495843,-0.0070781326,0.06884756,-0.08618051,0.103126004,0.011261674,0.027751796,-0.16653141,-0.011379555,-0.06798376,0.015281307,-0.07012877,0.043492585,0.08814813,-0.020451084,-0.051167876,0.053964958,0.08510021,0.103942536,-0.013617028,0.004331194,-0.08415633,-0.08547068,0.122366905,-0.09428744,-0.08725825,-0.004410118,0.14170441,-0.03573799,-0.11452305,-0.06610891,0.033339005,0.059753586,0.08882883,0.053293742,-0.0679463,0.01796265,-0.12769307,-0.06936151,0.02140776,0.045154154,-0.09026553
LUNG1-388,0.08256036,0.058438007,-0.037087366,-0.024419032,0.037744246,-0.04467741,-0.06570264,-0.09428789,0.06769642,0.112522975,0.0755208,-0.040744223,-0.17894769,0.021801844,-0.11460903,-0.08716154,-0.022428647,-0.052149564,0.018060125,-0.16166195,-0.14275058,0.09307595,0.119835846,-0.021704745,0.0082947835,0.07718569,-0.110675484,-0.048949555,-0.09554351,0.054308705,-0.039881423,-0.023122013,0.1034604,0.09804258,0.00016497076,-0.052328557,-0.08974287,0.009972266,0.049219444,0.018597228,-0.08032403,0.029940203,0.023174748,-0.015038212,0.022411987,-0.042970452,-0.046281774,0.119026154,-0.05881118,0.0970866,0.028759804,-0.0054390132,0.08099398,-0.07257414,-0.063215256,0.014438219,0.15116215,-0.059772525,0.07197583,0.06862116,-0.082339846,0.07659328,-0.117972516,-0.07514411,0.03263416,0.072695166,-0.045958214,0.10148676,-0.16186416,0.15144284,-0.0390791,0.17045574,0.08365935,0.119178765,0.092862874,-0.08184481,0.03021808,0.065023035,0.038102303,0.055396684,0.067479596,0.10660515,-0.033984747,0.08789398,0.11402473,-0.14333156,-0.096565485,-0.029176384,0.03212675,-0.153678,0.094166264,0.10080957,0.056796715,-0.06805609,-0.08666428,-0.08124747,0.07329578,-0.07111524,0.0911643,0.11530959,0.0074431486,-0.13602546,0.038585793,0.04656509,0.0522313,-0.016513944,-0.044556484,-0.07030401,-0.10393278,0.10743235,-0.07327815,-0.08885947,0.028475206,0.17857027,-0.040203676,-0.15432693,-0.08941084,0.098779574,0.05648763,0.04008794,0.038902346,0.02532082,-0.011275612,-0.11621105,-0.067028925,0.024810709,0.054868076,-0.051044237
LUNG1-389,0.039404355,0.04412054,-0.040870506,-0.0042784363,0.06612102,-0.0038448423,0.04624696,-0.14654139,0.044434108,0.04630561,0.029190248,-0.020435154,-0.16555026,-0.03583257,-0.086634405,-0.06186768,0.024291925,-0.05595588,0.048136145,-0.095344305,-0.14849116,0.072946906,0.07131693,-0.007058408,-0.013196766,0.08045961,-0.03136634,-0.0061325356,-0.017960481,0.024308385,-0.015607944,-0.04095506,0.045742355,0.110988565,0.0050664768,0.028333094,-0.103167936,0.005675206,0.03668682,-0.0036377981,-0.09755864,-0.102942705,0.012280945,0.029739633,0.026506882,0.0047750324,-0.018293783,0.12204694,-0.06502961,0.052086882,0.005301796,0.0010735691,0.037576847,-0.08691782,-0.008560751,-0.041794643,0.0876294,-0.018043557,0.0017369427,0.105612,0.007608558,0.07071408,-0.09409266,-0.14575577,0.028689474,0.073258534,0.004163079,0.111076295,-0.09475496,0.13164666,-0.10884069,0.17963855,0.06542677,0.054507084,0.036021136,-0.018326283,0.026277658,0.0036701371,0.07792744,0.03072577,0.052657727,0.053095724,-0.02765191,0.06057836,0.07221046,-0.14549041,-0.13689545,-0.05521541,0.08880041,-0.15962335,0.12843408,0.023669735,0.07227171,-0.124669194,0.0613166,-0.09571688,-0.012480021,-0.061593834,0.047913507,0.046622086,0.040357936,-0.066757604,0.06858046,0.095519975,0.052641757,0.027826834,0.012900773,-0.078584716,-0.14538951,0.08908413,-0.089585476,-0.076737255,0.022039957,0.15788028,0.029851498,-0.09810896,-0.052020896,0.11670175,0.036762506,0.1005023,-0.020832501,-0.049942326,-0.058344327,-0.054309316,-0.036096953,0.047792446,0.07214818,-0.13146439
LUNG1-390,0.063405484,0.05555077,-0.07758722,-0.024105795,0.050812162,-0.04176126,-0.08975143,-0.18342179,-0.010750432,0.11513014,0.03801217,-0.05007187,-0.16607061,-0.041136853,-0.10358669,0.0074011916,0.024195787,-0.10128072,0.013875175,-0.15920565,-0.16291592,0.06598241,0.1512331,-0.042144567,0.01870266,0.091744244,-0.15285856,-0.046278268,-0.08168776,0.05523384,-0.03826779,-0.05113208,0.054952912,0.117163025,-0.07115266,-0.04406753,-0.10941267,-0.009691432,0.046842672,0.0005837064,-0.056418482,0.010794569,0.016668122,0.025680259,0.06770521,-0.04242338,-0.01663852,0.13217132,-0.05544033,0.08666993,-0.018098004,-0.0023305267,0.07287564,-0.07760031,-0.020031827,-0.044967316,0.11344763,-0.034063756,0.042732622,0.12079641,-0.0912075,0.03310787,-0.19438058,-0.118511096,0.04463262,0.051627435,-0.00015214086,0.17052594,-0.10715114,0.12790532,-0.11403462,0.24144119,0.05713549,0.08296977,0.11306154,-0.043089997,-0.028148029,-0.00085271476,0.06859263,0.089252695,0.009978052,0.08747069,-0.032183412,0.038252626,0.09728811,-0.12531745,-0.1407125,-0.039164156,0.08071324,-0.11576906,0.0992548,0.005493395,0.01783536,-0.13987677,-0.08576983,-0.10317915,0.10765778,-0.04136122,0.044956677,0.067890465,0.024814721,-0.1256953,0.08847042,0.034454454,0.0707682,-0.02470738,-0.03380064,-0.08731456,-0.063617446,0.088064395,-0.1270076,-0.10411151,-0.022979818,0.18537834,-0.0059626345,-0.18908428,-0.08014597,0.051269345,0.03439924,0.023885801,0.055599168,-0.044415455,-0.055365607,-0.081163645,-0.039076354,0.016079836,0.07953572,-0.1377565
LUNG1-391,-0.029951457,-0.0033064336,0.0020362549,-0.07280781,0.07413822,-0.018152893,-0.021238439,-0.11351703,0.1708421,0.0866222,0.121028714,0.028808147,-0.18101153,-0.045709364,-0.11815137,-0.005606892,-0.07094819,-0.07427096,0.10075835,-0.10038632,-0.05826407,0.10128093,0.115188055,0.018066993,0.04404671,0.13482776,-0.096650325,-0.043616064,0.0064749494,0.040090352,0.05385635,-0.027195774,0.081865996,0.09000542,-0.004264895,-0.04897707,0.00696934,0.04572588,0.030260202,-0.0034659095,-0.07803822,0.04265356,0.03496316,0.06785828,0.029891863,-0.046933703,0.029873423,0.18747383,-0.06535056,0.061651733,0.03693346,0.034813676,0.094314754,-0.11970035,-0.053553507,-0.012656003,0.13979122,-0.02945581,-0.004841093,0.13325611,-0.07392173,0.032360326,-0.07009446,-0.12442546,0.036118392,0.0841212,-0.023373283,0.07062405,-0.16445969,0.21042895,-0.041689206,0.2140539,0.044006657,0.16581619,0.087292306,-0.1733575,0.05096135,0.013904128,0.052552484,0.0044418387,0.037571937,0.1196603,-0.10015294,0.10908666,0.11785915,-0.14502317,0.033139795,-0.048888344,0.075761944,-0.23362246,0.098788805,0.10747711,0.049848627,-0.08609904,0.04826712,-0.11774621,-0.020405017,-0.101034805,0.100521594,0.07580943,-0.08638979,-0.026018133,-0.023642443,0.09470219,0.12194344,0.0023231655,0.042176574,-0.0820936,-0.14358284,0.1409936,0.016161807,-0.08366361,0.026955593,0.09615102,-0.08178833,-0.01832027,-0.12043035,0.09514711,0.08067624,0.099541016,0.059140224,-0.016327634,-0.03163274,-0.14456116,-0.043001596,0.052292705,0.046088584,-0.06822768
LUNG1-392,0.121875755,0.08550892,-0.05788729,-0.0814367,0.07145056,-0.09567517,0.058359504,-0.12892656,0.058799047,0.23790133,0.04610574,0.010258436,-0.3036263,-0.10369646,-0.065953985,-0.25225285,-0.037247047,0.029484957,-0.043509193,0.024178617,-0.15622507,0.19676155,0.10679963,-0.12151473,0.00058253855,0.04357749,-0.07904668,-0.09051847,-0.048593964,0.12782182,-0.118897386,-0.07194867,0.12634093,0.07367013,0.04035297,0.079245195,-0.12863567,-0.09853557,0.061614484,0.037772857,-0.18532881,-0.17866868,-0.0251288,-0.13551462,0.04421486,-0.07988377,-0.085118935,0.33472317,-0.018073052,0.12547752,0.1465491,-0.062324226,0.02347526,-0.19460574,0.031901825,0.050119974,0.060167164,-0.04152813,0.030353922,0.11898242,-0.025987957,0.0440173,0.022060987,-0.09916196,0.076280884,0.14388466,-0.030144341,0.15100494,-0.13239291,0.19937521,-0.01952459,0.16786206,0.07842521,0.029686581,-0.101657785,-0.07489625,-0.0013246955,-0.00015435019,0.12092322,-0.01381748,0.035558254,0.21051037,0.043286577,0.06939671,0.07718007,-0.24721171,-0.18729159,-0.011738427,0.08049725,-0.18333127,0.1580095,0.09273972,0.048299037,-0.0984624,-0.058030084,-0.112055555,0.062610626,-0.012434846,0.108058274,0.12660381,0.09156505,-0.11081089,0.04178559,0.0786818,0.03666027,0.106345035,0.0763306,-0.031230856,-0.16660638,0.12511069,-0.16616043,-0.040328734,0.08011797,0.16078973,0.10148849,0.019562006,-0.092848256,0.096563205,-0.0206304,0.09642237,0.008365557,0.019555971,-0.009676859,0.050864313,-0.026690848,0.00514517,0.0708192,-0.12631024
LUNG1-393,0.021577772,0.034107067,-0.063704446,0.0053894855,0.08107004,-0.07480565,-0.0845095,-0.1974797,0.030444348,0.16431732,0.03725074,-0.012892544,-0.17993242,-0.032719843,-0.06885656,0.0065822275,0.010244047,-0.066598974,0.029351387,-0.15042749,-0.07957995,0.061135337,0.13950352,-0.02208864,0.03513685,0.048839547,-0.0971507,-0.065704174,-0.081159204,0.07828274,-0.07568765,-0.08194077,0.113406874,0.102043554,-0.053990208,-0.06331169,-0.03511919,0.006834952,-0.0041539036,-0.0029144008,-0.1162605,0.026190914,-0.04138133,0.03939984,-0.0011619516,-0.07802077,0.017289594,0.13954109,-0.061042905,0.08382899,0.052136652,0.03403633,0.1265524,-0.08441128,-0.03209946,0.015254892,0.10667755,-0.016638385,-0.036410846,0.14314598,-0.13000983,0.032978807,-0.087862745,-0.11975229,0.03233976,0.025137763,-0.027507342,0.14352806,-0.08053188,0.15010723,-0.050983734,0.25088817,0.042595033,0.098539434,0.08417549,-0.10598466,-0.04214555,-0.0013141166,0.03819391,0.04684446,0.054554015,0.09883974,-0.037400473,0.07640305,0.08390696,-0.12662606,-0.06303682,0.002814645,0.047863513,-0.15027128,0.06866969,0.040913988,0.04110637,-0.15163198,-0.062189236,-0.06252506,0.067940846,-0.039329745,0.029200139,0.0746711,0.00092501356,-0.09015384,0.0046056546,0.060738828,0.10301537,-0.07997431,0.04944124,-0.043974414,-0.061844554,0.07912131,-0.1298469,-0.054968096,-0.0216109,0.15926272,-0.01737795,-0.08848913,-0.087162524,0.028144527,0.02520834,0.013623942,0.042320352,-0.009151515,-0.06622289,-0.10111514,-0.04303837,0.02256915,0.045861106,-0.12220142
LUNG1-394,0.042206533,0.13801274,-0.047437094,-0.024759263,0.056352146,-0.052940074,-0.005981028,-0.19729745,-0.0039254203,0.142782,0.028776856,-0.03068022,-0.19121528,-0.028964594,-0.026450545,-0.073446,-0.0015831897,0.011168487,-0.026846603,-0.07036715,-0.15941633,0.10811369,0.13959739,-0.03285709,0.016966168,0.04899164,-0.1281653,-0.044482544,-0.026751053,0.049879618,-0.04370226,-0.066799,0.08762183,0.16879633,-0.0007127486,-0.012659837,-0.10648393,-0.014064234,0.012976382,-0.024212476,-0.13839653,-0.07251206,-0.012667205,-0.040278334,0.044932656,-0.07076114,-0.005426852,0.11468068,-0.02018299,0.09493756,0.024017159,-0.0054372475,0.06628034,-0.12278049,0.007618353,-0.009521011,0.06753087,-0.026872138,0.016375672,0.15000796,-0.04904453,0.07244195,-0.11606621,-0.1288352,0.030278485,0.09671826,0.011561729,0.13581668,-0.10270253,0.10951301,-0.08448584,0.17549103,0.08185175,0.062134437,0.055800196,-0.10935888,-0.05471216,-0.0017033061,0.05316185,0.03388129,-0.016965069,0.046229,-0.031588055,0.06638529,0.07867344,-0.15251428,-0.17936403,-0.03969194,0.07478045,-0.119767755,0.14025642,-0.024646692,0.03238145,-0.14062732,-0.05768951,-0.079937644,0.08233122,-0.039854392,0.04508329,0.044944007,0.05341432,-0.10371592,0.08142938,0.027554017,0.069538586,0.012389146,0.037277464,-0.09141788,-0.0782319,0.05961333,-0.13980436,-0.07474856,-0.00021006167,0.16849847,0.032534223,-0.11723535,-0.08360061,0.086254455,0.02820408,0.06333307,0.028586857,-0.045941144,-0.04921544,-0.034680303,-0.0073820055,0.053665806,0.094584815,-0.15083727
LUNG1-395,0.003519658,0.04704284,-0.015921265,-0.00032539666,0.05604305,-0.035028107,0.01582171,-0.10941769,0.031146111,0.057036206,0.070442766,-0.01693897,-0.108454384,0.011389565,-0.028166834,-0.07382554,0.015391296,-0.005763568,0.04693716,-0.10847094,-0.12952483,0.07012127,0.09216647,-0.0059486236,-0.0043135285,0.051467095,-0.039253518,-0.018553644,-0.04589124,0.027117368,-0.018970901,-0.03704736,0.059650198,0.08628503,-0.016497655,-0.040458962,-0.058179457,0.03237012,0.02740845,-0.0011375044,-0.07517945,-0.059501655,-0.033647932,-0.018616073,-0.02074099,-0.016850768,-0.041826896,0.1001303,-0.07648011,0.11795938,0.061151654,0.057696566,0.048323512,-0.07008848,-0.04853298,-0.003209982,0.11587339,-0.06454399,0.037762363,0.11213514,-0.047182992,0.06035947,-0.06406578,-0.12320183,0.015277866,0.050431974,-0.038533874,0.06395413,-0.11883284,0.13608688,-0.0860668,0.14315131,0.04027478,0.04214652,0.071350604,-0.07280362,0.026791148,0.09725212,0.042361256,0.012508851,0.061799858,0.07610049,-0.06009632,0.095269784,0.09285633,-0.10590686,-0.09349887,-0.06310268,0.037356343,-0.12645109,0.12963349,0.03457376,0.08288032,-0.13343428,-0.0055106618,-0.06485977,0.019916836,-0.063365296,0.052744523,0.06978347,0.018897474,-0.08927767,0.031143853,0.076866,0.080429435,0.01014971,0.042468265,-0.065842904,-0.097833574,0.098266445,-0.11555952,-0.11542478,0.0015634038,0.1744022,-0.010295048,-0.13373362,-0.09836539,0.10696479,0.02411294,0.07092065,0.06092864,-0.015536394,-0.012295313,-0.077417195,-0.050156213,0.017204538,0.07406353,-0.06783049
LUNG1-396,-0.028884158,-0.05839988,-0.049625084,-0.0085384995,0.066204116,0.01166819,-0.09173287,-0.26118872,0.07333821,0.0682075,0.0068851784,0.062552854,-0.18132156,-0.040823705,-0.15919907,0.067397505,-0.061136685,-0.07402421,0.12827975,-0.1202869,-0.06492166,0.17048174,0.17155968,-0.041711852,3.798306e-05,0.13363397,-0.21743032,-0.08221922,0.0017853528,0.057599753,0.06559523,-0.086124584,0.07341019,0.08785639,-0.066269964,-0.06361509,0.01273844,0.107149184,0.00062379614,0.027293539,-0.085933074,0.053043813,0.05368752,0.11943429,0.043054923,-0.100678615,-0.0020396896,0.15430224,-0.071342334,-0.005436115,-0.0019324198,-0.04103321,0.1470365,-0.038593154,-0.053811297,-0.079665095,0.16717145,0.03435137,-0.016434994,0.11433637,-0.18579298,-0.041480094,-0.083344355,-0.08778109,0.078641295,0.028638523,0.07060434,0.21653149,-0.08381994,0.2421357,-0.14119594,0.22101527,0.09720376,0.120773055,0.20737466,-0.13800964,-0.014879232,-0.0077352896,-0.031161599,0.09278126,-0.05392275,0.0918094,-0.10858247,0.09564428,0.106253766,-0.117861286,-0.05656678,-0.014196885,0.12775908,-0.16057295,0.11435781,-0.030912228,0.028625414,-0.14109428,-0.03756117,-0.113087155,0.022413291,0.012476457,0.008476768,0.12189445,0.0022815838,-0.031750236,0.085264936,0.04698216,0.12505369,-0.0973977,0.0731118,-0.040866718,-0.07830276,0.22389975,-0.091396905,-0.07832782,0.0035005584,0.025243647,0.012451647,-0.07971619,-0.052692425,-0.048332177,0.12791768,0.110759854,0.12301532,-0.08330107,0.0013752691,-0.108596295,-0.09109309,0.034708228,0.14654666,-0.09571165
LUNG1-397,-0.020281285,0.05447039,-0.112651125,-0.06988946,0.094632626,0.016307734,-0.08897532,-0.2568317,-0.026095029,0.17280877,0.0053774975,0.0033932626,-0.15809798,0.03414053,-0.074223615,0.04299565,0.01372543,-0.0485766,0.038968,-0.14801414,-0.14711443,0.1016763,0.18263367,-0.071415946,-0.028162546,0.11441571,-0.21412098,-0.032103196,-0.0026459768,0.032106124,-0.030196214,-0.0586669,0.09572353,0.17216215,-0.086613104,-0.13958877,-0.08087257,0.027478704,0.07626028,-0.029679723,-0.09460447,0.049006604,-0.017691301,0.0611275,0.04875613,-0.06382845,0.03500651,0.112995565,-0.07125673,0.10156509,-0.042665273,-0.012342099,0.08146903,-0.03128747,0.0016460028,-0.08361269,0.13841158,-0.022954002,-0.017299715,0.1583085,-0.13717309,0.0009839907,-0.13959101,-0.1191616,0.04403622,0.07404114,0.020368325,0.219881,-0.07839255,0.19754279,-0.08399355,0.22105515,0.09626341,0.07009998,0.12257627,-0.11656673,-0.1010515,0.037462823,-0.043404803,0.10320993,-0.042145982,0.06149543,-0.0886875,0.08579387,0.1099499,-0.06445668,-0.12187001,-0.045090422,0.105898425,-0.09777856,0.08827563,-0.048718885,0.0069749057,-0.19638184,-0.06798451,-0.080442384,0.11699533,-0.008024262,-0.008950453,0.08522748,0.012103129,-0.037468944,0.070884444,-0.035607822,0.11563106,-0.05085533,0.011137094,-0.111567736,-0.013956096,0.11479424,-0.15819377,-0.07921587,-0.023855492,0.1314668,0.00010817684,-0.14379118,-0.08468315,0.03480763,0.05509232,0.039212234,0.140414,-0.0931502,0.004399361,-0.08406004,-0.011431448,0.055365026,0.08513126,-0.15476003
LUNG1-398,0.050885975,0.05307948,-0.04551634,-0.031854317,0.06893335,-0.08421055,0.02154798,-0.11521705,0.0640475,0.07624224,0.08098502,-0.04970835,-0.1317051,0.030724162,-0.09961639,-0.008129181,0.018178212,-0.011906646,0.0069206078,-0.11652572,-0.115252346,0.047453895,0.091831125,0.018772075,0.056771755,0.09355508,-0.115506425,-0.0058496967,-0.06593138,0.038536146,0.003344275,-0.05602183,0.079988554,0.08057691,0.019313954,-0.03634102,-0.051650804,-0.010625917,0.03590146,-0.0018541217,-0.060946114,0.01690232,0.0008814484,0.033710886,-0.006666463,-0.005515229,-0.0059991684,0.13418323,-0.105039395,0.051676676,0.05042266,0.021495352,0.08194485,-0.11626589,-0.043182455,-0.03536663,0.10711763,-0.04401396,-0.007652063,0.12362237,-0.041903358,-0.004069172,-0.07854707,-0.107813016,-0.0053875884,0.021084499,0.010570604,0.1249521,-0.09148053,0.12984136,-0.10319248,0.17362179,0.03732687,0.08872319,0.11783569,-0.06601251,-0.0018812902,0.01979209,0.040829934,0.04211434,0.046807032,0.08370411,-0.045309734,0.045832105,0.08024351,-0.083762854,-0.11658318,-0.056760073,0.09291511,-0.1305067,0.11638561,0.05251632,0.08283651,-0.093313456,0.01585975,-0.08464058,0.013277911,-0.025521643,0.026796386,0.06485945,-0.026093692,-0.07079079,0.029093686,0.037976213,0.047219235,-0.0015726294,0.05229759,-0.06867461,-0.10709317,0.04818041,-0.09209482,-0.093593046,0.0091092475,0.14066887,0.024012616,-0.11468362,-0.034446597,0.07461607,0.04029227,0.08179007,0.05785438,-0.06735741,-0.057141744,-0.08327069,-0.051078707,0.02939992,0.09629273,-0.096739486
LUNG1-399,0.10589526,-0.021813612,-0.0044344366,-0.076448806,0.20368029,-0.06898255,0.04864935,-0.019824848,0.13729325,-0.06062577,0.11505503,-0.055486552,-0.17009133,-0.099057384,-0.1311453,0.0036536148,0.15905085,-0.19049706,0.07952362,-0.17884544,-0.12951499,0.027767237,0.041705895,0.056348026,0.046413437,0.16901791,-0.08276516,-0.056004904,-0.03310399,-0.008659057,0.007962054,0.0002380684,0.055202395,0.04833519,0.14755005,-0.07708837,-0.09419608,-0.012653563,0.15913543,0.008891149,-0.022973295,-0.0075580887,0.0295218,0.14133123,0.09443467,0.013116101,0.02913792,0.14049579,-0.07180781,-0.031320527,-0.0063544437,0.037657432,0.017665569,-0.074949875,0.010827512,-0.044993628,0.22978657,0.0062018,0.026021007,0.12659809,-0.008644781,-0.042799033,-0.13444826,-0.076815195,-0.022020455,0.0227251,0.050882656,0.10939483,-0.15641156,0.1406405,-0.13898893,0.15318677,0.16354609,0.059800178,0.07829789,0.065030135,0.085379325,-0.0358478,0.14542305,0.06367359,0.10464554,0.15741765,-0.089209706,-0.08269372,0.0810102,-0.19012877,-0.18139581,-0.12961864,0.060021803,-0.21761173,0.1445714,0.14187643,0.11793144,-0.025405101,0.15187839,-0.09123239,-0.030525098,0.038180903,0.019149305,0.06454428,-0.040000852,-0.07917094,0.085934505,0.07391654,0.005570613,-0.0023611356,-0.037183404,-0.08859682,-0.19959253,0.06656985,0.0127163455,-0.046720274,-0.07775634,0.27534506,0.0855817,-0.15845838,0.041649263,0.18386391,0.07894699,0.1783932,-0.024720386,-0.06599722,-0.14612424,-0.08009535,0.022511758,-0.021502316,0.15342651,-0.08970071
LUNG1-400,0.03393775,0.010093212,-0.1531637,-0.06722223,0.1275252,-0.011646666,-0.13412076,-0.30613115,-0.021601617,0.22193912,0.043904234,0.0008659065,-0.124208495,0.08462602,-0.14909716,0.03826959,-0.063647136,-0.09119429,0.12333447,-0.1501032,-0.14318895,0.17161241,0.2347484,-0.017089292,0.019502006,0.17105478,-0.3101224,-0.0890911,0.03829851,0.0902106,-0.012681609,-0.08608536,0.11200108,0.17106546,-0.10577592,-0.19795626,-0.037936278,0.08674116,0.11771757,-0.06532669,-0.1160277,0.13895938,0.044129863,0.12558627,0.03878551,-0.13720196,-0.017127639,0.116101556,-0.10771866,0.13524246,-0.036810502,-0.073551044,0.07918651,-0.020950418,-0.046994515,-0.10406084,0.22146913,-0.04613034,0.056480434,0.11907488,-0.18089452,-0.042716652,-0.15676408,-0.08643223,0.06788098,0.013350347,0.029900033,0.26376158,-0.09239056,0.21990302,-0.07864719,0.24284399,0.15777421,0.07647775,0.1762365,-0.1785664,-0.09006784,0.04459319,-0.15682942,0.09384601,-0.13192448,0.0958503,-0.059340477,0.08395507,0.13353348,-0.11196856,-0.10081787,-0.038079966,0.10393224,-0.054521754,0.029555012,-0.062082488,-0.03739257,-0.15653987,-0.1275832,-0.034691036,0.112579174,-0.023717757,0.074608326,0.13890114,0.048067585,-0.01571893,0.06453858,-0.045385554,0.13107583,-0.101525374,-0.030719377,-0.13784096,-0.0752657,0.13271046,-0.067369685,-0.09465446,-0.062555596,0.10558796,-0.037247878,-0.20715328,-0.1388258,0.005203955,0.09763142,0.037443466,0.2363866,-0.047608744,0.03375254,-0.0418123,-0.03601826,0.05742774,0.067687295,-0.07214931
LUNG1-401,0.010697819,0.027304964,-0.06988771,0.029693682,0.0736886,-0.053672504,-0.053098403,-0.17803062,0.024043297,0.119131096,0.053829867,-0.03395772,-0.11598745,-0.023726687,-0.114021376,0.043070566,0.026202854,-0.07200182,0.050035387,-0.14642648,-0.113928035,0.002067253,0.11322914,-0.03744588,0.052599974,0.059467122,-0.102582276,-0.04080026,-0.09492652,0.056737952,-0.030910898,-0.07790634,0.07984336,0.0678896,-0.06787147,-0.036219276,-0.051008854,0.007873839,0.012436209,0.011667721,-0.07537972,0.025685713,0.014882974,0.08587838,-0.001283735,-0.024618775,0.021961622,0.16742235,-0.11181027,0.064071395,0.028110769,0.018449115,0.10668783,-0.08889565,-0.04608667,-0.026025303,0.12438597,-0.019526863,-0.043335415,0.1237317,-0.108189255,-0.011976864,-0.09886802,-0.1254046,0.052218035,0.0041716546,-0.019187361,0.17186198,-0.07635699,0.14000538,-0.09518038,0.2585754,0.017934505,0.10519083,0.101275906,-0.05078098,-0.010158444,0.01473024,0.038037296,0.068415366,0.06371846,0.10087277,-0.05828663,0.028840184,0.054388896,-0.08788651,-0.07286018,-0.037091397,0.088819705,-0.13681768,0.0843374,0.02038991,0.07751403,-0.116548404,-0.021032747,-0.10713403,0.014568208,-0.018884812,-0.0010102764,0.06881022,-0.027760051,-0.066702604,0.015199602,0.082563095,0.06823367,-0.06304677,0.030735891,-0.03603863,-0.09128415,0.073144555,-0.12215352,-0.06701361,-0.01053137,0.1264754,-0.005845003,-0.090516455,-0.055631652,0.019036938,0.025831103,0.055214375,0.04979232,-0.052518904,-0.056980662,-0.110433266,-0.053752594,0.009104326,0.033444766,-0.14865929
LUNG1-402,0.059014432,-0.004655037,-0.041376133,0.01590563,0.10570786,-0.08384914,-0.018824302,-0.13475886,0.06385438,0.078888156,0.082201764,-0.01513179,-0.15408361,0.024333946,-0.13367799,0.016964817,0.01083491,-0.08004435,0.004811935,-0.1699779,-0.08550319,0.011276901,0.09159234,0.044882342,0.072421245,0.10486756,-0.098808035,-0.05691891,-0.06516536,0.06169232,-0.012489881,-0.06965602,0.03772762,0.091910966,0.025895774,-0.05325768,-0.06312925,-0.0005326569,0.0066206474,0.04228135,-0.09980707,0.029941231,-0.0060835667,0.05708112,0.022418153,-0.025961945,0.003197465,0.14501426,-0.16571286,0.0024186224,0.08055535,0.031091914,0.06912925,-0.12047842,-0.05426426,-0.010117844,0.12688474,-0.028303755,-0.016273879,0.17385885,-0.066204086,-0.029461503,-0.072487794,-0.09859778,0.012337649,-0.056701683,-0.018262036,0.15638861,-0.07533056,0.14458838,-0.10812776,0.23029125,0.06214809,0.12329403,0.10001407,-0.052286454,0.018215649,-0.010441504,0.058372736,0.063973814,0.045238286,0.0998695,-0.027454447,-0.017554611,0.104828715,-0.1250245,-0.06058915,-0.081445485,0.077164836,-0.13864341,0.09965811,0.089167416,0.11686428,-0.09600219,-0.0008752439,-0.092876166,-0.03357414,-0.008520644,-0.0050676614,0.07648676,-0.036735542,-0.07356324,0.028279386,0.063168965,0.09985578,-0.072548285,0.04491309,-0.050525606,-0.13525365,0.055166706,-0.065604724,-0.10508661,-0.011710264,0.16299726,0.06661731,-0.12250049,-0.011661027,0.045602858,0.020440169,0.10286738,0.07932614,-0.07442029,-0.07441972,-0.13047105,-0.0457025,0.019647654,0.071536094,-0.085407645
LUNG1-403,0.0023138877,0.034798387,-0.09897624,-0.045409903,0.07322852,-0.039993413,-0.0828552,-0.22652996,-0.016232237,0.15039214,0.036325917,-0.02125528,-0.1429472,0.00022667646,-0.086624175,0.017672827,0.06017089,-0.06549913,0.027692154,-0.12356995,-0.14055671,0.069368094,0.16764645,-0.07562209,0.029189467,0.083661996,-0.17191426,-0.031727552,-0.065938644,0.025820743,-0.040889096,-0.06272753,0.10886945,0.10511668,-0.07551238,-0.0693522,-0.059370015,0.0053499695,0.04252064,-0.015190691,-0.08007563,0.009660203,0.012744278,0.06608077,0.027029648,-0.029639615,0.013637997,0.16566622,-0.098604076,0.06690999,-0.010633357,0.013416953,0.11281866,-0.042488705,-0.008138852,-0.052908134,0.13032801,-0.027644178,-0.025044072,0.14620627,-0.11113362,0.0017136112,-0.13967673,-0.13629532,0.054464504,0.04396813,0.007552296,0.22036362,-0.07507464,0.16606635,-0.09194703,0.25563186,0.025177587,0.09036543,0.12166561,-0.060996987,-0.05473738,0.006369305,0.019182498,0.08847229,0.027179342,0.07295307,-0.050365474,0.053196862,0.07747835,-0.09651412,-0.13423023,-0.032355882,0.097200304,-0.09209454,0.11762057,-0.02575502,0.050733466,-0.18172827,-0.05117663,-0.11655642,0.053540073,0.00851633,-0.022320513,0.08612656,0.0051335515,-0.066856705,0.057509266,0.014621887,0.059312616,-0.049353436,0.0031762756,-0.077063106,-0.029077943,0.07526603,-0.17149417,-0.06909656,-0.01850047,0.123113796,-0.0128917545,-0.1151992,-0.047652267,0.024506204,0.055368308,0.049641483,0.09951453,-0.07613823,-0.038436864,-0.08981424,-0.020611558,0.019794993,0.075128704,-0.18000731
LUNG1-404,0.02469904,0.050093938,0.0034674443,-0.09648388,0.14175309,-0.07251215,0.043306813,-0.06652587,0.1467842,0.14565274,0.13465667,0.028742582,-0.14160283,-0.060850978,-0.09249039,-0.06756225,-0.034547977,-0.1048192,0.09507832,-0.0701856,-0.0280593,0.14604834,0.14571822,0.09477911,0.0728861,0.17382646,-0.11643791,-0.00031596422,-0.023552649,0.09305021,0.03705945,-0.021454904,0.070642404,0.15499876,0.02991829,-0.017809555,0.013635021,0.030009788,0.12908188,-0.0107386075,-0.110704646,0.01678972,-0.029202295,0.05574385,0.069089174,-0.088858604,-0.0077960696,0.1851984,-0.03661267,0.06387532,0.0327576,0.07778628,0.07085734,-0.15882877,-0.04102705,0.011220261,0.13646848,-0.0128350295,0.047078613,0.10204446,-0.050574895,-0.050910868,-0.12221142,-0.06267115,0.032638703,0.08435118,0.010433741,0.056485057,-0.17711854,0.18823203,-0.08921183,0.17728987,0.060229365,0.09128006,0.07739336,-0.17648312,0.070033506,-0.0016063126,0.078581326,-0.027361618,0.05329615,0.1346541,-0.07515338,0.032737747,0.107251264,-0.1365714,-0.045122564,-0.10342982,0.034037072,-0.17055696,0.1125894,0.11409969,0.014473908,-0.021652848,0.053117454,-0.10827757,0.006563587,-0.07367016,0.07173034,0.11768377,-0.07165945,-0.058965366,-0.045360774,0.060532734,0.13544983,0.039921246,-0.0148385465,-0.1101238,-0.18922901,0.10280707,0.0050297603,-0.09648822,-0.0023281425,0.16988456,-0.023332287,-0.10256477,-0.07945511,0.06764689,0.09465326,0.097971395,0.07159576,-0.031534385,-0.06697644,-0.015909908,0.0023553409,0.013716567,0.040215127,-0.0396834
LUNG1-405,0.024758708,0.06691547,-0.03847205,-0.002665989,0.0732342,-0.043143712,-0.013598673,-0.13276964,0.0580222,0.102774486,0.07806442,-0.037960503,-0.1390389,-0.061247744,-0.107888624,-0.016989512,-0.016517071,-0.067402825,0.04793837,-0.17981291,-0.06696673,0.037320144,0.0689382,0.011760822,0.0037209392,0.11297589,-0.09159627,-0.062844194,-0.05321879,0.045061573,-0.045468964,-0.008184485,0.06090188,0.05480604,-0.082811184,-0.101735555,-0.014863733,0.009887644,0.05081646,-0.03670698,-0.039484404,-0.004530262,-0.028537901,-0.0059968904,0.0034993999,-0.015306367,-0.007928595,0.12147324,-0.06694465,0.081061155,0.010522418,0.018925508,0.07714105,-0.10526244,-0.08156456,-0.008164059,0.10883247,-0.028472522,0.0058728233,0.10835546,-0.070137866,-0.026149761,-0.1431456,-0.14637698,-0.025210159,0.0075312443,-0.047806866,0.12039022,-0.12723991,0.15540317,-0.091351606,0.20727849,0.0658478,0.058387674,0.11574179,-0.07161845,0.011838586,0.050342448,0.04732359,0.076011114,0.040058237,0.12765926,-0.048883833,0.091398425,0.09525456,-0.12720683,-0.058014836,-0.0031654984,0.002799213,-0.12151182,0.05805323,0.046572775,0.082938276,-0.080691725,-0.04279358,-0.07878206,0.048694156,-0.08034128,0.07624911,0.043930743,-0.041940726,-0.028680025,0.0036011972,0.04757962,0.0734505,0.0092827715,0.07087219,-0.058143444,-0.11953658,0.10277127,-0.09748554,-0.07915433,-0.039122105,0.16221058,-0.032383952,-0.13269246,-0.06487975,0.025273278,0.04357438,0.07916577,0.03486774,-0.07716938,-0.04320116,-0.106345735,-0.10772603,-0.006499961,0.033717796,-0.06125507
LUNG1-407,0.0779899,0.03457066,-0.11005187,0.013025116,0.08852207,-0.107190736,-0.1179646,-0.18795918,0.0007446967,0.12849897,0.039332304,-0.039083138,-0.21092343,-0.020009927,-0.14842373,-0.02427502,0.018426962,-0.11174834,0.00010847673,-0.21199068,-0.12555166,0.047584265,0.11904225,-0.011756685,0.044415034,0.06863075,-0.1329915,-0.11525897,-0.14632794,0.07228339,-0.057371948,-0.06470783,0.12664391,0.063566014,-0.040664412,-0.1348266,-0.039844863,-0.010359466,0.052014925,0.025041247,-0.07937555,0.08591861,0.03999751,0.0036936607,-0.0011441372,-0.049071137,-0.01929541,0.19685689,-0.13953994,0.099129535,0.024217159,0.0007037036,0.095387876,-0.07711906,-0.04563215,0.07497652,0.15875666,-0.016892556,0.05503357,0.07895018,-0.14949176,0.007125199,-0.15958217,-0.115852855,0.04023946,-0.04751458,-0.04038533,0.17733744,-0.13515331,0.12795009,-0.09431267,0.25006703,0.06851819,0.09797891,0.11035985,-0.015446499,-0.024925116,0.02183971,0.034768347,0.09283532,0.06234026,0.13786823,-0.011900783,0.007947132,0.12955385,-0.13695653,-0.09184013,-0.015093409,0.040338736,-0.095273785,0.07711003,0.13129237,0.060959335,-0.10444111,-0.113541976,-0.081306994,0.07816927,-0.053341597,0.054093506,0.11211649,0.011901755,-0.13169323,-0.0036116242,0.068290666,0.05698759,-0.0883417,-0.054095946,-0.08496079,-0.10804684,0.144995,-0.10381004,-0.093046024,-0.03692107,0.22273329,-0.06957232,-0.18173099,-0.0808762,0.019195158,0.03103609,0.027782643,0.06892224,-0.0055102445,-0.045983285,-0.11670728,-0.08698864,0.0139555745,0.021878477,-0.06761849
LUNG1-408,0.019337077,0.029267669,-0.09964946,0.0058132857,0.07989999,-0.059017945,-0.027122758,-0.16451104,0.016871244,0.09133322,0.07179777,-0.05073656,-0.09396506,-0.028892815,-0.13331944,0.03925042,0.06516976,-0.08000841,0.053802,-0.14431429,-0.10443471,0.027974568,0.09634758,-0.018166583,0.0680153,0.0920348,-0.11020124,-0.035890937,-0.076796606,0.049395524,0.002881555,-0.06194707,0.08497516,0.050462194,-0.07399132,-0.06990258,-0.046623934,0.0017349571,0.04952003,-0.013376646,-0.06427274,-0.002309557,0.04106655,0.11602936,0.00070611574,-0.007762988,0.019955501,0.19088829,-0.12905712,0.04790049,-0.027945101,0.004335355,0.09685569,-0.09754115,-0.039376996,-0.043161876,0.11925299,0.009525955,-0.018021915,0.11198005,-0.06935158,-0.058770828,-0.14743459,-0.121194616,0.01165507,-0.00025071763,-0.013986319,0.19878921,-0.06363224,0.14376572,-0.14092878,0.24220902,0.024652299,0.078531995,0.11919924,-0.030936368,0.008153339,-0.0025097206,0.06411801,0.10217577,0.042200692,0.11371416,-0.050323732,0.0075465664,0.05765616,-0.086302735,-0.11679145,-0.03513418,0.09368652,-0.13543251,0.0905294,0.009301672,0.08899692,-0.10367762,0.030224277,-0.12293913,-0.016657429,-6.8385154e-05,0.015485919,0.07346975,-0.029319685,-0.06470787,0.041946486,0.058362037,0.05058931,-0.027877398,0.013043176,-0.05958497,-0.09276307,0.07999645,-0.11415058,-0.064097166,-0.018814739,0.14952272,-0.020934355,-0.12172543,-0.023922103,0.034042783,0.04041709,0.10395339,0.0209136,-0.09459938,-0.055838946,-0.08560471,-0.035913102,0.0018991977,0.046832766,-0.1697266
LUNG1-409,0.042992733,-0.012663014,-0.051036686,0.02669214,0.07210768,-0.08042839,-0.012198955,-0.10807814,0.0633041,0.037963297,0.07398867,-0.041925725,-0.11392012,0.033593148,-0.15080842,0.03638098,0.006788699,-0.048758328,0.04770238,-0.13840228,-0.12919426,-0.0035295188,0.08764781,0.015146529,0.061414763,0.08110917,-0.07288645,-0.013071559,-0.07042042,0.054390207,0.001401484,-0.07166525,0.06294124,0.07772786,0.020833082,0.01251483,-0.0788593,0.014018032,0.017759655,0.041453905,-0.089088686,0.03578522,0.0038232394,0.09740754,0.00089569576,-0.0058171786,-0.007913118,0.11184442,-0.12880541,0.026340086,0.080819696,0.020518003,0.09964475,-0.09566241,-0.042889368,-0.06559802,0.14721918,-0.031669393,-0.044623774,0.117432624,-0.05099486,-0.0043195076,-0.037276726,-0.10141815,0.039917283,-0.026761092,0.019535601,0.16335642,-0.06773056,0.11903044,-0.102160394,0.18030356,0.06389943,0.11144655,0.09240016,-0.01814735,0.016354756,0.0210773,0.01699312,0.036778875,0.058233097,0.10225865,-0.010799043,0.020733591,0.06289351,-0.109605834,-0.08305047,-0.07750951,0.10840387,-0.1836007,0.110063806,0.045260757,0.10152111,-0.074272856,0.04741298,-0.0874984,-0.019249514,-0.020796087,-0.0110083,0.063007936,-0.035008226,-0.075802535,0.025168382,0.046146832,0.05838404,-0.06681719,0.048197262,-0.024920251,-0.14855242,0.047393464,-0.06069447,-0.08969953,0.024855837,0.11313053,0.07140292,-0.08357922,-0.0024447814,0.06037631,0.031517718,0.1042511,0.0351606,-0.04419609,-0.097823106,-0.10337704,-0.06459728,0.023336072,0.082906745,-0.09132617
LUNG1-410,-0.032966796,0.047160763,-0.043802314,0.024436623,0.009128772,-0.01638383,0.018814452,-0.12029691,0.027476922,0.098359056,0.045919135,-0.030610614,-0.10144438,0.05241388,-0.03995445,0.009819978,-0.005484803,-0.01343976,0.039972715,-0.09059164,-0.05491399,0.08522332,0.09656963,0.002229996,0.054806005,0.064108364,-0.07135467,-0.0048778057,-0.023667537,0.007649917,0.013952438,-0.041041903,0.07376001,0.106208846,-0.06908288,-0.018057145,-0.052766252,0.03303877,0.028922945,-0.016288713,-0.07141534,-0.034288995,-0.036717493,0.021708362,-0.041627582,-0.014293026,-0.0154299475,0.06604576,-0.06375009,0.08776635,0.019046135,0.06555376,0.052625693,-0.061929062,-0.05530037,-0.06243667,0.09236568,-0.06355145,-0.0122036,0.11461829,-0.038117677,0.028450396,-0.06577235,-0.10421489,0.008897476,0.057155944,-0.0059831105,0.08332446,-0.08719623,0.094597444,-0.08573305,0.15216339,-0.013917273,0.052280184,0.06959593,-0.10604139,0.036493767,0.049884453,0.024008833,0.002423901,0.037337713,0.048161358,-0.060019277,0.100004435,0.088053346,-0.029352296,-0.0657434,-0.013511197,0.084323935,-0.11308798,0.10515711,-0.025398344,0.07637741,-0.1403491,0.057805166,-0.06400958,0.005135145,-0.06499336,0.05301497,0.08715233,-0.019813053,-0.039775066,0.024435813,0.044053834,0.10577431,0.0075099245,0.041304417,-0.072045304,-0.0739232,0.10439274,-0.12570968,-0.1038059,0.021842785,0.11951196,-0.024706941,-0.094138436,-0.09047348,0.07913484,0.04161151,0.06558941,0.017807975,-0.037706308,-0.035380706,-0.06128997,-0.048354562,0.049485356,0.06485099,-0.10772573
LUNG1-411,-0.017736733,0.009637473,-0.046611235,0.08675141,0.039231457,-0.01713638,0.02925134,-0.1633927,0.002314821,0.12979528,0.059748776,0.023210436,-0.115033045,0.012985587,-0.053744756,-0.011669493,-0.04508266,-0.0012830403,0.054338563,-0.09026974,-0.03557734,0.06696979,0.1355509,0.032994144,0.06244349,0.045508493,-0.057496116,-0.022237755,-0.055841383,0.07299535,0.013417156,-0.13309541,0.07918951,0.07972173,-0.03128142,0.037362337,-0.0144888535,0.05561588,0.0010997355,0.018274354,-0.084029704,-0.016969685,0.0039355867,0.016651161,-0.039986927,-0.06908178,-0.014131604,0.07670167,-0.008572325,0.035325307,0.10361661,-0.013436854,0.078506574,-0.0666652,-0.07230586,-0.0027618185,0.07345928,-0.020274162,-0.024168756,0.06199984,-0.102237605,0.017235702,-0.06555335,-0.124581516,0.037368566,-0.033247218,0.0027281381,0.11207036,-0.052530397,0.10669118,-0.11574517,0.153716,0.031061579,0.018192142,0.11547375,-0.08842687,0.033422954,0.032706287,0.006193679,0.008234605,0.034611553,0.02583443,-0.042450167,0.13232996,0.08849099,-0.053813107,-0.0858856,-0.035173737,0.073677585,-0.14834598,0.078483246,-0.04705652,0.058680926,-0.06211931,-0.04604251,-0.046897188,0.053807035,0.0040762424,0.04021587,0.096425235,0.038884427,-0.104769595,0.021254975,0.078128524,0.12648255,-0.018732436,0.116864845,-0.055296943,-0.06483002,0.14690927,-0.121810436,-0.10464502,-0.004854638,0.05524366,0.08243291,-0.11210257,-0.087998256,0.036403082,0.055193275,0.09997258,0.067724675,0.01449208,-0.088549845,-0.06449557,-0.074439615,0.030356467,0.10136825,-0.029141318
LUNG1-412,0.02246175,0.02989822,-0.047275655,-0.01587496,0.10482133,-0.071750775,-0.0016742125,-0.16467077,0.08324015,0.07110592,0.085691966,-0.042671353,-0.11631456,-0.013646223,-0.1339013,0.017634418,-0.028425384,-0.11188874,0.05261656,-0.118361145,-0.095748745,0.061697356,0.1298841,0.08630732,0.04018412,0.14454052,-0.17398347,-0.040697664,-0.019216418,0.06879692,-0.004570331,-0.05932582,0.03583028,0.13994363,-0.03777928,-0.052418157,-0.06725721,0.0028533004,0.08578205,-0.008344367,-0.08676539,0.04563248,0.07616544,0.06370063,0.07521444,-0.055735633,0.044521675,0.11140704,-0.107855156,0.041336596,0.016043399,0.0020479858,0.035032924,-0.11785877,-0.017390255,-0.023014098,0.15277955,-0.050375015,0.008713942,0.14150894,-0.06885614,-0.055709235,-0.13137482,-0.06863221,0.0022281595,-0.01831654,0.01253666,0.17213133,-0.14628121,0.1481067,-0.08480424,0.22722098,0.058321867,0.13720044,0.13220793,-0.103183255,-0.033088725,-0.014546474,0.011806643,0.037676632,0.016264115,0.073494986,-0.0878773,-0.035026036,0.09545806,-0.081120625,-0.07958353,-0.07042052,0.09551774,-0.09683122,0.07399588,0.07287514,0.059143543,-0.054207914,0.0042363405,-0.045764294,0.020474449,-0.014314214,0.060388062,0.10461674,-0.06977593,-0.00714238,0.05945078,0.05073258,0.11036334,-0.04742535,0.023389004,-0.108370565,-0.17014073,0.04929547,-0.04431408,-0.0723051,-0.030477941,0.123709574,0.013316045,-0.1610825,-0.04878262,0.063762374,0.046389773,0.085617036,0.06562552,-0.1045343,-0.027103797,-0.03790555,-0.042426094,0.024899185,0.05677002,-0.10829993
LUNG1-413,0.0784507,0.057633087,-0.13025446,-0.008753225,0.10138013,-0.12333104,-0.10999999,-0.25878352,0.0033892281,0.14245033,0.04670488,-0.015520949,-0.1335465,-0.03763117,-0.10560894,-0.008049384,0.083890244,-0.101063736,0.03883408,-0.15711987,-0.15032603,0.086024776,0.17676428,-0.052505612,0.052625276,0.07556002,-0.20100693,-0.06946295,-0.09188913,0.07685189,-0.06929811,-0.102190256,0.13090998,0.11744557,-0.054498546,-0.07738249,-0.07079918,0.031755876,0.047968365,0.004831749,-0.08841619,0.077500455,0.0053385496,0.12041866,0.05791118,-0.0928777,0.017315706,0.19506037,-0.08181687,0.059441794,0.02458598,0.031075438,0.094997264,-0.060994264,-0.010475207,0.021022387,0.1544101,-0.014527909,0.02831496,0.1451263,-0.17647228,-0.010272194,-0.16367552,-0.104976736,0.07889649,-0.031668514,0.0025389567,0.2627639,-0.08585211,0.14464608,-0.13663587,0.292914,0.06285736,0.11491824,0.15456352,-0.05743296,-0.0682567,-0.020290662,0.056931496,0.08140305,0.009970151,0.09747468,-0.013484187,-0.044010364,0.114702374,-0.10884653,-0.1789025,-0.03715925,0.07318256,-0.0999171,0.086250916,0.018549088,0.019817606,-0.16202879,-0.10561572,-0.10971797,0.07879213,0.01179412,-0.046297073,0.064580955,0.005906099,-0.1350371,0.05277869,0.03499124,0.07644148,-0.091857344,-0.015166543,-0.04401955,-0.05250977,0.07998566,-0.124967396,-0.08094741,-0.043432526,0.16983499,0.03201048,-0.2015688,-0.064261355,0.02116317,0.025962356,0.021356106,0.100851685,-0.033732317,-0.06627693,-0.06481528,0.013704039,0.0229447,0.08485374,-0.12652159
LUNG1-414,0.059692353,0.048734643,-0.07762045,0.008652814,0.09025234,-0.032817554,-0.040519968,-0.1262506,0.027914714,0.051250994,0.055650994,-0.05107361,-0.14354505,-0.019733645,-0.102136575,-0.06279166,0.025149256,-0.07957994,0.07398361,-0.16836113,-0.11925222,0.07939923,0.11574494,0.0025211219,0.008068696,0.10107072,-0.093637496,-0.038563915,-0.04518883,0.05163249,-0.018564861,0.011875957,0.04806206,0.11814037,-0.033563223,-0.05355052,-0.09851371,0.008841884,0.047794603,-0.02069923,-0.061374523,-0.010191478,0.024453998,0.04021693,0.03867875,0.014794596,0.0036504967,0.07807708,-0.053954646,0.07045555,-0.042789653,-0.0065880604,0.04252635,-0.06891673,-0.0783931,-0.0036240295,0.12410797,-0.0005415268,0.06647161,0.08479284,-0.02676545,0.04998824,-0.165997,-0.11825315,-0.010699408,0.04133645,-0.016782679,0.123978265,-0.12707902,0.12408702,-0.09853593,0.20239499,0.099282295,0.070351735,0.1138253,-0.0399909,0.051672623,0.049597107,0.059550833,0.07020343,0.042837996,0.087502,-0.0451811,0.07551663,0.11543979,-0.13902095,-0.095521405,-0.03447113,0.033779707,-0.12009823,0.09199167,0.03919783,0.047583494,-0.11981376,-0.004127376,-0.09296058,0.041276067,-0.0980935,0.09708094,0.0989381,0.013637518,-0.10750446,0.047568917,0.0684166,0.05879138,-0.004469309,-0.012814663,-0.109748274,-0.12243435,0.09297387,-0.07748234,-0.104356885,-0.004654344,0.20346886,-0.04759516,-0.17902538,-0.05580219,0.08831463,0.048326455,0.086893946,0.010446362,-0.03567098,-0.001910828,-0.08385653,-0.07923151,0.0046195164,0.046298996,-0.075922325
LUNG1-415,0.0144131,0.02531606,-0.04458373,-0.010478035,0.048823997,-0.013735559,-0.018910058,-0.15624925,0.06608094,0.05265319,0.072514474,-0.053017773,-0.13657838,-0.022830889,-0.11052142,-0.01633505,0.0009316867,-0.08241545,0.07531923,-0.12695442,-0.10371986,0.06763878,0.13134295,-0.010889761,0.045034237,0.10395633,-0.13784657,0.002766423,-0.03165398,0.054941583,0.015896877,-0.031360656,0.047376905,0.101448126,-0.04355936,-0.040031873,-0.08808716,0.04432798,0.03146685,-0.0066841245,-0.0485482,-0.0016560182,0.041773766,0.07316302,0.056052014,-0.01904662,0.025515504,0.09764716,-0.057571195,0.04233221,-0.008100346,-0.008589432,0.04977896,-0.07024266,-0.03695064,-0.030888356,0.11294731,-0.018646084,0.030886758,0.12695408,-0.05317684,-0.006533377,-0.158136,-0.09585681,0.022527177,0.045759853,-0.009938296,0.1258677,-0.09784247,0.13135207,-0.12154911,0.19708869,0.031803336,0.08643168,0.14858054,-0.09750568,0.02846678,0.007068777,0.05330283,0.030903123,0.031626582,0.054884553,-0.07647902,0.04256595,0.07927582,-0.070491515,-0.07909335,-0.033057146,0.10864207,-0.1100325,0.087720506,-0.0019314531,0.033949416,-0.11240297,-0.00020047836,-0.06485922,0.010845223,-0.029907564,0.040557057,0.07124056,-0.022547958,-0.06143621,0.08157361,0.06777684,0.07486871,0.0015003271,0.01191213,-0.09018229,-0.0851969,0.085305616,-0.084588915,-0.069151804,-0.018236138,0.12350783,0.00093146786,-0.1251147,-0.038966253,0.052473575,0.05521603,0.090885304,0.029431455,-0.08917911,-0.003034383,-0.096472695,-0.069352165,0.0137433335,0.05447182,-0.110180944
LUNG1-416,0.052834116,0.01708155,-0.14051664,0.015492175,0.085099064,-0.12995446,-0.13373992,-0.22772983,0.008077376,0.11987246,0.06980686,-0.014097296,-0.067181334,-0.016958535,-0.12561482,0.032519184,0.083212025,-0.098128185,0.05524806,-0.1507358,-0.16648799,0.01937256,0.1541425,-0.06728496,0.051211238,0.06914225,-0.15128078,-0.048867896,-0.114670575,0.061420858,-0.057025664,-0.0899225,0.1026024,0.06989785,-0.06807612,-0.027674302,-0.059673138,0.013158164,0.03900941,0.023683647,-0.113617435,0.056887984,0.0372604,0.16106272,0.013048261,-0.04081232,0.029326018,0.21595195,-0.1543945,0.06883288,0.039988607,0.025913322,0.123389795,-0.070760995,-0.01778036,-0.030946523,0.16273576,-0.0077825338,-0.032730058,0.1308802,-0.18146566,-0.038253307,-0.09080333,-0.14428593,0.096053,-0.07721635,-0.0015165582,0.29276368,-0.080482826,0.15722114,-0.11684495,0.30270344,0.042660426,0.14157379,0.13999525,-0.010993332,-0.055652797,0.00533563,0.046483148,0.1133371,0.035016034,0.1481768,0.00054335594,-0.060396604,0.075213656,-0.12001763,-0.13025011,-0.058719657,0.086824805,-0.12674832,0.08664185,-0.021221234,0.084743574,-0.14224854,-0.077338904,-0.15593848,0.031674393,0.03208052,-0.07180571,0.047557388,-0.039817154,-0.13114992,0.021238662,0.047496993,0.031686097,-0.09750587,0.00048673898,-0.022923332,-0.06748624,0.044563293,-0.12466124,-0.07263412,-0.01891252,0.1462011,0.01904211,-0.1453065,-0.009195652,-0.0012915283,0.014858815,0.056833267,0.091890775,-0.044987526,-0.07727699,-0.09952636,-0.02278753,-0.0029318854,0.081509486,-0.16956553
LUNG1-417,0.048164077,-0.0066707134,-0.077458605,-0.06194567,0.11658761,-0.09385684,-0.04836697,-0.20049578,0.011692828,0.16949493,0.12891677,-0.0060233697,-0.09625568,0.15454066,-0.100907825,-0.048567172,-0.088072695,-0.043529928,0.06161794,-0.11972223,-0.16018122,0.114185065,0.1972743,0.03586817,0.023264319,0.17428213,-0.25282747,0.024897628,0.0045700744,0.12889805,-0.04093476,-0.093909755,0.044888694,0.19588676,-0.020246867,-0.101598345,-0.09766018,0.07050417,0.17070904,-0.016816515,-0.17290983,0.08876743,0.046024956,0.05003728,0.0264153,-0.1137,-0.024842136,0.02635837,-0.045106467,0.15692031,0.024727218,-0.025391683,0.036486097,-0.1205035,-0.020304553,-0.050715737,0.19004542,-0.12908308,0.0725425,0.10691928,-0.1424084,-0.070522584,-0.154135,-0.04420186,0.023673683,-0.037158966,-0.031520545,0.1400277,-0.16003363,0.18103352,-0.020506442,0.14180169,0.15146056,0.10729742,0.089854866,-0.16523457,-0.04488487,0.06700771,-0.09381144,0.049997672,-0.046640888,0.16194473,-0.006870188,0.0508253,0.12711322,-0.09631089,-0.086515814,-0.05475915,0.10624574,-0.07771631,-0.0043026432,0.039740942,0.013278373,-0.033085957,-0.07405976,-0.0027697673,0.12660077,-0.0157849,0.09012607,0.15098128,-0.055317864,-0.051403653,0.05228034,-0.09453454,0.11478347,-0.068452984,-0.007317506,-0.116253525,-0.09177097,0.047937784,-0.00410977,-0.048492346,-0.010761701,0.13459863,0.06609698,-0.23699255,-0.11724456,0.11524914,0.08417046,0.02559713,0.13463655,-0.009358566,-0.08716494,-0.0172106,-0.06333025,0.047819227,0.06823994,-0.047618598
LUNG1-418,0.010573607,0.06549387,-0.030859178,-0.016395591,0.08507572,-0.06047739,-0.003443852,-0.17407948,0.008860634,0.13169001,0.05413179,-0.013846807,-0.1383114,0.011068359,-0.06131858,-0.0063526453,0.0082829185,-0.017184835,0.011752278,-0.12760872,-0.11668438,0.057069704,0.13432707,-0.021294255,-0.005099252,0.09348974,-0.12265453,-0.037610777,-0.056536585,0.04026717,-0.06367144,-0.060522787,0.056415185,0.12791668,-0.0682042,-0.057997428,-0.055486113,0.012241227,0.055654526,-0.015630182,-0.07746745,-0.030113706,-0.025551619,-0.00601748,-0.018141225,-0.061635785,-0.018529184,0.094343066,-0.07173516,0.09350619,0.04118267,0.021529982,0.07270246,-0.082446024,-0.031233681,-0.013170805,0.11673007,-0.07293101,-0.009983037,0.1354317,-0.07449322,-0.0029838048,-0.10557459,-0.11023151,-0.0027517816,0.024999335,-0.015775189,0.12608826,-0.11469047,0.15969452,-0.08726511,0.19221604,0.06052194,0.06994288,0.10134231,-0.09462327,-0.029494941,0.024429148,-0.010303172,0.036800995,0.029632013,0.08420924,-0.06028544,0.08220738,0.08321777,-0.07047161,-0.11683075,-0.036068633,0.06782019,-0.08530486,0.07550208,0.023080003,0.08356232,-0.11267732,-0.04857841,-0.046128698,0.0716269,-0.040401183,0.04380492,0.069605164,0.00889821,-0.047955148,0.033072226,0.0200264,0.08800636,-0.004808165,0.06715935,-0.06559191,-0.07926213,0.06534314,-0.1410858,-0.06854115,0.00028113648,0.14853816,0.028923996,-0.13261543,-0.072432235,0.037514657,0.043035947,0.060842264,0.09593245,-0.079218246,-0.025501154,-0.07408471,-0.070483476,0.033630855,0.09236157,-0.120898604
LUNG1-419,-0.027002092,-0.08533474,0.023690484,0.08009485,0.09067235,-0.11166403,0.030641545,-0.120001644,0.076662,0.12892431,0.12699324,0.0653006,-0.2104023,-0.010714367,-0.09284861,0.051057156,-0.04712955,0.024170138,0.009522429,-0.081190735,-0.005833065,0.08022243,0.10229197,0.033545785,0.091576144,0.05716849,-0.032907534,-0.091092445,-0.03714533,0.05845303,0.07777046,-0.14328794,0.09637865,0.036155306,0.0122976415,-0.013203513,0.051706295,0.08570717,-0.019423189,0.042360887,-0.038511742,-0.016332917,0.0061254203,0.025230747,-0.023822175,-0.12234037,-0.032345016,0.21956462,-0.06361248,-0.007716976,0.17845619,0.02688347,0.15201,-0.05064483,-0.09786098,0.007978521,0.10983644,-0.01120517,-0.018327065,0.122166924,-0.12972085,-0.024357595,-0.06378871,-0.14584598,0.044603027,-0.018150501,0.037834104,0.06124582,-0.07903851,0.15030861,-0.152132,0.21489275,0.0239822,0.046647895,0.11140235,-0.050699648,0.07919991,0.041097425,0.05166007,-0.010350034,0.09323377,0.10561589,-0.07934915,0.1524266,0.059204537,-0.110679746,0.04040566,-0.119273975,0.0592701,-0.2435948,0.1295403,0.054682508,0.08469172,-0.066409804,0.053771105,-0.11387563,0.0011212146,0.03004421,0.04650019,0.104729764,0.001779717,-0.069971,-0.04214856,0.11135131,0.110787824,-0.028361395,0.17221266,-0.017187946,-0.06307757,0.21517485,-0.10357855,-0.14872141,0.053269535,0.09865759,0.074057475,-0.0041964464,-0.15817733,0.011195645,0.009412993,0.15852079,0.06699586,0.020009845,-0.10826184,-0.13051201,-0.07875959,0.027128723,0.18317983,-0.03201206
LUNG1-420,0.028486017,0.04695431,-0.022337392,-0.007694602,0.089532234,-0.02268909,0.025735825,-0.10448368,0.046374425,0.050460495,0.09360225,-0.060159467,-0.13176554,-0.06261988,-0.09650808,-0.042310447,0.019766957,-0.09245828,0.021843415,-0.1530128,-0.08978319,0.063595064,0.12359177,0.049193993,0.029889792,0.12629524,-0.1120031,-0.0262139,-0.052865077,0.010704579,-0.0011047693,-0.007145833,0.03331507,0.08888026,-0.033173412,-0.05044494,-0.06552146,-0.0007831827,0.06303794,-0.01277905,-0.026670385,-0.01672794,0.0294867,0.027742859,0.053197145,0.0016562529,0.012424154,0.107269816,-0.072491825,0.03910395,-0.004664287,0.021101717,0.019741192,-0.06819028,-0.041814286,-0.023100521,0.10155645,-0.034061313,0.026281472,0.10133638,-0.010532987,-0.01846265,-0.1875845,-0.11884023,-0.016762402,0.026803669,-0.00810812,0.10179426,-0.15671177,0.1293456,-0.10586582,0.18193653,0.03116953,0.063663825,0.12870942,-0.05929177,0.021048782,0.0360869,0.07168679,0.041402273,0.035103712,0.06473787,-0.09570811,0.042074744,0.1085859,-0.081053644,-0.089409426,-0.050955597,0.061364003,-0.09794267,0.113747045,0.055016965,0.05096592,-0.06297289,-0.0067430288,-0.05968827,0.027262334,-0.036304533,0.08055043,0.081090905,-0.030677944,-0.035346393,0.055054866,0.0763163,0.07905746,0.012219954,0.012830816,-0.111260295,-0.13669968,0.0791386,-0.07860414,-0.10194375,-0.038889095,0.15755424,0.0011502597,-0.18044192,-0.04552415,0.089573085,0.035420157,0.09431671,0.03294518,-0.07550974,-0.026346136,-0.057412352,-0.06834067,0.010759488,0.06347791,-0.07214559
LUNG1-421,-0.031768594,0.03832866,-0.09529865,-0.034451194,0.074486025,0.017442293,-0.05077567,-0.20816782,-0.0035720356,0.11627613,0.034742143,-0.009027235,-0.150497,0.04494361,-0.08528164,0.00897173,0.0220397,-0.07138364,0.06580721,-0.1329442,-0.1084979,0.09191461,0.16775861,-0.06199839,0.020799883,0.12240012,-0.18595475,0.005340077,-0.021813978,0.030043017,0.0039450685,-0.034114506,0.086086765,0.122620866,-0.079937026,-0.1100206,-0.058175497,0.044309396,0.060246594,-0.021952927,-0.060648143,0.022351682,-0.0031060278,0.06088616,0.009282887,-0.017136877,0.023408173,0.10939123,-0.06529494,0.06320349,-0.039229423,-0.0044300146,0.07111026,-0.034817494,-0.027623037,-0.06581256,0.13107225,-0.015560541,0.01700991,0.14980812,-0.111614846,-0.0039236695,-0.1483861,-0.11327653,0.023160953,0.07046823,0.025251359,0.18369237,-0.07064287,0.1788111,-0.11202321,0.1936587,0.05711082,0.07579299,0.14172445,-0.1148243,-0.04694726,0.02354021,-0.01030878,0.08636218,-0.007002808,0.033114657,-0.08282298,0.08950773,0.093437806,-0.051537246,-0.110654175,-0.015338511,0.10193918,-0.06893709,0.10490044,-0.023233157,0.035551585,-0.17238036,-0.02627673,-0.07532683,0.04400752,-0.012771714,0.013110195,0.095834434,-7.528812e-05,-0.034159638,0.07753008,0.023810826,0.08473157,-0.05129213,0.02196087,-0.09796423,-0.055826053,0.10736969,-0.1320558,-0.072703995,-0.022453092,0.120443374,-0.023803655,-0.12087531,-0.05803802,0.02281342,0.081027865,0.06283078,0.109292194,-0.1059641,0.008099673,-0.07991055,-0.042648137,0.027483035,0.055826403,-0.12874863
LUNG1-422,0.13900387,0.07152037,-0.12698333,-0.1065964,0.16673352,-0.16340926,0.049512263,-0.16891026,0.11749575,0.1849496,0.19293553,-0.06595755,-0.22817133,-0.052807428,-0.03289117,-0.18525118,-0.04544325,-0.05463072,0.11303879,-0.018549547,-0.046049617,0.19082326,0.099013805,0.09484917,0.10855183,0.12471521,-0.13583468,-0.12740242,-0.02044591,0.1532982,-0.07980783,-0.014359191,0.15834576,0.08549096,0.11159538,-0.074431725,0.08073446,0.05096198,-0.040743366,-0.008895831,-0.16432619,-0.028763883,0.046061315,-0.018085,0.07186589,-0.03239744,-0.05982808,0.23160464,-0.018498778,0.1590443,-0.022120133,-0.023093835,0.083544165,-0.19659492,-0.09135577,0.11520368,0.110941574,0.031358674,0.052484002,0.091869764,0.022506569,0.015052162,-0.04792248,-0.04598292,0.1425004,0.07054593,0.02648033,0.06118793,-0.17977327,0.15714751,-0.040292174,0.101719946,0.13456878,0.1045425,0.06449777,-0.13875881,0.014498855,-0.04099964,0.06258515,-0.059662394,0.065398514,0.16958794,0.06675011,0.1676211,0.14541225,-0.25834376,-0.10106761,-0.05344287,0.044533253,-0.25855047,0.06599737,0.14335924,-0.00817056,-0.12780619,0.058846824,-0.0006519351,-0.10533971,-0.1084462,0.14899914,-0.013907686,-0.053432055,-0.053403948,-0.01791184,0.13818699,0.06673193,0.04938013,0.0055675283,-0.09071141,-0.2634606,0.061829347,0.044611983,-0.020929877,-0.011099964,0.23804107,-0.09028586,-0.10691137,-0.055377573,0.16489542,0.07854955,0.12929925,-0.07713433,0.09005433,-0.113710105,0.1036695,0.075548746,-0.0013250709,0.086633414,-0.019644089
